record_id,beat_index,y_true,y_pred
100,0,0,0
100,1,0,0
100,2,0,0
100,3,0,0
100,4,0,0
100,5,0,0
100,6,1,0
100,7,0,0
100,8,0,0
100,9,0,0
100,10,0,0
100,11,0,0
100,12,0,0
100,13,0,0
100,14,0,0
100,15,0,0
100,16,0,0
100,17,0,0
100,18,0,0
100,19,0,0
100,20,0,0
100,21,0,0
100,22,0,0
100,23,0,0
100,24,0,0
100,25,0,0
100,26,0,0
100,27,0,0
100,28,0,0
100,29,0,0
100,30,0,0
100,31,0,0
100,32,0,0
100,33,0,0
100,34,0,0
100,35,0,0
100,36,0,0
100,37,0,0
100,38,0,0
100,39,0,0
100,40,0,0
100,41,0,0
100,42,0,0
100,43,0,0
100,44,0,0
100,45,0,0
100,46,0,0
100,47,0,0
100,48,0,0
100,49,0,0
100,50,0,0
100,51,0,0
100,52,0,0
100,53,0,0
100,54,0,0
100,55,0,0
100,56,0,0
100,57,0,0
100,58,0,0
100,59,0,0
100,60,0,0
100,61,0,0
100,62,0,0
100,63,0,0
100,64,0,0
100,65,0,0
100,66,0,0
100,67,0,0
100,68,0,0
100,69,0,0
100,70,0,0
100,71,0,0
100,72,0,0
100,73,0,0
100,74,0,0
100,75,0,0
100,76,0,0
100,77,0,0
100,78,0,0
100,79,0,0
100,80,0,0
100,81,0,0
100,82,0,0
100,83,0,0
100,84,0,0
100,85,0,0
100,86,0,0
100,87,0,0
100,88,0,0
100,89,0,0
100,90,0,0
100,91,0,0
100,92,0,0
100,93,0,0
100,94,0,0
100,95,0,0
100,96,0,0
100,97,0,0
100,98,0,0
100,99,0,0
100,100,0,0
100,101,0,0
100,102,0,0
100,103,0,0
100,104,0,0
100,105,0,0
100,106,0,0
100,107,0,0
100,108,0,0
100,109,0,0
100,110,0,0
100,111,0,0
100,112,0,0
100,113,0,0
100,114,0,0
100,115,0,0
100,116,0,0
100,117,0,0
100,118,0,0
100,119,0,0
100,120,0,0
100,121,0,0
100,122,0,0
100,123,0,0
100,124,0,0
100,125,0,0
100,126,0,0
100,127,0,0
100,128,0,0
100,129,0,0
100,130,0,0
100,131,0,0
100,132,0,0
100,133,0,0
100,134,0,0
100,135,0,0
100,136,0,0
100,137,0,0
100,138,0,0
100,139,0,0
100,140,0,0
100,141,0,0
100,142,0,0
100,143,0,0
100,144,0,0
100,145,0,0
100,146,0,0
100,147,0,0
100,148,0,0
100,149,0,0
100,150,0,0
100,151,0,0
100,152,0,0
100,153,0,0
100,154,0,0
100,155,0,0
100,156,0,0
100,157,0,0
100,158,0,0
100,159,0,0
100,160,0,0
100,161,0,0
100,162,0,0
100,163,0,0
100,164,0,0
100,165,0,0
100,166,0,0
100,167,0,0
100,168,0,0
100,169,0,0
100,170,0,0
100,171,0,0
100,172,0,0
100,173,0,0
100,174,0,0
100,175,0,0
100,176,0,0
100,177,0,0
100,178,0,0
100,179,0,0
100,180,0,0
100,181,0,0
100,182,0,0
100,183,0,0
100,184,0,0
100,185,0,0
100,186,0,0
100,187,0,0
100,188,0,0
100,189,0,0
100,190,0,0
100,191,0,0
100,192,0,0
100,193,0,0
100,194,0,0
100,195,0,0
100,196,0,0
100,197,0,0
100,198,0,0
100,199,0,0
100,200,0,0
100,201,0,0
100,202,0,0
100,203,0,0
100,204,0,0
100,205,0,0
100,206,0,0
100,207,0,0
100,208,0,0
100,209,0,0
100,210,0,0
100,211,0,0
100,212,0,0
100,213,0,0
100,214,0,0
100,215,0,0
100,216,0,0
100,217,0,0
100,218,0,0
100,219,0,0
100,220,0,0
100,221,0,0
100,222,0,0
100,223,0,0
100,224,0,0
100,225,0,0
100,226,0,0
100,227,0,0
100,228,0,0
100,229,1,0
100,230,0,0
100,231,0,0
100,232,0,0
100,233,0,0
100,234,0,0
100,235,0,0
100,236,0,0
100,237,0,0
100,238,0,0
100,239,0,0
100,240,0,0
100,241,0,0
100,242,0,0
100,243,0,0
100,244,0,0
100,245,0,0
100,246,0,0
100,247,0,0
100,248,0,0
100,249,0,0
100,250,0,0
100,251,0,0
100,252,0,0
100,253,0,0
100,254,0,0
100,255,0,0
100,256,0,0
100,257,1,0
100,258,0,0
100,259,0,0
100,260,0,0
100,261,0,0
100,262,0,0
100,263,0,0
100,264,0,0
100,265,0,0
100,266,0,0
100,267,0,0
100,268,0,0
100,269,0,0
100,270,0,0
100,271,0,0
100,272,0,0
100,273,0,0
100,274,0,0
100,275,0,0
100,276,0,0
100,277,0,0
100,278,0,0
100,279,0,0
100,280,0,0
100,281,0,0
100,282,0,0
100,283,0,0
100,284,0,0
100,285,0,0
100,286,0,0
100,287,0,0
100,288,0,0
100,289,0,0
100,290,0,0
100,291,0,0
100,292,0,0
100,293,0,0
100,294,0,0
100,295,0,0
100,296,0,0
100,297,0,0
100,298,0,0
100,299,0,0
100,300,0,0
100,301,0,0
100,302,0,0
100,303,0,0
100,304,0,0
100,305,0,0
100,306,0,0
100,307,0,0
100,308,0,0
100,309,0,0
100,310,0,0
100,311,0,0
100,312,0,0
100,313,0,0
100,314,0,0
100,315,0,0
100,316,0,0
100,317,0,0
100,318,0,0
100,319,0,0
100,320,0,0
100,321,0,0
100,322,0,0
100,323,0,0
100,324,0,0
100,325,0,0
100,326,0,0
100,327,0,0
100,328,0,0
100,329,0,0
100,330,0,0
100,331,0,0
100,332,0,0
100,333,0,0
100,334,0,0
100,335,0,0
100,336,0,0
100,337,0,0
100,338,0,0
100,339,0,0
100,340,0,0
100,341,1,0
100,342,0,0
100,343,0,0
100,344,0,0
100,345,0,0
100,346,0,0
100,347,0,0
100,348,0,0
100,349,0,0
100,350,0,0
100,351,0,0
100,352,0,0
100,353,0,0
100,354,0,0
100,355,0,0
100,356,0,0
100,357,0,0
100,358,0,0
100,359,0,0
100,360,0,0
100,361,0,0
100,362,0,0
100,363,0,0
100,364,0,0
100,365,0,0
100,366,0,0
100,367,0,0
100,368,0,0
100,369,0,0
100,370,0,0
100,371,0,0
100,372,0,0
100,373,0,0
100,374,0,0
100,375,0,0
100,376,0,0
100,377,0,0
100,378,0,0
100,379,0,0
100,380,0,0
100,381,0,0
100,382,0,0
100,383,0,0
100,384,0,0
100,385,0,0
100,386,0,0
100,387,0,0
100,388,0,0
100,389,0,0
100,390,0,0
100,391,0,0
100,392,0,0
100,393,0,0
100,394,0,0
100,395,0,0
100,396,0,0
100,397,0,0
100,398,0,0
100,399,0,0
100,400,0,0
100,401,0,0
100,402,0,0
100,403,0,0
100,404,0,0
100,405,0,0
100,406,0,0
100,407,0,0
100,408,0,0
100,409,0,0
100,410,0,0
100,411,0,0
100,412,0,0
100,413,0,0
100,414,0,0
100,415,0,0
100,416,0,0
100,417,0,0
100,418,0,0
100,419,0,0
100,420,0,0
100,421,0,0
100,422,0,0
100,423,0,0
100,424,0,0
100,425,0,0
100,426,0,0
100,427,0,0
100,428,0,0
100,429,0,0
100,430,0,0
100,431,0,0
100,432,0,0
100,433,0,0
100,434,0,0
100,435,0,0
100,436,0,0
100,437,0,0
100,438,0,0
100,439,0,0
100,440,1,0
100,441,0,0
100,442,0,0
100,443,0,0
100,444,0,0
100,445,0,0
100,446,0,0
100,447,0,0
100,448,0,0
100,449,0,0
100,450,0,0
100,451,0,0
100,452,0,0
100,453,0,0
100,454,0,0
100,455,0,0
100,456,0,0
100,457,0,0
100,458,0,0
100,459,0,0
100,460,0,0
100,461,0,0
100,462,0,0
100,463,0,0
100,464,0,0
100,465,0,0
100,466,0,0
100,467,0,0
100,468,0,0
100,469,0,0
100,470,0,0
100,471,0,0
100,472,0,0
100,473,0,0
100,474,0,0
100,475,0,0
100,476,0,0
100,477,0,0
100,478,0,0
100,479,0,0
100,480,0,0
100,481,0,0
100,482,0,0
100,483,0,0
100,484,0,0
100,485,0,0
100,486,0,0
100,487,0,0
100,488,0,0
100,489,0,0
100,490,0,0
100,491,0,0
100,492,0,0
100,493,0,0
100,494,0,0
100,495,0,0
100,496,0,0
100,497,0,0
100,498,0,0
100,499,0,0
100,500,0,0
100,501,0,0
100,502,0,0
100,503,0,0
100,504,0,0
100,505,0,0
100,506,0,0
100,507,0,0
100,508,0,0
100,509,0,0
100,510,0,0
100,511,0,0
100,512,0,0
100,513,0,0
100,514,0,0
100,515,0,0
100,516,0,0
100,517,0,0
100,518,0,0
100,519,0,0
100,520,0,0
100,521,0,0
100,522,0,0
100,523,0,0
100,524,0,0
100,525,0,0
100,526,0,0
100,527,0,0
100,528,0,0
100,529,0,0
100,530,0,0
100,531,0,0
100,532,0,0
100,533,0,0
100,534,0,0
100,535,0,0
100,536,0,0
100,537,0,0
100,538,0,0
100,539,0,0
100,540,0,0
100,541,0,0
100,542,0,0
100,543,0,0
100,544,0,0
100,545,0,0
100,546,0,0
100,547,0,0
100,548,0,0
100,549,0,0
100,550,0,0
100,551,0,0
100,552,0,0
100,553,0,0
100,554,0,0
100,555,0,0
100,556,0,0
100,557,0,0
100,558,0,0
100,559,0,0
100,560,0,0
100,561,0,0
100,562,0,0
100,563,0,0
100,564,0,0
100,565,0,0
100,566,0,0
100,567,0,0
100,568,0,0
100,569,0,0
100,570,0,0
100,571,0,0
100,572,0,0
100,573,0,0
100,574,0,0
100,575,0,0
100,576,0,0
100,577,0,0
100,578,0,0
100,579,0,0
100,580,0,0
100,581,0,0
100,582,0,0
100,583,0,0
100,584,0,0
100,585,0,0
100,586,0,0
100,587,0,0
100,588,0,0
100,589,0,0
100,590,0,0
100,591,0,0
100,592,0,0
100,593,0,0
100,594,0,0
100,595,0,0
100,596,0,0
100,597,0,0
100,598,1,0
100,599,0,0
100,600,0,0
100,601,0,0
100,602,0,0
100,603,0,0
100,604,0,0
100,605,0,0
100,606,0,0
100,607,0,0
100,608,0,0
100,609,0,0
100,610,0,0
100,611,0,0
100,612,0,0
100,613,0,0
100,614,0,0
100,615,0,0
100,616,0,0
100,617,0,0
100,618,0,0
100,619,0,0
100,620,0,0
100,621,0,0
100,622,0,0
100,623,0,0
100,624,0,0
100,625,0,0
100,626,0,0
100,627,0,0
100,628,0,0
100,629,0,0
100,630,0,0
100,631,0,0
100,632,0,0
100,633,0,0
100,634,0,0
100,635,0,0
100,636,0,0
100,637,0,0
100,638,0,0
100,639,0,0
100,640,0,0
100,641,0,0
100,642,0,0
100,643,0,0
100,644,0,0
100,645,0,0
100,646,0,0
100,647,0,0
100,648,0,0
100,649,0,0
100,650,0,0
100,651,0,0
100,652,0,0
100,653,0,0
100,654,0,0
100,655,0,0
100,656,0,0
100,657,0,0
100,658,0,0
100,659,0,0
100,660,0,0
100,661,0,0
100,662,0,0
100,663,0,0
100,664,0,0
100,665,0,0
100,666,0,0
100,667,0,0
100,668,0,0
100,669,0,0
100,670,0,0
100,671,0,0
100,672,0,0
100,673,0,0
100,674,0,0
100,675,0,0
100,676,0,0
100,677,0,0
100,678,0,0
100,679,0,0
100,680,0,0
100,681,0,0
100,682,0,0
100,683,0,0
100,684,0,0
100,685,0,0
100,686,0,0
100,687,0,0
100,688,0,0
100,689,0,0
100,690,0,0
100,691,0,0
100,692,0,0
100,693,0,0
100,694,0,0
100,695,0,0
100,696,0,0
100,697,0,0
100,698,0,0
100,699,0,0
100,700,0,0
100,701,0,0
100,702,0,0
100,703,0,0
100,704,0,0
100,705,0,0
100,706,0,0
100,707,0,0
100,708,0,0
100,709,0,0
100,710,0,0
100,711,0,0
100,712,0,0
100,713,0,0
100,714,0,0
100,715,0,0
100,716,0,0
100,717,0,0
100,718,0,0
100,719,0,0
100,720,0,0
100,721,0,0
100,722,0,0
100,723,0,0
100,724,0,0
100,725,0,0
100,726,0,0
100,727,0,0
100,728,0,0
100,729,0,0
100,730,0,0
100,731,0,0
100,732,0,0
100,733,0,0
100,734,0,0
100,735,0,0
100,736,0,0
100,737,0,0
100,738,0,0
100,739,0,0
100,740,0,0
100,741,0,0
100,742,0,0
100,743,0,0
100,744,0,0
100,745,0,0
100,746,0,0
100,747,0,0
100,748,0,0
100,749,0,0
100,750,0,0
100,751,0,0
100,752,0,0
100,753,0,0
100,754,0,0
100,755,0,0
100,756,0,0
100,757,0,0
100,758,0,0
100,759,0,0
100,760,0,0
100,761,0,0
100,762,0,0
100,763,0,0
100,764,0,0
100,765,0,0
100,766,0,0
100,767,0,0
100,768,0,0
100,769,0,0
100,770,0,0
100,771,0,0
100,772,0,0
100,773,0,0
100,774,0,0
100,775,0,0
100,776,0,0
100,777,0,0
100,778,0,0
100,779,0,0
100,780,0,0
100,781,0,0
100,782,0,0
100,783,0,0
100,784,0,0
100,785,0,0
100,786,0,0
100,787,0,0
100,788,0,0
100,789,0,0
100,790,0,0
100,791,0,0
100,792,0,0
100,793,0,0
100,794,0,0
100,795,0,0
100,796,0,0
100,797,0,0
100,798,0,0
100,799,0,0
100,800,0,0
100,801,0,0
100,802,0,0
100,803,0,0
100,804,0,0
100,805,0,0
100,806,0,0
100,807,0,0
100,808,0,0
100,809,0,0
100,810,0,0
100,811,0,0
100,812,0,0
100,813,0,0
100,814,0,0
100,815,0,0
100,816,0,0
100,817,0,0
100,818,0,0
100,819,0,0
100,820,0,0
100,821,0,0
100,822,0,0
100,823,0,0
100,824,0,0
100,825,0,0
100,826,0,0
100,827,0,0
100,828,0,0
100,829,0,0
100,830,0,0
100,831,0,0
100,832,0,0
100,833,0,0
100,834,0,0
100,835,0,0
100,836,0,0
100,837,0,0
100,838,0,0
100,839,0,0
100,840,0,0
100,841,0,0
100,842,0,0
100,843,0,0
100,844,0,0
100,845,0,0
100,846,0,0
100,847,0,0
100,848,0,0
100,849,0,0
100,850,0,0
100,851,0,0
100,852,0,0
100,853,0,0
100,854,0,0
100,855,0,0
100,856,0,0
100,857,0,0
100,858,0,0
100,859,0,0
100,860,0,0
100,861,0,0
100,862,0,0
100,863,0,0
100,864,0,0
100,865,0,0
100,866,0,0
100,867,0,0
100,868,0,0
100,869,0,0
100,870,0,0
100,871,0,0
100,872,0,0
100,873,0,0
100,874,0,0
100,875,0,0
100,876,0,0
100,877,0,0
100,878,0,0
100,879,0,0
100,880,0,0
100,881,0,0
100,882,0,0
100,883,0,0
100,884,0,0
100,885,0,0
100,886,0,0
100,887,0,0
100,888,0,0
100,889,0,0
100,890,0,0
100,891,0,0
100,892,0,0
100,893,0,0
100,894,0,0
100,895,0,0
100,896,0,0
100,897,0,0
100,898,0,0
100,899,0,0
100,900,0,0
100,901,0,0
100,902,0,0
100,903,0,0
100,904,0,0
100,905,0,0
100,906,0,0
100,907,0,0
100,908,0,0
100,909,0,0
100,910,0,0
100,911,0,0
100,912,0,0
100,913,0,0
100,914,0,0
100,915,0,0
100,916,0,0
100,917,0,0
100,918,0,0
100,919,0,0
100,920,0,0
100,921,0,0
100,922,0,0
100,923,0,0
100,924,0,0
100,925,0,0
100,926,0,0
100,927,0,0
100,928,0,0
100,929,0,0
100,930,0,0
100,931,0,0
100,932,0,0
100,933,0,0
100,934,0,0
100,935,0,0
100,936,0,0
100,937,0,0
100,938,0,0
100,939,0,0
100,940,0,0
100,941,0,0
100,942,0,0
100,943,0,0
100,944,0,0
100,945,0,0
100,946,0,0
100,947,0,0
100,948,0,0
100,949,0,0
100,950,0,0
100,951,0,0
100,952,0,0
100,953,0,0
100,954,0,0
100,955,0,0
100,956,0,0
100,957,0,0
100,958,0,0
100,959,0,0
100,960,0,0
100,961,0,0
100,962,0,0
100,963,0,0
100,964,0,0
100,965,0,0
100,966,0,0
100,967,0,0
100,968,0,0
100,969,0,0
100,970,0,0
100,971,0,0
100,972,0,0
100,973,0,0
100,974,0,0
100,975,0,0
100,976,0,0
100,977,0,0
100,978,0,0
100,979,0,0
100,980,0,0
100,981,0,0
100,982,0,0
100,983,0,0
100,984,0,0
100,985,0,0
100,986,1,0
100,987,0,0
100,988,0,0
100,989,0,0
100,990,0,0
100,991,0,0
100,992,0,0
100,993,0,0
100,994,0,0
100,995,0,0
100,996,0,0
100,997,0,0
100,998,0,0
100,999,0,0
100,1000,0,0
100,1001,0,0
100,1002,0,0
100,1003,0,0
100,1004,0,0
100,1005,0,0
100,1006,0,0
100,1007,0,0
100,1008,0,0
100,1009,0,0
100,1010,0,0
100,1011,0,0
100,1012,0,0
100,1013,0,0
100,1014,0,0
100,1015,0,0
100,1016,0,0
100,1017,0,0
100,1018,0,0
100,1019,0,0
100,1020,0,0
100,1021,0,0
100,1022,0,0
100,1023,0,0
100,1024,0,0
100,1025,0,0
100,1026,0,0
100,1027,0,0
100,1028,0,0
100,1029,0,0
100,1030,0,0
100,1031,0,0
100,1032,0,0
100,1033,0,0
100,1034,0,0
100,1035,0,0
100,1036,0,0
100,1037,0,0
100,1038,0,0
100,1039,0,0
100,1040,0,0
100,1041,0,0
100,1042,0,0
100,1043,0,0
100,1044,0,0
100,1045,0,0
100,1046,0,0
100,1047,0,0
100,1048,0,0
100,1049,0,0
100,1050,0,0
100,1051,0,0
100,1052,0,0
100,1053,0,0
100,1054,0,0
100,1055,0,0
100,1056,0,0
100,1057,0,0
100,1058,0,0
100,1059,0,0
100,1060,0,0
100,1061,0,0
100,1062,0,0
100,1063,0,0
100,1064,0,0
100,1065,0,0
100,1066,0,0
100,1067,0,0
100,1068,0,0
100,1069,0,0
100,1070,0,0
100,1071,0,0
100,1072,0,0
100,1073,0,0
100,1074,0,0
100,1075,0,0
100,1076,0,0
100,1077,1,0
100,1078,0,0
100,1079,0,0
100,1080,0,0
100,1081,0,0
100,1082,0,0
100,1083,0,0
100,1084,1,0
100,1085,0,0
100,1086,0,0
100,1087,0,0
100,1088,0,0
100,1089,0,0
100,1090,0,0
100,1091,0,0
100,1092,0,0
100,1093,0,0
100,1094,0,0
100,1095,0,0
100,1096,0,0
100,1097,0,0
100,1098,0,0
100,1099,0,0
100,1100,0,0
100,1101,0,0
100,1102,1,0
100,1103,0,0
100,1104,0,0
100,1105,0,0
100,1106,0,0
100,1107,0,0
100,1108,0,0
100,1109,0,0
100,1110,0,0
100,1111,0,0
100,1112,0,0
100,1113,0,0
100,1114,0,0
100,1115,0,0
100,1116,0,0
100,1117,0,0
100,1118,0,0
100,1119,1,0
100,1120,0,0
100,1121,0,0
100,1122,0,0
100,1123,0,0
100,1124,1,0
100,1125,0,0
100,1126,0,0
100,1127,0,0
100,1128,0,0
100,1129,0,0
100,1130,0,0
100,1131,0,0
100,1132,0,0
100,1133,0,0
100,1134,0,0
100,1135,0,0
100,1136,0,0
100,1137,0,0
100,1138,0,0
100,1139,0,0
100,1140,0,0
100,1141,0,0
100,1142,0,0
100,1143,0,0
100,1144,0,0
100,1145,0,0
100,1146,0,0
100,1147,0,0
100,1148,0,0
100,1149,0,0
100,1150,0,0
100,1151,0,0
100,1152,0,0
100,1153,0,0
100,1154,0,0
100,1155,0,0
100,1156,0,0
100,1157,0,0
100,1158,0,0
100,1159,0,0
100,1160,0,0
100,1161,0,0
100,1162,0,0
100,1163,0,0
100,1164,0,0
100,1165,0,0
100,1166,0,0
100,1167,0,0
100,1168,0,0
100,1169,0,0
100,1170,0,0
100,1171,0,0
100,1172,0,0
100,1173,0,0
100,1174,0,0
100,1175,0,0
100,1176,0,0
100,1177,0,0
100,1178,0,0
100,1179,0,0
100,1180,0,0
100,1181,0,0
100,1182,0,0
100,1183,0,0
100,1184,0,0
100,1185,0,0
100,1186,0,0
100,1187,0,0
100,1188,0,0
100,1189,0,0
100,1190,0,0
100,1191,0,0
100,1192,0,0
100,1193,0,0
100,1194,0,0
100,1195,0,0
100,1196,0,0
100,1197,0,0
100,1198,0,0
100,1199,0,0
100,1200,0,0
100,1201,0,0
100,1202,0,0
100,1203,0,0
100,1204,0,0
100,1205,0,0
100,1206,0,0
100,1207,0,0
100,1208,0,0
100,1209,0,0
100,1210,0,0
100,1211,0,0
100,1212,0,0
100,1213,0,0
100,1214,0,0
100,1215,0,0
100,1216,0,0
100,1217,0,0
100,1218,1,0
100,1219,0,0
100,1220,0,0
100,1221,0,0
100,1222,0,0
100,1223,0,0
100,1224,0,0
100,1225,0,0
100,1226,0,0
100,1227,0,0
100,1228,0,0
100,1229,0,0
100,1230,0,0
100,1231,0,0
100,1232,0,0
100,1233,0,0
100,1234,1,0
100,1235,0,0
100,1236,0,0
100,1237,0,0
100,1238,0,0
100,1239,0,0
100,1240,0,0
100,1241,0,0
100,1242,0,0
100,1243,0,0
100,1244,0,0
100,1245,0,0
100,1246,0,0
100,1247,0,0
100,1248,0,0
100,1249,0,0
100,1250,0,0
100,1251,0,0
100,1252,0,0
100,1253,0,0
100,1254,0,0
100,1255,0,0
100,1256,0,0
100,1257,0,0
100,1258,0,0
100,1259,0,0
100,1260,0,0
100,1261,0,0
100,1262,0,0
100,1263,0,0
100,1264,0,0
100,1265,0,0
100,1266,0,0
100,1267,0,0
100,1268,0,0
100,1269,0,0
100,1270,0,0
100,1271,0,0
100,1272,0,0
100,1273,0,0
100,1274,0,0
100,1275,0,0
100,1276,0,0
100,1277,0,0
100,1278,0,0
100,1279,0,0
100,1280,0,0
100,1281,0,0
100,1282,0,0
100,1283,0,0
100,1284,0,0
100,1285,0,0
100,1286,0,0
100,1287,0,0
100,1288,0,0
100,1289,0,0
100,1290,0,0
100,1291,0,0
100,1292,0,0
100,1293,0,0
100,1294,0,0
100,1295,0,0
100,1296,0,0
100,1297,0,0
100,1298,0,0
100,1299,0,0
100,1300,0,0
100,1301,0,0
100,1302,0,0
100,1303,0,0
100,1304,0,0
100,1305,0,0
100,1306,0,0
100,1307,0,0
100,1308,0,0
100,1309,0,0
100,1310,0,0
100,1311,0,0
100,1312,0,0
100,1313,0,0
100,1314,0,0
100,1315,0,0
100,1316,0,0
100,1317,0,0
100,1318,0,0
100,1319,0,0
100,1320,0,0
100,1321,0,0
100,1322,0,0
100,1323,1,0
100,1324,0,0
100,1325,0,0
100,1326,0,0
100,1327,0,0
100,1328,0,0
100,1329,0,0
100,1330,0,0
100,1331,0,0
100,1332,0,0
100,1333,0,0
100,1334,0,0
100,1335,0,0
100,1336,0,0
100,1337,0,0
100,1338,0,0
100,1339,0,0
100,1340,0,0
100,1341,0,0
100,1342,0,0
100,1343,0,0
100,1344,0,0
100,1345,0,0
100,1346,0,0
100,1347,0,0
100,1348,0,0
100,1349,0,0
100,1350,0,0
100,1351,0,0
100,1352,0,0
100,1353,0,0
100,1354,0,0
100,1355,0,0
100,1356,0,0
100,1357,0,0
100,1358,0,0
100,1359,0,0
100,1360,0,0
100,1361,0,0
100,1362,0,0
100,1363,0,0
100,1364,0,0
100,1365,0,0
100,1366,0,0
100,1367,0,0
100,1368,0,0
100,1369,0,0
100,1370,0,0
100,1371,0,0
100,1372,0,0
100,1373,0,0
100,1374,0,0
100,1375,0,0
100,1376,0,0
100,1377,0,0
100,1378,0,0
100,1379,0,0
100,1380,0,0
100,1381,0,0
100,1382,0,0
100,1383,0,0
100,1384,0,0
100,1385,0,0
100,1386,0,0
100,1387,0,0
100,1388,0,0
100,1389,0,0
100,1390,0,0
100,1391,0,0
100,1392,0,0
100,1393,1,0
100,1394,0,0
100,1395,0,0
100,1396,0,0
100,1397,0,0
100,1398,0,0
100,1399,0,0
100,1400,0,0
100,1401,0,0
100,1402,0,0
100,1403,0,0
100,1404,0,0
100,1405,0,0
100,1406,0,0
100,1407,0,0
100,1408,0,0
100,1409,0,0
100,1410,0,0
100,1411,0,0
100,1412,0,0
100,1413,0,0
100,1414,0,0
100,1415,0,0
100,1416,0,0
100,1417,0,0
100,1418,0,0
100,1419,0,0
100,1420,0,0
100,1421,0,0
100,1422,0,0
100,1423,0,0
100,1424,0,0
100,1425,0,0
100,1426,0,0
100,1427,0,0
100,1428,0,0
100,1429,0,0
100,1430,0,0
100,1431,0,0
100,1432,0,0
100,1433,0,0
100,1434,0,0
100,1435,0,0
100,1436,0,0
100,1437,0,0
100,1438,0,0
100,1439,0,0
100,1440,0,0
100,1441,0,0
100,1442,0,0
100,1443,0,0
100,1444,0,0
100,1445,0,0
100,1446,0,0
100,1447,0,0
100,1448,0,0
100,1449,0,0
100,1450,0,0
100,1451,0,0
100,1452,0,0
100,1453,0,0
100,1454,0,0
100,1455,0,0
100,1456,0,0
100,1457,0,0
100,1458,0,3
100,1459,0,0
100,1460,0,0
100,1461,0,0
100,1462,0,0
100,1463,0,0
100,1464,0,0
100,1465,0,0
100,1466,0,0
100,1467,0,0
100,1468,0,0
100,1469,0,0
100,1470,0,0
100,1471,0,0
100,1472,0,0
100,1473,0,0
100,1474,0,0
100,1475,0,0
100,1476,0,0
100,1477,0,0
100,1478,1,0
100,1479,0,0
100,1480,0,0
100,1481,1,0
100,1482,0,0
100,1483,0,0
100,1484,0,0
100,1485,0,0
100,1486,0,0
100,1487,0,0
100,1488,0,0
100,1489,0,0
100,1490,0,0
100,1491,0,0
100,1492,0,0
100,1493,0,0
100,1494,0,0
100,1495,0,0
100,1496,0,0
100,1497,0,0
100,1498,0,0
100,1499,0,0
100,1500,0,0
100,1501,0,0
100,1502,0,0
100,1503,0,0
100,1504,0,0
100,1505,0,0
100,1506,0,0
100,1507,0,0
100,1508,0,0
100,1509,0,0
100,1510,0,0
100,1511,0,0
100,1512,0,0
100,1513,0,0
100,1514,0,0
100,1515,0,0
100,1516,0,0
100,1517,0,0
100,1518,0,0
100,1519,1,0
100,1520,0,0
100,1521,0,0
100,1522,0,0
100,1523,0,0
100,1524,0,0
100,1525,0,0
100,1526,0,0
100,1527,1,0
100,1528,0,0
100,1529,0,0
100,1530,0,0
100,1531,0,0
100,1532,0,0
100,1533,0,0
100,1534,0,0
100,1535,0,0
100,1536,0,0
100,1537,0,0
100,1538,0,0
100,1539,0,0
100,1540,0,0
100,1541,0,0
100,1542,0,0
100,1543,0,0
100,1544,0,0
100,1545,0,0
100,1546,0,0
100,1547,0,0
100,1548,0,0
100,1549,1,0
100,1550,0,0
100,1551,0,0
100,1552,0,0
100,1553,0,0
100,1554,0,0
100,1555,0,0
100,1556,1,0
100,1557,0,0
100,1558,0,0
100,1559,0,0
100,1560,0,0
100,1561,0,0
100,1562,0,0
100,1563,0,0
100,1564,0,0
100,1565,0,0
100,1566,0,0
100,1567,0,0
100,1568,0,0
100,1569,0,0
100,1570,0,0
100,1571,0,3
100,1572,0,0
100,1573,0,0
100,1574,0,0
100,1575,0,0
100,1576,0,0
100,1577,0,0
100,1578,0,0
100,1579,0,0
100,1580,0,0
100,1581,0,0
100,1582,0,0
100,1583,0,0
100,1584,0,0
100,1585,0,0
100,1586,0,0
100,1587,0,0
100,1588,0,0
100,1589,0,0
100,1590,1,0
100,1591,0,0
100,1592,0,0
100,1593,0,0
100,1594,0,0
100,1595,0,0
100,1596,0,0
100,1597,0,0
100,1598,0,0
100,1599,0,0
100,1600,0,0
100,1601,0,0
100,1602,1,0
100,1603,0,0
100,1604,0,0
100,1605,0,0
100,1606,0,0
100,1607,0,0
100,1608,0,0
100,1609,0,0
100,1610,0,0
100,1611,0,0
100,1612,0,0
100,1613,0,0
100,1614,0,0
100,1615,0,0
100,1616,0,0
100,1617,0,0
100,1618,0,0
100,1619,0,0
100,1620,0,0
100,1621,0,0
100,1622,0,0
100,1623,0,0
100,1624,0,0
100,1625,0,0
100,1626,0,0
100,1627,0,0
100,1628,0,0
100,1629,0,0
100,1630,0,0
100,1631,0,0
100,1632,0,0
100,1633,0,0
100,1634,0,0
100,1635,0,0
100,1636,0,0
100,1637,0,0
100,1638,0,0
100,1639,0,0
100,1640,0,0
100,1641,0,0
100,1642,0,0
100,1643,0,0
100,1644,0,0
100,1645,0,0
100,1646,0,0
100,1647,0,0
100,1648,0,0
100,1649,0,0
100,1650,0,0
100,1651,0,0
100,1652,0,0
100,1653,0,0
100,1654,0,0
100,1655,0,0
100,1656,0,0
100,1657,0,0
100,1658,0,0
100,1659,0,0
100,1660,0,0
100,1661,0,0
100,1662,0,0
100,1663,0,0
100,1664,0,0
100,1665,0,0
100,1666,0,0
100,1667,0,0
100,1668,0,0
100,1669,0,0
100,1670,0,0
100,1671,0,0
100,1672,0,0
100,1673,0,0
100,1674,0,0
100,1675,0,0
100,1676,0,0
100,1677,0,0
100,1678,0,0
100,1679,0,0
100,1680,0,0
100,1681,0,0
100,1682,0,0
100,1683,0,0
100,1684,0,0
100,1685,0,0
100,1686,0,0
100,1687,0,0
100,1688,0,0
100,1689,0,0
100,1690,0,0
100,1691,0,0
100,1692,0,0
100,1693,0,0
100,1694,0,0
100,1695,0,0
100,1696,0,0
100,1697,0,0
100,1698,0,0
100,1699,0,0
100,1700,0,0
100,1701,0,0
100,1702,0,0
100,1703,0,0
100,1704,0,0
100,1705,0,0
100,1706,0,0
100,1707,0,0
100,1708,0,0
100,1709,0,0
100,1710,0,0
100,1711,0,0
100,1712,0,0
100,1713,0,0
100,1714,0,0
100,1715,0,0
100,1716,0,0
100,1717,0,0
100,1718,0,0
100,1719,0,0
100,1720,0,0
100,1721,0,0
100,1722,0,0
100,1723,0,0
100,1724,0,0
100,1725,0,0
100,1726,0,0
100,1727,0,0
100,1728,0,0
100,1729,0,0
100,1730,0,0
100,1731,0,0
100,1732,0,0
100,1733,0,0
100,1734,1,0
100,1735,0,0
100,1736,0,0
100,1737,0,0
100,1738,0,0
100,1739,0,0
100,1740,0,0
100,1741,0,0
100,1742,0,0
100,1743,0,0
100,1744,0,0
100,1745,0,0
100,1746,0,0
100,1747,0,0
100,1748,0,0
100,1749,0,0
100,1750,0,0
100,1751,0,0
100,1752,0,0
100,1753,0,0
100,1754,0,0
100,1755,0,0
100,1756,0,0
100,1757,0,0
100,1758,0,0
100,1759,0,0
100,1760,0,0
100,1761,0,0
100,1762,0,0
100,1763,0,0
100,1764,0,0
100,1765,0,0
100,1766,0,0
100,1767,0,0
100,1768,0,0
100,1769,0,0
100,1770,0,0
100,1771,0,0
100,1772,0,0
100,1773,0,0
100,1774,0,0
100,1775,0,0
100,1776,0,0
100,1777,0,0
100,1778,0,0
100,1779,0,0
100,1780,0,0
100,1781,0,0
100,1782,0,0
100,1783,0,0
100,1784,0,0
100,1785,0,0
100,1786,0,0
100,1787,0,0
100,1788,0,0
100,1789,0,0
100,1790,0,0
100,1791,0,0
100,1792,0,0
100,1793,0,0
100,1794,0,0
100,1795,0,0
100,1796,0,0
100,1797,0,0
100,1798,0,0
100,1799,0,0
100,1800,0,0
100,1801,0,0
100,1802,0,0
100,1803,0,0
100,1804,0,0
100,1805,0,0
100,1806,0,0
100,1807,0,0
100,1808,0,0
100,1809,0,0
100,1810,0,0
100,1811,0,0
100,1812,0,0
100,1813,0,0
100,1814,0,0
100,1815,0,0
100,1816,0,0
100,1817,1,0
100,1818,0,0
100,1819,0,0
100,1820,0,0
100,1821,0,0
100,1822,0,0
100,1823,0,3
100,1824,0,0
100,1825,0,0
100,1826,0,0
100,1827,0,0
100,1828,0,0
100,1829,0,0
100,1830,0,0
100,1831,0,0
100,1832,0,0
100,1833,0,0
100,1834,0,0
100,1835,0,0
100,1836,0,0
100,1837,0,0
100,1838,0,0
100,1839,0,0
100,1840,0,0
100,1841,0,0
100,1842,0,0
100,1843,0,0
100,1844,0,0
100,1845,0,0
100,1846,0,0
100,1847,0,0
100,1848,0,0
100,1849,0,0
100,1850,0,0
100,1851,0,0
100,1852,0,0
100,1853,0,0
100,1854,0,0
100,1855,0,0
100,1856,0,0
100,1857,0,0
100,1858,0,0
100,1859,0,0
100,1860,0,0
100,1861,0,0
100,1862,0,0
100,1863,0,0
100,1864,0,0
100,1865,0,0
100,1866,0,0
100,1867,0,0
100,1868,0,0
100,1869,0,0
100,1870,0,0
100,1871,0,0
100,1872,0,0
100,1873,0,0
100,1874,0,0
100,1875,0,0
100,1876,0,0
100,1877,0,0
100,1878,0,0
100,1879,0,0
100,1880,0,0
100,1881,0,0
100,1882,0,0
100,1883,0,0
100,1884,0,0
100,1885,0,0
100,1886,0,0
100,1887,0,0
100,1888,0,0
100,1889,0,0
100,1890,0,0
100,1891,0,0
100,1892,0,0
100,1893,0,0
100,1894,0,0
100,1895,0,0
100,1896,0,0
100,1897,0,0
100,1898,0,0
100,1899,0,0
100,1900,0,0
100,1901,0,0
100,1902,0,0
100,1903,0,0
100,1904,0,0
100,1905,2,2
100,1906,0,0
100,1907,0,0
100,1908,0,0
100,1909,0,0
100,1910,0,0
100,1911,0,0
100,1912,0,0
100,1913,0,0
100,1914,0,0
100,1915,0,0
100,1916,0,0
100,1917,0,0
100,1918,0,0
100,1919,0,0
100,1920,0,0
100,1921,0,0
100,1922,0,0
100,1923,0,0
100,1924,0,0
100,1925,0,0
100,1926,0,0
100,1927,0,0
100,1928,0,0
100,1929,0,0
100,1930,0,0
100,1931,0,0
100,1932,0,0
100,1933,0,0
100,1934,0,0
100,1935,0,0
100,1936,0,0
100,1937,0,0
100,1938,0,0
100,1939,0,0
100,1940,0,0
100,1941,0,0
100,1942,0,0
100,1943,0,0
100,1944,0,0
100,1945,0,0
100,1946,0,0
100,1947,0,0
100,1948,0,0
100,1949,0,0
100,1950,0,0
100,1951,0,0
100,1952,0,0
100,1953,0,0
100,1954,0,0
100,1955,0,0
100,1956,0,0
100,1957,0,0
100,1958,0,0
100,1959,0,0
100,1960,1,0
100,1961,0,0
100,1962,0,0
100,1963,0,0
100,1964,0,0
100,1965,0,0
100,1966,0,0
100,1967,0,0
100,1968,0,0
100,1969,0,0
100,1970,0,0
100,1971,0,0
100,1972,1,0
100,1973,0,0
100,1974,0,0
100,1975,0,0
100,1976,1,0
100,1977,0,0
100,1978,0,0
100,1979,0,0
100,1980,0,0
100,1981,0,3
100,1982,0,0
100,1983,0,0
100,1984,0,0
100,1985,0,0
100,1986,0,0
100,1987,0,0
100,1988,0,0
100,1989,0,0
100,1990,0,0
100,1991,0,0
100,1992,0,0
100,1993,0,0
100,1994,0,0
100,1995,0,0
100,1996,0,0
100,1997,0,0
100,1998,0,0
100,1999,0,0
100,2000,1,0
100,2001,0,0
100,2002,0,0
100,2003,0,0
100,2004,0,0
100,2005,0,0
100,2006,0,0
100,2007,0,0
100,2008,0,0
100,2009,0,0
100,2010,0,0
100,2011,0,0
100,2012,0,0
100,2013,0,0
100,2014,0,0
100,2015,0,0
100,2016,0,0
100,2017,1,0
100,2018,0,0
100,2019,0,0
100,2020,0,0
100,2021,0,0
100,2022,0,0
100,2023,0,0
100,2024,0,0
100,2025,0,0
100,2026,0,0
100,2027,0,0
100,2028,0,0
100,2029,0,0
100,2030,0,0
100,2031,0,0
100,2032,0,0
100,2033,0,0
100,2034,0,0
100,2035,0,0
100,2036,0,0
100,2037,0,0
100,2038,0,0
100,2039,0,0
100,2040,0,0
100,2041,0,0
100,2042,0,0
100,2043,0,0
100,2044,0,0
100,2045,0,0
100,2046,0,0
100,2047,0,0
100,2048,0,0
100,2049,0,0
100,2050,0,0
100,2051,0,0
100,2052,0,0
100,2053,0,0
100,2054,0,0
100,2055,0,0
100,2056,0,0
100,2057,0,0
100,2058,0,0
100,2059,0,0
100,2060,0,0
100,2061,0,0
100,2062,0,0
100,2063,0,0
100,2064,0,0
100,2065,0,0
100,2066,1,0
100,2067,0,0
100,2068,0,0
100,2069,0,0
100,2070,0,0
100,2071,0,0
100,2072,0,0
100,2073,0,0
100,2074,0,0
100,2075,0,0
100,2076,0,0
100,2077,0,0
100,2078,0,0
100,2079,0,0
100,2080,0,0
100,2081,0,0
100,2082,0,0
100,2083,0,0
100,2084,0,0
100,2085,0,0
100,2086,0,0
100,2087,0,0
100,2088,0,0
100,2089,0,0
100,2090,0,0
100,2091,0,0
100,2092,0,0
100,2093,0,0
100,2094,0,0
100,2095,0,0
100,2096,0,0
100,2097,0,0
100,2098,0,0
100,2099,0,0
100,2100,0,0
100,2101,0,0
100,2102,0,0
100,2103,0,0
100,2104,0,0
100,2105,0,0
100,2106,0,0
100,2107,0,0
100,2108,0,0
100,2109,0,0
100,2110,0,0
100,2111,0,0
100,2112,0,0
100,2113,0,0
100,2114,0,0
100,2115,0,0
100,2116,0,0
100,2117,0,0
100,2118,0,0
100,2119,0,0
100,2120,0,0
100,2121,0,0
100,2122,0,0
100,2123,0,0
100,2124,0,0
100,2125,0,0
100,2126,0,0
100,2127,0,0
100,2128,0,0
100,2129,0,0
100,2130,0,0
100,2131,0,0
100,2132,0,0
100,2133,0,0
100,2134,0,0
100,2135,0,0
100,2136,0,0
100,2137,0,0
100,2138,0,0
100,2139,0,0
100,2140,0,0
100,2141,0,0
100,2142,0,0
100,2143,0,0
100,2144,0,0
100,2145,0,0
100,2146,0,0
100,2147,0,0
100,2148,0,0
100,2149,0,0
100,2150,0,0
100,2151,0,0
100,2152,0,0
100,2153,0,0
100,2154,0,0
100,2155,0,0
100,2156,0,0
100,2157,0,0
100,2158,0,0
100,2159,0,0
100,2160,0,0
100,2161,0,0
100,2162,0,0
100,2163,0,0
100,2164,0,0
100,2165,0,0
100,2166,0,0
100,2167,0,0
100,2168,0,0
100,2169,0,0
100,2170,0,0
100,2171,0,0
100,2172,0,0
100,2173,0,0
100,2174,0,0
100,2175,0,0
100,2176,0,0
100,2177,0,0
100,2178,0,0
100,2179,0,0
100,2180,0,0
100,2181,0,0
100,2182,0,0
100,2183,0,0
100,2184,0,0
100,2185,0,0
100,2186,0,0
100,2187,0,0
100,2188,0,0
100,2189,0,0
100,2190,0,0
100,2191,0,0
100,2192,0,0
100,2193,0,0
100,2194,0,0
100,2195,1,0
100,2196,0,0
100,2197,0,0
100,2198,0,0
100,2199,0,0
100,2200,0,0
100,2201,0,0
100,2202,0,0
100,2203,0,0
100,2204,0,0
100,2205,0,0
100,2206,0,0
100,2207,0,0
100,2208,0,0
100,2209,0,0
100,2210,0,0
100,2211,0,0
100,2212,0,0
100,2213,0,0
100,2214,0,0
100,2215,0,0
100,2216,0,0
100,2217,0,0
100,2218,0,0
100,2219,0,0
100,2220,0,0
100,2221,0,0
100,2222,0,0
100,2223,0,0
100,2224,0,0
100,2225,0,0
100,2226,0,0
100,2227,0,0
100,2228,0,0
100,2229,0,0
100,2230,0,0
100,2231,0,0
100,2232,0,0
100,2233,0,0
100,2234,0,0
100,2235,0,0
100,2236,0,0
100,2237,0,0
100,2238,0,0
100,2239,0,0
100,2240,0,0
100,2241,0,0
100,2242,0,0
100,2243,0,0
100,2244,0,0
100,2245,0,0
100,2246,0,0
100,2247,0,0
100,2248,0,0
100,2249,0,0
100,2250,0,0
100,2251,0,0
100,2252,0,0
100,2253,0,0
100,2254,0,0
100,2255,0,0
100,2256,0,0
100,2257,0,0
100,2258,0,0
100,2259,0,0
100,2260,0,0
100,2261,0,0
100,2262,0,0
100,2263,0,0
100,2264,0,0
100,2265,0,0
100,2266,0,0
100,2267,0,0
100,2268,0,0
100,2269,0,0
100,2270,0,0
103,2271,0,0
103,2272,0,0
103,2273,0,0
103,2274,0,0
103,2275,0,0
103,2276,0,0
103,2277,0,0
103,2278,0,0
103,2279,0,0
103,2280,0,0
103,2281,0,0
103,2282,0,0
103,2283,0,0
103,2284,0,0
103,2285,0,0
103,2286,0,0
103,2287,0,0
103,2288,0,0
103,2289,0,0
103,2290,0,0
103,2291,0,0
103,2292,0,0
103,2293,0,0
103,2294,0,0
103,2295,0,0
103,2296,0,0
103,2297,0,0
103,2298,0,0
103,2299,0,0
103,2300,0,0
103,2301,0,0
103,2302,0,0
103,2303,0,0
103,2304,0,0
103,2305,0,0
103,2306,0,0
103,2307,0,0
103,2308,0,0
103,2309,0,0
103,2310,0,0
103,2311,0,0
103,2312,0,0
103,2313,0,0
103,2314,0,0
103,2315,0,0
103,2316,0,0
103,2317,0,0
103,2318,0,0
103,2319,0,0
103,2320,0,0
103,2321,0,0
103,2322,0,0
103,2323,0,0
103,2324,0,0
103,2325,0,0
103,2326,0,0
103,2327,0,0
103,2328,0,0
103,2329,0,0
103,2330,0,0
103,2331,0,0
103,2332,0,0
103,2333,0,0
103,2334,0,0
103,2335,0,0
103,2336,0,0
103,2337,0,0
103,2338,0,0
103,2339,0,0
103,2340,0,0
103,2341,0,0
103,2342,0,0
103,2343,0,0
103,2344,0,0
103,2345,0,0
103,2346,0,0
103,2347,0,0
103,2348,0,0
103,2349,0,0
103,2350,0,0
103,2351,0,0
103,2352,0,0
103,2353,0,0
103,2354,0,0
103,2355,0,0
103,2356,0,0
103,2357,0,0
103,2358,0,0
103,2359,0,0
103,2360,0,0
103,2361,0,0
103,2362,0,0
103,2363,0,0
103,2364,0,0
103,2365,0,0
103,2366,0,0
103,2367,0,0
103,2368,0,0
103,2369,0,0
103,2370,0,0
103,2371,0,0
103,2372,0,0
103,2373,0,0
103,2374,0,0
103,2375,0,0
103,2376,0,0
103,2377,0,0
103,2378,0,0
103,2379,0,0
103,2380,0,0
103,2381,0,0
103,2382,0,0
103,2383,0,0
103,2384,0,0
103,2385,0,0
103,2386,0,0
103,2387,0,0
103,2388,0,0
103,2389,0,0
103,2390,0,0
103,2391,0,0
103,2392,0,0
103,2393,0,0
103,2394,0,0
103,2395,0,0
103,2396,0,0
103,2397,0,0
103,2398,0,0
103,2399,0,0
103,2400,0,0
103,2401,0,0
103,2402,0,0
103,2403,0,0
103,2404,0,0
103,2405,0,0
103,2406,0,0
103,2407,0,0
103,2408,0,0
103,2409,0,0
103,2410,0,0
103,2411,0,0
103,2412,0,0
103,2413,0,0
103,2414,0,0
103,2415,0,0
103,2416,0,0
103,2417,0,0
103,2418,0,0
103,2419,0,0
103,2420,0,0
103,2421,0,0
103,2422,0,0
103,2423,0,0
103,2424,0,0
103,2425,0,0
103,2426,0,0
103,2427,0,0
103,2428,0,0
103,2429,0,0
103,2430,0,0
103,2431,0,0
103,2432,0,0
103,2433,0,0
103,2434,0,0
103,2435,0,0
103,2436,0,0
103,2437,0,0
103,2438,0,0
103,2439,0,0
103,2440,0,0
103,2441,0,0
103,2442,0,0
103,2443,0,0
103,2444,0,0
103,2445,0,0
103,2446,0,0
103,2447,0,0
103,2448,0,0
103,2449,0,0
103,2450,0,0
103,2451,0,0
103,2452,0,0
103,2453,0,0
103,2454,0,0
103,2455,0,0
103,2456,0,0
103,2457,0,0
103,2458,0,0
103,2459,0,0
103,2460,0,0
103,2461,0,0
103,2462,0,0
103,2463,0,0
103,2464,0,0
103,2465,0,0
103,2466,0,0
103,2467,0,0
103,2468,0,0
103,2469,0,0
103,2470,0,0
103,2471,0,0
103,2472,0,0
103,2473,0,0
103,2474,0,0
103,2475,0,0
103,2476,0,0
103,2477,0,0
103,2478,0,0
103,2479,0,0
103,2480,0,0
103,2481,0,0
103,2482,0,0
103,2483,0,0
103,2484,0,0
103,2485,0,0
103,2486,0,0
103,2487,0,0
103,2488,0,0
103,2489,0,0
103,2490,0,0
103,2491,0,0
103,2492,0,0
103,2493,0,0
103,2494,0,0
103,2495,0,0
103,2496,0,0
103,2497,0,0
103,2498,0,0
103,2499,0,0
103,2500,0,0
103,2501,0,0
103,2502,0,0
103,2503,0,0
103,2504,0,0
103,2505,0,0
103,2506,0,0
103,2507,0,0
103,2508,0,0
103,2509,0,0
103,2510,0,0
103,2511,0,0
103,2512,0,0
103,2513,0,0
103,2514,0,0
103,2515,0,0
103,2516,0,0
103,2517,0,0
103,2518,0,0
103,2519,0,0
103,2520,0,0
103,2521,0,0
103,2522,0,0
103,2523,0,0
103,2524,0,0
103,2525,0,0
103,2526,0,0
103,2527,0,0
103,2528,0,0
103,2529,0,0
103,2530,0,0
103,2531,0,0
103,2532,0,0
103,2533,0,0
103,2534,0,0
103,2535,0,0
103,2536,0,0
103,2537,0,0
103,2538,0,0
103,2539,0,0
103,2540,0,0
103,2541,0,0
103,2542,0,0
103,2543,0,0
103,2544,0,0
103,2545,0,0
103,2546,0,0
103,2547,0,0
103,2548,0,0
103,2549,0,0
103,2550,0,0
103,2551,0,0
103,2552,0,0
103,2553,0,0
103,2554,0,0
103,2555,0,0
103,2556,0,0
103,2557,0,0
103,2558,0,0
103,2559,0,0
103,2560,0,0
103,2561,0,0
103,2562,0,0
103,2563,0,0
103,2564,0,0
103,2565,0,0
103,2566,0,0
103,2567,0,0
103,2568,0,0
103,2569,0,0
103,2570,0,0
103,2571,0,0
103,2572,0,0
103,2573,0,0
103,2574,0,0
103,2575,0,0
103,2576,0,0
103,2577,0,0
103,2578,0,0
103,2579,0,0
103,2580,0,0
103,2581,0,0
103,2582,0,0
103,2583,0,0
103,2584,0,0
103,2585,0,0
103,2586,0,0
103,2587,0,0
103,2588,0,0
103,2589,0,0
103,2590,0,0
103,2591,0,0
103,2592,0,0
103,2593,0,0
103,2594,0,0
103,2595,0,0
103,2596,0,0
103,2597,0,0
103,2598,0,0
103,2599,0,0
103,2600,0,0
103,2601,0,0
103,2602,0,0
103,2603,0,0
103,2604,0,0
103,2605,0,0
103,2606,0,0
103,2607,0,0
103,2608,0,0
103,2609,0,0
103,2610,0,0
103,2611,0,0
103,2612,0,0
103,2613,0,0
103,2614,0,0
103,2615,0,0
103,2616,0,0
103,2617,0,0
103,2618,0,0
103,2619,0,0
103,2620,0,0
103,2621,0,0
103,2622,0,0
103,2623,0,0
103,2624,0,0
103,2625,0,0
103,2626,0,0
103,2627,0,0
103,2628,0,0
103,2629,0,0
103,2630,0,0
103,2631,0,0
103,2632,0,0
103,2633,0,0
103,2634,0,0
103,2635,0,0
103,2636,0,0
103,2637,0,0
103,2638,0,0
103,2639,0,0
103,2640,0,0
103,2641,0,0
103,2642,0,0
103,2643,0,0
103,2644,0,0
103,2645,0,0
103,2646,0,0
103,2647,0,0
103,2648,0,0
103,2649,0,0
103,2650,0,0
103,2651,0,0
103,2652,0,0
103,2653,0,0
103,2654,0,0
103,2655,0,0
103,2656,0,0
103,2657,0,0
103,2658,0,0
103,2659,0,0
103,2660,0,0
103,2661,0,0
103,2662,0,0
103,2663,0,0
103,2664,0,0
103,2665,0,0
103,2666,0,0
103,2667,0,0
103,2668,0,0
103,2669,0,0
103,2670,0,0
103,2671,0,0
103,2672,0,0
103,2673,0,0
103,2674,0,0
103,2675,0,0
103,2676,0,0
103,2677,0,0
103,2678,0,0
103,2679,0,0
103,2680,0,0
103,2681,0,0
103,2682,0,0
103,2683,0,0
103,2684,0,0
103,2685,0,0
103,2686,0,0
103,2687,0,0
103,2688,0,0
103,2689,0,0
103,2690,0,0
103,2691,0,0
103,2692,0,0
103,2693,0,0
103,2694,0,0
103,2695,0,0
103,2696,0,0
103,2697,0,0
103,2698,0,0
103,2699,0,0
103,2700,0,0
103,2701,0,0
103,2702,0,0
103,2703,0,0
103,2704,0,0
103,2705,0,0
103,2706,0,0
103,2707,0,0
103,2708,0,0
103,2709,0,0
103,2710,0,0
103,2711,0,0
103,2712,0,0
103,2713,0,0
103,2714,0,0
103,2715,0,0
103,2716,0,0
103,2717,0,0
103,2718,0,0
103,2719,0,0
103,2720,0,0
103,2721,0,0
103,2722,0,0
103,2723,0,0
103,2724,0,0
103,2725,0,0
103,2726,0,0
103,2727,0,0
103,2728,0,0
103,2729,0,0
103,2730,0,0
103,2731,0,0
103,2732,0,0
103,2733,0,0
103,2734,0,0
103,2735,0,0
103,2736,0,0
103,2737,0,0
103,2738,0,0
103,2739,0,0
103,2740,0,0
103,2741,0,0
103,2742,0,0
103,2743,0,0
103,2744,0,0
103,2745,0,0
103,2746,0,0
103,2747,0,0
103,2748,0,0
103,2749,0,0
103,2750,0,0
103,2751,0,0
103,2752,0,0
103,2753,0,0
103,2754,0,0
103,2755,0,0
103,2756,0,0
103,2757,0,0
103,2758,0,0
103,2759,0,0
103,2760,0,0
103,2761,0,0
103,2762,0,0
103,2763,0,0
103,2764,0,0
103,2765,0,0
103,2766,0,0
103,2767,0,0
103,2768,0,0
103,2769,0,0
103,2770,0,0
103,2771,0,0
103,2772,0,0
103,2773,0,0
103,2774,0,0
103,2775,0,0
103,2776,0,0
103,2777,0,0
103,2778,0,0
103,2779,0,0
103,2780,0,0
103,2781,0,0
103,2782,0,0
103,2783,0,0
103,2784,0,0
103,2785,0,0
103,2786,0,0
103,2787,0,0
103,2788,0,0
103,2789,0,0
103,2790,0,0
103,2791,0,0
103,2792,0,0
103,2793,0,0
103,2794,0,0
103,2795,0,0
103,2796,0,0
103,2797,0,0
103,2798,0,0
103,2799,0,0
103,2800,0,0
103,2801,0,0
103,2802,0,0
103,2803,0,0
103,2804,0,0
103,2805,0,0
103,2806,0,0
103,2807,0,0
103,2808,0,0
103,2809,0,0
103,2810,0,0
103,2811,0,0
103,2812,0,0
103,2813,0,0
103,2814,0,0
103,2815,0,0
103,2816,0,0
103,2817,0,0
103,2818,0,0
103,2819,0,0
103,2820,0,0
103,2821,0,0
103,2822,0,0
103,2823,0,0
103,2824,0,0
103,2825,0,0
103,2826,0,0
103,2827,0,0
103,2828,0,0
103,2829,0,0
103,2830,0,0
103,2831,0,0
103,2832,0,0
103,2833,0,0
103,2834,0,0
103,2835,0,0
103,2836,0,0
103,2837,0,0
103,2838,0,0
103,2839,0,0
103,2840,0,0
103,2841,0,0
103,2842,0,0
103,2843,0,0
103,2844,0,0
103,2845,0,0
103,2846,0,0
103,2847,0,0
103,2848,0,0
103,2849,0,0
103,2850,0,0
103,2851,0,0
103,2852,0,0
103,2853,0,0
103,2854,0,0
103,2855,0,0
103,2856,0,0
103,2857,0,0
103,2858,0,0
103,2859,0,0
103,2860,0,0
103,2861,0,0
103,2862,0,0
103,2863,0,0
103,2864,0,0
103,2865,0,0
103,2866,0,0
103,2867,0,0
103,2868,0,0
103,2869,0,0
103,2870,0,0
103,2871,0,0
103,2872,0,0
103,2873,0,0
103,2874,0,0
103,2875,0,0
103,2876,0,0
103,2877,0,0
103,2878,0,0
103,2879,0,0
103,2880,0,0
103,2881,0,0
103,2882,0,0
103,2883,0,0
103,2884,0,0
103,2885,0,0
103,2886,0,0
103,2887,0,0
103,2888,0,0
103,2889,0,0
103,2890,0,0
103,2891,0,0
103,2892,0,0
103,2893,0,0
103,2894,0,0
103,2895,0,0
103,2896,0,0
103,2897,0,0
103,2898,0,0
103,2899,0,0
103,2900,0,0
103,2901,0,0
103,2902,0,0
103,2903,0,0
103,2904,0,0
103,2905,0,0
103,2906,0,0
103,2907,0,0
103,2908,0,0
103,2909,0,0
103,2910,0,0
103,2911,0,0
103,2912,0,0
103,2913,0,0
103,2914,0,0
103,2915,0,0
103,2916,0,0
103,2917,0,0
103,2918,0,0
103,2919,0,0
103,2920,0,0
103,2921,0,0
103,2922,0,0
103,2923,0,0
103,2924,0,0
103,2925,0,0
103,2926,0,0
103,2927,0,0
103,2928,0,0
103,2929,0,0
103,2930,0,0
103,2931,0,0
103,2932,0,0
103,2933,0,0
103,2934,0,0
103,2935,0,0
103,2936,0,0
103,2937,0,0
103,2938,0,0
103,2939,0,0
103,2940,0,0
103,2941,0,0
103,2942,0,0
103,2943,0,0
103,2944,0,0
103,2945,0,0
103,2946,0,0
103,2947,0,0
103,2948,0,0
103,2949,0,0
103,2950,0,0
103,2951,0,0
103,2952,0,0
103,2953,0,0
103,2954,0,0
103,2955,0,0
103,2956,0,0
103,2957,0,0
103,2958,0,0
103,2959,0,0
103,2960,0,0
103,2961,0,0
103,2962,0,0
103,2963,0,0
103,2964,0,0
103,2965,0,0
103,2966,0,0
103,2967,0,0
103,2968,0,0
103,2969,0,0
103,2970,0,0
103,2971,0,0
103,2972,0,0
103,2973,0,0
103,2974,0,0
103,2975,0,0
103,2976,0,0
103,2977,0,0
103,2978,0,0
103,2979,0,0
103,2980,0,0
103,2981,0,0
103,2982,0,0
103,2983,0,0
103,2984,0,0
103,2985,0,0
103,2986,0,0
103,2987,0,0
103,2988,0,0
103,2989,0,0
103,2990,0,0
103,2991,0,0
103,2992,0,0
103,2993,0,0
103,2994,0,0
103,2995,0,0
103,2996,0,0
103,2997,0,0
103,2998,0,0
103,2999,0,0
103,3000,0,0
103,3001,0,0
103,3002,0,0
103,3003,0,0
103,3004,0,0
103,3005,0,0
103,3006,0,0
103,3007,0,0
103,3008,0,0
103,3009,0,0
103,3010,0,0
103,3011,0,0
103,3012,0,0
103,3013,0,0
103,3014,0,0
103,3015,0,0
103,3016,0,0
103,3017,0,0
103,3018,0,0
103,3019,0,0
103,3020,0,0
103,3021,0,0
103,3022,0,0
103,3023,0,0
103,3024,0,0
103,3025,0,0
103,3026,0,0
103,3027,0,0
103,3028,0,0
103,3029,0,0
103,3030,0,0
103,3031,0,0
103,3032,0,0
103,3033,0,0
103,3034,0,0
103,3035,0,0
103,3036,0,0
103,3037,0,0
103,3038,0,0
103,3039,0,0
103,3040,0,0
103,3041,0,0
103,3042,0,0
103,3043,0,0
103,3044,0,0
103,3045,0,0
103,3046,0,0
103,3047,0,0
103,3048,0,0
103,3049,0,0
103,3050,0,0
103,3051,0,0
103,3052,0,0
103,3053,0,0
103,3054,0,0
103,3055,0,0
103,3056,0,0
103,3057,0,0
103,3058,0,0
103,3059,0,0
103,3060,0,0
103,3061,0,0
103,3062,0,0
103,3063,0,0
103,3064,0,0
103,3065,0,0
103,3066,0,0
103,3067,0,0
103,3068,0,0
103,3069,0,0
103,3070,0,0
103,3071,0,0
103,3072,0,0
103,3073,0,0
103,3074,0,0
103,3075,0,0
103,3076,0,0
103,3077,0,0
103,3078,0,0
103,3079,0,0
103,3080,0,0
103,3081,0,0
103,3082,0,0
103,3083,0,0
103,3084,0,0
103,3085,0,0
103,3086,0,0
103,3087,0,0
103,3088,0,0
103,3089,0,0
103,3090,0,0
103,3091,0,0
103,3092,0,0
103,3093,0,0
103,3094,0,0
103,3095,0,0
103,3096,0,0
103,3097,0,0
103,3098,0,0
103,3099,0,0
103,3100,0,0
103,3101,0,0
103,3102,0,0
103,3103,0,0
103,3104,0,0
103,3105,0,0
103,3106,0,0
103,3107,0,0
103,3108,0,0
103,3109,0,0
103,3110,0,0
103,3111,0,0
103,3112,0,0
103,3113,0,0
103,3114,0,0
103,3115,0,0
103,3116,0,0
103,3117,0,0
103,3118,0,0
103,3119,0,0
103,3120,0,0
103,3121,0,0
103,3122,0,0
103,3123,0,0
103,3124,0,0
103,3125,0,0
103,3126,0,0
103,3127,0,0
103,3128,0,0
103,3129,0,0
103,3130,0,0
103,3131,0,0
103,3132,0,0
103,3133,0,0
103,3134,0,0
103,3135,0,0
103,3136,0,0
103,3137,0,0
103,3138,0,0
103,3139,0,0
103,3140,0,0
103,3141,0,0
103,3142,0,0
103,3143,0,0
103,3144,0,0
103,3145,0,0
103,3146,0,0
103,3147,0,0
103,3148,0,0
103,3149,0,0
103,3150,0,0
103,3151,0,0
103,3152,0,0
103,3153,0,0
103,3154,0,0
103,3155,0,0
103,3156,0,0
103,3157,0,0
103,3158,0,0
103,3159,0,0
103,3160,0,0
103,3161,0,0
103,3162,0,0
103,3163,0,0
103,3164,0,0
103,3165,0,0
103,3166,0,0
103,3167,0,0
103,3168,0,0
103,3169,0,0
103,3170,0,0
103,3171,0,0
103,3172,0,0
103,3173,0,0
103,3174,0,0
103,3175,0,0
103,3176,0,0
103,3177,0,0
103,3178,0,0
103,3179,0,0
103,3180,0,0
103,3181,0,0
103,3182,0,0
103,3183,0,0
103,3184,0,0
103,3185,0,0
103,3186,0,0
103,3187,0,0
103,3188,0,0
103,3189,0,0
103,3190,0,0
103,3191,0,0
103,3192,0,0
103,3193,0,0
103,3194,0,0
103,3195,0,0
103,3196,0,0
103,3197,0,0
103,3198,0,0
103,3199,0,0
103,3200,0,0
103,3201,0,0
103,3202,0,0
103,3203,0,0
103,3204,0,0
103,3205,0,0
103,3206,0,0
103,3207,0,0
103,3208,0,0
103,3209,0,0
103,3210,0,0
103,3211,0,0
103,3212,0,0
103,3213,0,0
103,3214,0,0
103,3215,0,0
103,3216,0,0
103,3217,0,0
103,3218,0,0
103,3219,0,0
103,3220,0,0
103,3221,0,0
103,3222,0,0
103,3223,0,0
103,3224,0,0
103,3225,0,0
103,3226,0,0
103,3227,0,0
103,3228,0,0
103,3229,0,0
103,3230,0,0
103,3231,0,0
103,3232,0,0
103,3233,0,0
103,3234,0,0
103,3235,0,0
103,3236,0,0
103,3237,0,0
103,3238,0,0
103,3239,0,0
103,3240,0,0
103,3241,0,0
103,3242,0,0
103,3243,0,0
103,3244,0,0
103,3245,0,0
103,3246,0,0
103,3247,0,0
103,3248,0,0
103,3249,0,0
103,3250,0,0
103,3251,0,0
103,3252,0,0
103,3253,0,0
103,3254,0,0
103,3255,0,0
103,3256,0,0
103,3257,0,0
103,3258,0,0
103,3259,0,0
103,3260,0,0
103,3261,0,0
103,3262,0,0
103,3263,0,0
103,3264,0,0
103,3265,0,0
103,3266,0,0
103,3267,0,0
103,3268,0,0
103,3269,0,0
103,3270,0,0
103,3271,0,0
103,3272,0,0
103,3273,0,0
103,3274,0,0
103,3275,0,0
103,3276,0,0
103,3277,0,0
103,3278,0,0
103,3279,0,0
103,3280,0,0
103,3281,0,0
103,3282,0,0
103,3283,0,0
103,3284,0,0
103,3285,0,0
103,3286,0,0
103,3287,0,0
103,3288,0,0
103,3289,0,0
103,3290,0,0
103,3291,0,0
103,3292,0,0
103,3293,0,0
103,3294,0,0
103,3295,0,0
103,3296,0,0
103,3297,0,0
103,3298,0,0
103,3299,0,0
103,3300,0,0
103,3301,0,0
103,3302,0,0
103,3303,0,0
103,3304,0,0
103,3305,0,0
103,3306,0,0
103,3307,0,0
103,3308,0,0
103,3309,0,0
103,3310,0,0
103,3311,0,0
103,3312,0,0
103,3313,0,0
103,3314,0,0
103,3315,0,0
103,3316,0,0
103,3317,0,0
103,3318,0,0
103,3319,0,0
103,3320,0,0
103,3321,0,0
103,3322,0,0
103,3323,0,0
103,3324,0,0
103,3325,0,0
103,3326,0,0
103,3327,0,0
103,3328,0,0
103,3329,0,0
103,3330,0,0
103,3331,0,0
103,3332,0,0
103,3333,0,0
103,3334,0,0
103,3335,0,0
103,3336,0,0
103,3337,0,0
103,3338,0,0
103,3339,0,0
103,3340,0,0
103,3341,0,0
103,3342,0,0
103,3343,0,0
103,3344,0,0
103,3345,0,0
103,3346,0,0
103,3347,0,0
103,3348,0,0
103,3349,0,0
103,3350,0,0
103,3351,0,0
103,3352,0,0
103,3353,0,0
103,3354,0,0
103,3355,0,0
103,3356,0,0
103,3357,0,0
103,3358,0,0
103,3359,0,0
103,3360,0,0
103,3361,0,0
103,3362,0,0
103,3363,0,0
103,3364,0,0
103,3365,0,0
103,3366,0,0
103,3367,0,0
103,3368,0,0
103,3369,0,0
103,3370,0,0
103,3371,0,0
103,3372,0,0
103,3373,0,0
103,3374,0,0
103,3375,0,0
103,3376,0,0
103,3377,0,0
103,3378,0,0
103,3379,0,0
103,3380,0,0
103,3381,0,0
103,3382,0,0
103,3383,0,0
103,3384,0,0
103,3385,0,0
103,3386,0,0
103,3387,0,0
103,3388,0,0
103,3389,0,0
103,3390,0,0
103,3391,0,0
103,3392,0,0
103,3393,0,0
103,3394,0,0
103,3395,0,0
103,3396,0,0
103,3397,0,0
103,3398,0,0
103,3399,0,0
103,3400,0,0
103,3401,0,0
103,3402,0,0
103,3403,0,0
103,3404,0,0
103,3405,0,0
103,3406,0,0
103,3407,0,0
103,3408,0,0
103,3409,0,0
103,3410,0,0
103,3411,0,0
103,3412,0,0
103,3413,0,0
103,3414,0,0
103,3415,0,0
103,3416,0,0
103,3417,0,0
103,3418,0,0
103,3419,0,0
103,3420,0,0
103,3421,0,0
103,3422,0,0
103,3423,0,0
103,3424,0,0
103,3425,0,0
103,3426,0,0
103,3427,0,0
103,3428,0,0
103,3429,0,0
103,3430,0,0
103,3431,0,0
103,3432,0,0
103,3433,0,0
103,3434,0,0
103,3435,0,0
103,3436,0,0
103,3437,0,0
103,3438,0,0
103,3439,0,0
103,3440,0,0
103,3441,0,0
103,3442,0,0
103,3443,0,0
103,3444,0,0
103,3445,0,0
103,3446,0,0
103,3447,0,0
103,3448,0,0
103,3449,0,0
103,3450,0,0
103,3451,0,0
103,3452,0,0
103,3453,0,0
103,3454,0,0
103,3455,0,0
103,3456,0,0
103,3457,0,0
103,3458,0,0
103,3459,0,0
103,3460,0,0
103,3461,0,0
103,3462,0,0
103,3463,0,0
103,3464,0,0
103,3465,0,0
103,3466,0,0
103,3467,0,0
103,3468,0,0
103,3469,0,0
103,3470,0,0
103,3471,0,0
103,3472,0,0
103,3473,0,0
103,3474,0,0
103,3475,0,0
103,3476,0,0
103,3477,0,0
103,3478,0,0
103,3479,0,0
103,3480,0,0
103,3481,0,0
103,3482,0,0
103,3483,0,0
103,3484,0,0
103,3485,0,0
103,3486,0,0
103,3487,0,0
103,3488,0,0
103,3489,0,0
103,3490,0,0
103,3491,0,0
103,3492,0,0
103,3493,0,0
103,3494,0,0
103,3495,0,0
103,3496,0,0
103,3497,0,0
103,3498,0,0
103,3499,0,0
103,3500,0,0
103,3501,0,0
103,3502,0,0
103,3503,0,0
103,3504,0,0
103,3505,0,0
103,3506,0,0
103,3507,0,0
103,3508,0,0
103,3509,0,0
103,3510,0,0
103,3511,0,0
103,3512,0,0
103,3513,0,0
103,3514,0,0
103,3515,0,0
103,3516,0,0
103,3517,0,0
103,3518,0,0
103,3519,0,0
103,3520,0,0
103,3521,0,0
103,3522,0,0
103,3523,0,0
103,3524,0,0
103,3525,0,0
103,3526,0,0
103,3527,0,0
103,3528,0,0
103,3529,0,0
103,3530,0,0
103,3531,0,0
103,3532,0,0
103,3533,0,0
103,3534,0,0
103,3535,0,0
103,3536,0,0
103,3537,0,0
103,3538,0,0
103,3539,0,0
103,3540,0,0
103,3541,0,1
103,3542,0,0
103,3543,0,0
103,3544,0,0
103,3545,0,0
103,3546,0,0
103,3547,0,0
103,3548,0,0
103,3549,0,0
103,3550,0,0
103,3551,0,0
103,3552,0,0
103,3553,0,0
103,3554,0,0
103,3555,0,0
103,3556,0,0
103,3557,0,0
103,3558,0,0
103,3559,0,0
103,3560,0,0
103,3561,0,0
103,3562,0,0
103,3563,0,0
103,3564,0,0
103,3565,0,0
103,3566,0,0
103,3567,0,0
103,3568,0,0
103,3569,0,0
103,3570,0,0
103,3571,0,0
103,3572,0,0
103,3573,0,0
103,3574,0,0
103,3575,0,0
103,3576,0,0
103,3577,0,0
103,3578,0,0
103,3579,0,0
103,3580,0,0
103,3581,0,0
103,3582,0,0
103,3583,0,0
103,3584,0,0
103,3585,0,0
103,3586,0,0
103,3587,0,0
103,3588,0,0
103,3589,0,0
103,3590,0,0
103,3591,0,0
103,3592,0,0
103,3593,0,0
103,3594,0,0
103,3595,0,0
103,3596,0,0
103,3597,0,0
103,3598,0,0
103,3599,0,0
103,3600,0,0
103,3601,0,0
103,3602,0,0
103,3603,0,0
103,3604,0,0
103,3605,0,0
103,3606,0,1
103,3607,0,0
103,3608,0,1
103,3609,0,1
103,3610,0,0
103,3611,0,0
103,3612,0,0
103,3613,0,0
103,3614,0,0
103,3615,0,0
103,3616,0,0
103,3617,0,0
103,3618,0,0
103,3619,0,0
103,3620,0,0
103,3621,0,0
103,3622,0,0
103,3623,0,0
103,3624,1,0
103,3625,0,0
103,3626,0,0
103,3627,0,0
103,3628,0,0
103,3629,0,0
103,3630,0,0
103,3631,0,0
103,3632,0,0
103,3633,0,0
103,3634,0,0
103,3635,0,0
103,3636,0,0
103,3637,0,0
103,3638,0,0
103,3639,0,0
103,3640,0,0
103,3641,0,0
103,3642,0,0
103,3643,0,0
103,3644,0,0
103,3645,0,0
103,3646,0,0
103,3647,0,0
103,3648,0,0
103,3649,0,0
103,3650,0,0
103,3651,0,0
103,3652,0,0
103,3653,0,0
103,3654,0,0
103,3655,0,0
103,3656,0,0
103,3657,0,0
103,3658,0,0
103,3659,0,0
103,3660,0,0
103,3661,0,0
103,3662,0,0
103,3663,0,0
103,3664,0,0
103,3665,0,0
103,3666,0,0
103,3667,0,0
103,3668,0,0
103,3669,0,1
103,3670,0,0
103,3671,0,0
103,3672,0,0
103,3673,0,0
103,3674,0,0
103,3675,0,0
103,3676,0,0
103,3677,0,0
103,3678,0,0
103,3679,0,0
103,3680,0,1
103,3681,0,0
103,3682,0,0
103,3683,0,0
103,3684,0,0
103,3685,0,0
103,3686,0,0
103,3687,0,0
103,3688,0,0
103,3689,0,0
103,3690,0,0
103,3691,0,0
103,3692,0,0
103,3693,0,0
103,3694,0,0
103,3695,0,0
103,3696,0,0
103,3697,0,0
103,3698,0,0
103,3699,0,0
103,3700,0,0
103,3701,0,0
103,3702,0,0
103,3703,0,0
103,3704,0,0
103,3705,0,0
103,3706,0,0
103,3707,0,0
103,3708,0,0
103,3709,0,0
103,3710,0,0
103,3711,0,0
103,3712,0,0
103,3713,0,0
103,3714,0,0
103,3715,0,0
103,3716,0,0
103,3717,0,0
103,3718,0,0
103,3719,0,0
103,3720,0,0
103,3721,0,0
103,3722,0,0
103,3723,0,0
103,3724,0,0
103,3725,0,0
103,3726,0,0
103,3727,0,0
103,3728,0,0
103,3729,0,0
103,3730,0,0
103,3731,0,0
103,3732,0,0
103,3733,0,0
103,3734,0,0
103,3735,0,0
103,3736,0,0
103,3737,0,0
103,3738,0,0
103,3739,0,0
103,3740,0,0
103,3741,0,0
103,3742,0,0
103,3743,0,0
103,3744,0,0
103,3745,0,0
103,3746,0,0
103,3747,0,0
103,3748,0,0
103,3749,0,0
103,3750,0,0
103,3751,0,0
103,3752,0,0
103,3753,0,0
103,3754,0,0
103,3755,0,0
103,3756,0,0
103,3757,0,0
103,3758,0,0
103,3759,0,0
103,3760,0,0
103,3761,0,0
103,3762,0,0
103,3763,0,0
103,3764,0,0
103,3765,0,0
103,3766,0,0
103,3767,0,0
103,3768,0,0
103,3769,0,0
103,3770,0,0
103,3771,0,0
103,3772,0,0
103,3773,0,0
103,3774,0,0
103,3775,0,0
103,3776,0,0
103,3777,0,0
103,3778,0,0
103,3779,0,0
103,3780,0,0
103,3781,0,0
103,3782,0,0
103,3783,0,0
103,3784,0,0
103,3785,0,0
103,3786,0,0
103,3787,0,0
103,3788,0,0
103,3789,0,0
103,3790,0,0
103,3791,0,0
103,3792,0,0
103,3793,0,0
103,3794,0,0
103,3795,0,0
103,3796,0,0
103,3797,0,0
103,3798,0,0
103,3799,0,0
103,3800,0,0
103,3801,0,0
103,3802,0,0
103,3803,0,0
103,3804,0,0
103,3805,0,0
103,3806,0,0
103,3807,0,0
103,3808,0,0
103,3809,0,0
103,3810,0,0
103,3811,0,0
103,3812,0,0
103,3813,0,0
103,3814,0,0
103,3815,0,0
103,3816,0,0
103,3817,0,0
103,3818,0,0
103,3819,0,0
103,3820,0,0
103,3821,0,0
103,3822,0,0
103,3823,0,0
103,3824,0,0
103,3825,0,0
103,3826,0,0
103,3827,0,0
103,3828,0,0
103,3829,0,0
103,3830,0,0
103,3831,0,0
103,3832,0,0
103,3833,0,0
103,3834,0,0
103,3835,0,0
103,3836,0,0
103,3837,0,0
103,3838,0,0
103,3839,0,0
103,3840,0,0
103,3841,0,0
103,3842,0,0
103,3843,0,0
103,3844,0,0
103,3845,0,0
103,3846,0,0
103,3847,0,0
103,3848,0,0
103,3849,0,0
103,3850,0,0
103,3851,0,0
103,3852,0,0
103,3853,1,0
103,3854,0,0
103,3855,0,0
103,3856,0,0
103,3857,0,0
103,3858,0,0
103,3859,0,0
103,3860,0,0
103,3861,0,0
103,3862,0,0
103,3863,0,0
103,3864,0,0
103,3865,0,0
103,3866,0,0
103,3867,0,0
103,3868,0,0
103,3869,0,0
103,3870,0,0
103,3871,0,0
103,3872,0,0
103,3873,0,0
103,3874,0,0
103,3875,0,0
103,3876,0,0
103,3877,0,0
103,3878,0,0
103,3879,0,0
103,3880,0,0
103,3881,0,0
103,3882,0,0
103,3883,0,0
103,3884,0,0
103,3885,0,0
103,3886,0,0
103,3887,0,0
103,3888,0,0
103,3889,0,0
103,3890,0,0
103,3891,0,0
103,3892,0,0
103,3893,0,0
103,3894,0,0
103,3895,0,0
103,3896,0,0
103,3897,0,0
103,3898,0,0
103,3899,0,0
103,3900,0,0
103,3901,0,0
103,3902,0,0
103,3903,0,0
103,3904,0,0
103,3905,0,0
103,3906,0,0
103,3907,0,0
103,3908,0,0
103,3909,0,0
103,3910,0,0
103,3911,0,0
103,3912,0,0
103,3913,0,0
103,3914,0,0
103,3915,0,0
103,3916,0,0
103,3917,0,0
103,3918,0,0
103,3919,0,0
103,3920,0,0
103,3921,0,0
103,3922,0,0
103,3923,0,0
103,3924,0,0
103,3925,0,0
103,3926,0,0
103,3927,0,0
103,3928,0,0
103,3929,0,0
103,3930,0,0
103,3931,0,0
103,3932,0,0
103,3933,0,0
103,3934,0,0
103,3935,0,0
103,3936,0,0
103,3937,0,0
103,3938,0,0
103,3939,0,0
103,3940,0,0
103,3941,0,0
103,3942,0,0
103,3943,0,0
103,3944,0,0
103,3945,0,0
103,3946,0,0
103,3947,0,0
103,3948,0,0
103,3949,0,0
103,3950,0,0
103,3951,0,0
103,3952,0,0
103,3953,0,0
103,3954,0,0
103,3955,0,0
103,3956,0,0
103,3957,0,0
103,3958,0,0
103,3959,0,0
103,3960,0,0
103,3961,0,0
103,3962,0,0
103,3963,0,0
103,3964,0,0
103,3965,0,0
103,3966,0,0
103,3967,0,0
103,3968,0,0
103,3969,0,0
103,3970,0,0
103,3971,0,0
103,3972,0,0
103,3973,0,0
103,3974,0,0
103,3975,0,0
103,3976,0,0
103,3977,0,0
103,3978,0,0
103,3979,0,0
103,3980,0,0
103,3981,0,0
103,3982,0,0
103,3983,0,0
103,3984,0,0
103,3985,0,0
103,3986,0,0
103,3987,0,0
103,3988,0,0
103,3989,0,0
103,3990,0,0
103,3991,0,0
103,3992,0,0
103,3993,0,0
103,3994,0,0
103,3995,0,0
103,3996,0,0
103,3997,0,0
103,3998,0,0
103,3999,0,0
103,4000,0,0
103,4001,0,0
103,4002,0,0
103,4003,0,0
103,4004,0,0
103,4005,0,0
103,4006,0,0
103,4007,0,0
103,4008,0,0
103,4009,0,0
103,4010,0,0
103,4011,0,0
103,4012,0,0
103,4013,0,0
103,4014,0,0
103,4015,0,0
103,4016,0,0
103,4017,0,0
103,4018,0,0
103,4019,0,0
103,4020,0,0
103,4021,0,0
103,4022,0,0
103,4023,0,0
103,4024,0,0
103,4025,0,0
103,4026,0,0
103,4027,0,0
103,4028,0,0
103,4029,0,0
103,4030,0,0
103,4031,0,0
103,4032,0,0
103,4033,0,0
103,4034,0,0
103,4035,0,0
103,4036,0,0
103,4037,0,0
103,4038,0,0
103,4039,0,0
103,4040,0,0
103,4041,0,0
103,4042,0,0
103,4043,0,0
103,4044,0,0
103,4045,0,0
103,4046,0,0
103,4047,0,0
103,4048,0,0
103,4049,0,0
103,4050,0,0
103,4051,0,0
103,4052,0,0
103,4053,0,0
103,4054,0,0
103,4055,0,0
103,4056,0,0
103,4057,0,0
103,4058,0,0
103,4059,0,0
103,4060,0,0
103,4061,0,0
103,4062,0,0
103,4063,0,0
103,4064,0,0
103,4065,0,0
103,4066,0,0
103,4067,0,0
103,4068,0,0
103,4069,0,0
103,4070,0,0
103,4071,0,0
103,4072,0,0
103,4073,0,0
103,4074,0,0
103,4075,0,0
103,4076,0,0
103,4077,0,0
103,4078,0,0
103,4079,0,0
103,4080,0,0
103,4081,0,0
103,4082,0,0
103,4083,0,0
103,4084,0,0
103,4085,0,0
103,4086,0,0
103,4087,0,0
103,4088,0,0
103,4089,0,0
103,4090,0,0
103,4091,0,0
103,4092,0,0
103,4093,0,0
103,4094,0,0
103,4095,0,0
103,4096,0,0
103,4097,0,0
103,4098,0,0
103,4099,0,0
103,4100,0,0
103,4101,0,0
103,4102,0,0
103,4103,0,0
103,4104,0,0
103,4105,0,0
103,4106,0,0
103,4107,0,0
103,4108,0,0
103,4109,0,0
103,4110,0,0
103,4111,0,0
103,4112,0,0
103,4113,0,0
103,4114,0,0
103,4115,0,0
103,4116,0,0
103,4117,0,0
103,4118,0,0
103,4119,0,0
103,4120,0,0
103,4121,0,0
103,4122,0,0
103,4123,0,0
103,4124,0,0
103,4125,0,0
103,4126,0,0
103,4127,0,0
103,4128,0,0
103,4129,0,0
103,4130,0,0
103,4131,0,0
103,4132,0,0
103,4133,0,0
103,4134,0,0
103,4135,0,0
103,4136,0,0
103,4137,0,0
103,4138,0,0
103,4139,0,0
103,4140,0,0
103,4141,0,0
103,4142,0,0
103,4143,0,0
103,4144,0,0
103,4145,0,0
103,4146,0,0
103,4147,0,0
103,4148,0,0
103,4149,0,0
103,4150,0,0
103,4151,0,0
103,4152,0,0
103,4153,0,0
103,4154,0,0
103,4155,0,0
103,4156,0,0
103,4157,0,0
103,4158,0,0
103,4159,0,0
103,4160,0,0
103,4161,0,0
103,4162,0,0
103,4163,0,0
103,4164,0,0
103,4165,0,0
103,4166,0,0
103,4167,0,0
103,4168,0,0
103,4169,0,0
103,4170,0,0
103,4171,0,0
103,4172,0,0
103,4173,0,0
103,4174,0,0
103,4175,0,0
103,4176,0,0
103,4177,0,0
103,4178,0,0
103,4179,0,0
103,4180,0,0
103,4181,0,0
103,4182,0,0
103,4183,0,0
103,4184,0,0
103,4185,0,0
103,4186,0,0
103,4187,0,0
103,4188,0,0
103,4189,0,0
103,4190,0,0
103,4191,0,0
103,4192,0,0
103,4193,0,0
103,4194,0,0
103,4195,0,0
103,4196,0,0
103,4197,0,0
103,4198,0,0
103,4199,0,0
103,4200,0,0
103,4201,0,0
103,4202,0,0
103,4203,0,0
103,4204,0,0
103,4205,0,0
103,4206,0,0
103,4207,0,0
103,4208,0,0
103,4209,0,0
103,4210,0,0
103,4211,0,0
103,4212,0,0
103,4213,0,0
103,4214,0,0
103,4215,0,0
103,4216,0,0
103,4217,0,0
103,4218,0,0
103,4219,0,0
103,4220,0,0
103,4221,0,0
103,4222,0,0
103,4223,0,0
103,4224,0,0
103,4225,0,0
103,4226,0,0
103,4227,0,0
103,4228,0,0
103,4229,0,0
103,4230,0,0
103,4231,0,0
103,4232,0,0
103,4233,0,0
103,4234,0,0
103,4235,0,0
103,4236,0,0
103,4237,0,0
103,4238,0,0
103,4239,0,0
103,4240,0,0
103,4241,0,0
103,4242,0,0
103,4243,0,0
103,4244,0,0
103,4245,0,0
103,4246,0,0
103,4247,0,0
103,4248,0,0
103,4249,0,0
103,4250,0,0
103,4251,0,0
103,4252,0,0
103,4253,0,0
103,4254,0,0
103,4255,0,0
103,4256,0,0
103,4257,0,0
103,4258,0,0
103,4259,0,0
103,4260,0,0
103,4261,0,0
103,4262,0,0
103,4263,0,0
103,4264,0,0
103,4265,0,0
103,4266,0,0
103,4267,0,0
103,4268,0,0
103,4269,0,0
103,4270,0,0
103,4271,0,0
103,4272,0,0
103,4273,0,0
103,4274,0,0
103,4275,0,0
103,4276,0,0
103,4277,0,0
103,4278,0,0
103,4279,0,0
103,4280,0,0
103,4281,0,0
103,4282,0,0
103,4283,0,0
103,4284,0,0
103,4285,0,0
103,4286,0,0
103,4287,0,0
103,4288,0,0
103,4289,0,0
103,4290,0,0
103,4291,0,0
103,4292,0,0
103,4293,0,0
103,4294,0,0
103,4295,0,0
103,4296,0,0
103,4297,0,0
103,4298,0,0
103,4299,0,0
103,4300,0,0
103,4301,0,0
103,4302,0,0
103,4303,0,0
103,4304,0,0
103,4305,0,0
103,4306,0,0
103,4307,0,0
103,4308,0,0
103,4309,0,0
103,4310,0,0
103,4311,0,0
103,4312,0,0
103,4313,0,0
103,4314,0,0
103,4315,0,0
103,4316,0,0
103,4317,0,0
103,4318,0,0
103,4319,0,0
103,4320,0,0
103,4321,0,0
103,4322,0,0
103,4323,0,0
103,4324,0,0
103,4325,0,0
103,4326,0,0
103,4327,0,0
103,4328,0,0
103,4329,0,0
103,4330,0,0
103,4331,0,0
103,4332,0,0
103,4333,0,0
103,4334,0,0
103,4335,0,0
103,4336,0,0
103,4337,0,0
103,4338,0,0
103,4339,0,0
103,4340,0,0
103,4341,0,0
103,4342,0,0
103,4343,0,0
103,4344,0,0
103,4345,0,0
103,4346,0,0
103,4347,0,0
103,4348,0,0
103,4349,0,0
103,4350,0,0
103,4351,0,0
103,4352,0,0
103,4353,0,0
105,4354,0,0
105,4355,0,0
105,4356,0,0
105,4357,0,0
105,4358,0,0
105,4359,0,0
105,4360,0,0
105,4361,0,0
105,4362,0,0
105,4363,0,0
105,4364,0,0
105,4365,0,0
105,4366,0,0
105,4367,0,0
105,4368,0,0
105,4369,0,0
105,4370,0,0
105,4371,0,0
105,4372,0,0
105,4373,0,0
105,4374,0,0
105,4375,2,0
105,4376,0,0
105,4377,0,0
105,4378,0,0
105,4379,0,0
105,4380,0,0
105,4381,0,0
105,4382,0,0
105,4383,0,0
105,4384,2,1
105,4385,0,0
105,4386,0,0
105,4387,0,0
105,4388,0,0
105,4389,0,0
105,4390,0,0
105,4391,0,0
105,4392,0,0
105,4393,0,0
105,4394,0,0
105,4395,0,0
105,4396,0,0
105,4397,0,0
105,4398,0,0
105,4399,0,0
105,4400,0,0
105,4401,0,3
105,4402,2,2
105,4403,0,0
105,4404,0,0
105,4405,0,0
105,4406,0,0
105,4407,0,0
105,4408,0,0
105,4409,0,0
105,4410,0,0
105,4411,0,0
105,4412,0,0
105,4413,0,0
105,4414,0,0
105,4415,0,0
105,4416,0,0
105,4417,0,0
105,4418,0,0
105,4419,0,0
105,4420,0,0
105,4421,0,0
105,4422,0,0
105,4423,0,0
105,4424,0,0
105,4425,0,0
105,4426,0,0
105,4427,0,0
105,4428,0,0
105,4429,0,0
105,4430,0,0
105,4431,0,0
105,4432,0,0
105,4433,0,0
105,4434,0,3
105,4435,2,0
105,4436,0,0
105,4437,0,2
105,4438,0,0
105,4439,0,0
105,4440,0,0
105,4441,0,0
105,4442,0,0
105,4443,0,0
105,4444,0,0
105,4445,0,0
105,4446,0,0
105,4447,0,0
105,4448,0,0
105,4449,2,0
105,4450,0,0
105,4451,0,0
105,4452,0,0
105,4453,0,0
105,4454,0,0
105,4455,0,0
105,4456,0,0
105,4457,0,0
105,4458,0,0
105,4459,0,0
105,4460,0,0
105,4461,0,0
105,4462,0,0
105,4463,0,0
105,4464,0,0
105,4465,0,0
105,4466,0,0
105,4467,0,0
105,4468,0,0
105,4469,0,0
105,4470,0,0
105,4471,0,0
105,4472,0,0
105,4473,0,0
105,4474,0,0
105,4475,0,0
105,4476,0,0
105,4477,0,0
105,4478,0,0
105,4479,0,0
105,4480,0,0
105,4481,0,0
105,4482,0,0
105,4483,0,0
105,4484,0,0
105,4485,0,0
105,4486,0,0
105,4487,0,0
105,4488,0,0
105,4489,0,0
105,4490,0,0
105,4491,0,0
105,4492,0,0
105,4493,0,0
105,4494,0,0
105,4495,2,0
105,4496,0,0
105,4497,0,0
105,4498,0,0
105,4499,0,0
105,4500,0,0
105,4501,0,0
105,4502,0,0
105,4503,0,0
105,4504,0,0
105,4505,0,0
105,4506,0,0
105,4507,0,0
105,4508,0,0
105,4509,0,0
105,4510,0,0
105,4511,0,0
105,4512,0,0
105,4513,0,0
105,4514,0,0
105,4515,0,0
105,4516,0,0
105,4517,0,0
105,4518,0,0
105,4519,0,0
105,4520,0,0
105,4521,0,0
105,4522,0,0
105,4523,0,0
105,4524,0,0
105,4525,0,0
105,4526,0,0
105,4527,0,0
105,4528,0,0
105,4529,0,0
105,4530,2,0
105,4531,0,0
105,4532,0,0
105,4533,0,0
105,4534,0,0
105,4535,0,0
105,4536,0,0
105,4537,0,0
105,4538,0,0
105,4539,0,0
105,4540,0,0
105,4541,0,0
105,4542,0,0
105,4543,0,0
105,4544,0,0
105,4545,0,0
105,4546,0,0
105,4547,0,0
105,4548,0,0
105,4549,0,0
105,4550,0,0
105,4551,0,0
105,4552,0,0
105,4553,0,0
105,4554,0,0
105,4555,0,0
105,4556,0,0
105,4557,0,0
105,4558,0,0
105,4559,0,0
105,4560,0,0
105,4561,0,0
105,4562,0,0
105,4563,0,0
105,4564,0,0
105,4565,0,0
105,4566,0,0
105,4567,0,0
105,4568,0,0
105,4569,0,0
105,4570,0,0
105,4571,0,0
105,4572,0,0
105,4573,0,0
105,4574,0,0
105,4575,2,0
105,4576,0,0
105,4577,0,0
105,4578,0,0
105,4579,0,0
105,4580,0,0
105,4581,0,0
105,4582,0,0
105,4583,0,0
105,4584,0,0
105,4585,0,0
105,4586,0,0
105,4587,0,0
105,4588,0,0
105,4589,0,0
105,4590,0,0
105,4591,0,0
105,4592,0,0
105,4593,0,0
105,4594,0,0
105,4595,0,0
105,4596,0,0
105,4597,0,0
105,4598,0,0
105,4599,0,0
105,4600,0,0
105,4601,0,0
105,4602,0,0
105,4603,0,0
105,4604,0,0
105,4605,0,0
105,4606,0,0
105,4607,0,0
105,4608,0,0
105,4609,0,0
105,4610,0,0
105,4611,0,0
105,4612,2,0
105,4613,0,0
105,4614,0,0
105,4615,0,0
105,4616,0,0
105,4617,0,0
105,4618,0,0
105,4619,0,0
105,4620,0,0
105,4621,0,0
105,4622,0,0
105,4623,0,0
105,4624,0,0
105,4625,0,0
105,4626,0,0
105,4627,0,0
105,4628,0,0
105,4629,0,0
105,4630,0,0
105,4631,0,0
105,4632,0,0
105,4633,0,0
105,4634,2,0
105,4635,0,0
105,4636,0,0
105,4637,0,0
105,4638,0,0
105,4639,0,0
105,4640,0,0
105,4641,2,2
105,4642,0,0
105,4643,0,0
105,4644,0,0
105,4645,0,0
105,4646,0,0
105,4647,0,0
105,4648,0,0
105,4649,0,0
105,4650,0,0
105,4651,0,0
105,4652,0,0
105,4653,0,0
105,4654,0,0
105,4655,0,0
105,4656,0,0
105,4657,0,0
105,4658,0,0
105,4659,0,0
105,4660,0,0
105,4661,0,0
105,4662,0,0
105,4663,0,0
105,4664,0,0
105,4665,0,0
105,4666,0,0
105,4667,0,0
105,4668,0,0
105,4669,0,0
105,4670,0,0
105,4671,0,0
105,4672,0,0
105,4673,0,0
105,4674,0,0
105,4675,0,0
105,4676,0,0
105,4677,0,0
105,4678,0,0
105,4679,0,0
105,4680,0,0
105,4681,0,0
105,4682,0,0
105,4683,0,0
105,4684,0,0
105,4685,0,0
105,4686,0,0
105,4687,0,0
105,4688,0,0
105,4689,0,0
105,4690,0,0
105,4691,0,0
105,4692,0,0
105,4693,0,0
105,4694,0,0
105,4695,0,0
105,4696,0,0
105,4697,0,0
105,4698,0,0
105,4699,0,0
105,4700,0,2
105,4701,0,0
105,4702,0,0
105,4703,0,0
105,4704,0,0
105,4705,0,0
105,4706,0,0
105,4707,0,0
105,4708,0,0
105,4709,0,0
105,4710,0,0
105,4711,0,0
105,4712,0,0
105,4713,0,0
105,4714,0,0
105,4715,0,0
105,4716,0,0
105,4717,0,0
105,4718,0,0
105,4719,0,0
105,4720,0,0
105,4721,0,0
105,4722,0,0
105,4723,0,0
105,4724,0,0
105,4725,0,0
105,4726,0,0
105,4727,0,0
105,4728,0,0
105,4729,0,0
105,4730,0,0
105,4731,0,0
105,4732,0,0
105,4733,0,0
105,4734,0,0
105,4735,0,0
105,4736,0,0
105,4737,0,0
105,4738,0,0
105,4739,0,0
105,4740,0,0
105,4741,0,0
105,4742,0,0
105,4743,0,0
105,4744,0,0
105,4745,0,0
105,4746,0,0
105,4747,0,0
105,4748,2,0
105,4749,0,0
105,4750,0,0
105,4751,0,0
105,4752,0,0
105,4753,0,0
105,4754,0,0
105,4755,0,0
105,4756,0,0
105,4757,0,0
105,4758,0,0
105,4759,0,0
105,4760,0,0
105,4761,0,0
105,4762,0,0
105,4763,0,0
105,4764,0,0
105,4765,0,0
105,4766,0,0
105,4767,0,0
105,4768,0,0
105,4769,0,0
105,4770,0,0
105,4771,2,0
105,4772,0,0
105,4773,0,0
105,4774,0,0
105,4775,0,0
105,4776,0,0
105,4777,0,0
105,4778,0,0
105,4779,0,0
105,4780,0,0
105,4781,0,0
105,4782,0,0
105,4783,0,0
105,4784,0,0
105,4785,0,0
105,4786,0,0
105,4787,0,0
105,4788,0,0
105,4789,0,0
105,4790,0,0
105,4791,0,0
105,4792,0,0
105,4793,0,0
105,4794,0,0
105,4795,0,0
105,4796,0,0
105,4797,0,0
105,4798,0,0
105,4799,0,0
105,4800,0,0
105,4801,0,0
105,4802,0,0
105,4803,0,0
105,4804,0,0
105,4805,0,0
105,4806,0,0
105,4807,0,0
105,4808,0,0
105,4809,0,0
105,4810,0,3
105,4811,2,0
105,4812,0,0
105,4813,0,0
105,4814,0,0
105,4815,0,0
105,4816,0,0
105,4817,0,0
105,4818,0,0
105,4819,0,0
105,4820,0,0
105,4821,0,0
105,4822,0,0
105,4823,0,0
105,4824,0,0
105,4825,0,0
105,4826,0,0
105,4827,0,0
105,4828,0,0
105,4829,0,0
105,4830,0,0
105,4831,0,0
105,4832,0,0
105,4833,0,0
105,4834,0,0
105,4835,0,0
105,4836,0,0
105,4837,0,0
105,4838,0,0
105,4839,0,0
105,4840,0,0
105,4841,2,0
105,4842,0,0
105,4843,0,0
105,4844,0,0
105,4845,0,0
105,4846,0,0
105,4847,0,0
105,4848,0,0
105,4849,0,0
105,4850,0,0
105,4851,0,0
105,4852,0,0
105,4853,0,0
105,4854,0,0
105,4855,0,0
105,4856,0,0
105,4857,0,0
105,4858,0,0
105,4859,0,0
105,4860,0,0
105,4861,0,0
105,4862,0,0
105,4863,0,0
105,4864,0,0
105,4865,0,0
105,4866,0,0
105,4867,0,0
105,4868,0,0
105,4869,0,0
105,4870,0,0
105,4871,0,0
105,4872,0,0
105,4873,0,0
105,4874,0,0
105,4875,0,0
105,4876,0,0
105,4877,0,0
105,4878,0,0
105,4879,0,0
105,4880,0,0
105,4881,0,0
105,4882,0,0
105,4883,0,0
105,4884,0,0
105,4885,0,0
105,4886,0,0
105,4887,0,0
105,4888,0,0
105,4889,0,0
105,4890,0,0
105,4891,0,0
105,4892,0,0
105,4893,0,0
105,4894,0,0
105,4895,0,0
105,4896,0,0
105,4897,0,0
105,4898,0,0
105,4899,0,0
105,4900,0,0
105,4901,0,0
105,4902,0,0
105,4903,0,0
105,4904,0,0
105,4905,0,0
105,4906,0,0
105,4907,0,0
105,4908,0,0
105,4909,0,0
105,4910,0,0
105,4911,0,0
105,4912,0,0
105,4913,0,0
105,4914,0,0
105,4915,0,0
105,4916,0,0
105,4917,0,0
105,4918,0,0
105,4919,0,0
105,4920,0,0
105,4921,2,0
105,4922,0,0
105,4923,0,0
105,4924,0,0
105,4925,0,0
105,4926,0,0
105,4927,0,0
105,4928,0,0
105,4929,0,0
105,4930,0,0
105,4931,0,0
105,4932,0,0
105,4933,0,0
105,4934,0,0
105,4935,0,0
105,4936,0,0
105,4937,0,0
105,4938,0,0
105,4939,0,0
105,4940,0,0
105,4941,0,0
105,4942,0,0
105,4943,0,0
105,4944,0,0
105,4945,0,0
105,4946,0,0
105,4947,0,0
105,4948,0,0
105,4949,0,0
105,4950,0,0
105,4951,0,0
105,4952,0,0
105,4953,0,0
105,4954,0,0
105,4955,0,0
105,4956,0,0
105,4957,0,0
105,4958,0,0
105,4959,2,0
105,4960,0,0
105,4961,0,0
105,4962,0,0
105,4963,0,0
105,4964,0,0
105,4965,0,0
105,4966,0,0
105,4967,0,0
105,4968,0,0
105,4969,0,0
105,4970,0,0
105,4971,0,0
105,4972,0,0
105,4973,0,0
105,4974,0,0
105,4975,0,0
105,4976,0,3
105,4977,0,0
105,4978,0,0
105,4979,0,0
105,4980,0,0
105,4981,0,0
105,4982,0,0
105,4983,0,0
105,4984,0,0
105,4985,0,3
105,4986,2,2
105,4987,0,0
105,4988,0,0
105,4989,0,0
105,4990,0,0
105,4991,0,0
105,4992,0,0
105,4993,0,0
105,4994,2,0
105,4995,0,0
105,4996,0,0
105,4997,0,0
105,4998,0,0
105,4999,0,0
105,5000,0,0
105,5001,0,0
105,5002,0,0
105,5003,0,0
105,5004,0,0
105,5005,0,0
105,5006,0,0
105,5007,0,0
105,5008,0,0
105,5009,0,0
105,5010,0,0
105,5011,0,0
105,5012,0,0
105,5013,0,0
105,5014,0,0
105,5015,0,0
105,5016,0,0
105,5017,0,0
105,5018,0,0
105,5019,0,0
105,5020,0,0
105,5021,0,0
105,5022,0,0
105,5023,0,0
105,5024,0,0
105,5025,2,0
105,5026,0,0
105,5027,0,0
105,5028,0,0
105,5029,0,0
105,5030,0,0
105,5031,0,0
105,5032,0,0
105,5033,0,0
105,5034,0,0
105,5035,0,0
105,5036,0,0
105,5037,0,0
105,5038,0,0
105,5039,0,0
105,5040,0,0
105,5041,0,0
105,5042,0,0
105,5043,0,0
105,5044,0,0
105,5045,0,0
105,5046,0,0
105,5047,0,0
105,5048,0,0
105,5049,0,0
105,5050,0,0
105,5051,0,0
105,5052,0,0
105,5053,0,0
105,5054,0,0
105,5055,0,0
105,5056,0,0
105,5057,0,0
105,5058,0,0
105,5059,0,0
105,5060,0,0
105,5061,0,0
105,5062,0,0
105,5063,0,0
105,5064,0,0
105,5065,0,0
105,5066,0,0
105,5067,0,0
105,5068,0,0
105,5069,0,0
105,5070,0,0
105,5071,0,0
105,5072,0,0
105,5073,0,0
105,5074,0,0
105,5075,0,0
105,5076,0,0
105,5077,0,0
105,5078,0,0
105,5079,0,0
105,5080,0,0
105,5081,0,0
105,5082,0,0
105,5083,0,0
105,5084,0,0
105,5085,0,0
105,5086,0,0
105,5087,0,0
105,5088,0,0
105,5089,0,0
105,5090,0,0
105,5091,0,0
105,5092,0,0
105,5093,0,0
105,5094,0,0
105,5095,0,0
105,5096,0,0
105,5097,0,0
105,5098,0,0
105,5099,0,0
105,5100,0,0
105,5101,0,0
105,5102,0,0
105,5103,0,0
105,5104,0,0
105,5105,0,0
105,5106,0,0
105,5107,0,0
105,5108,0,0
105,5109,0,0
105,5110,0,0
105,5111,0,0
105,5112,0,0
105,5113,0,0
105,5114,0,0
105,5115,0,0
105,5116,0,0
105,5117,0,0
105,5118,0,0
105,5119,2,0
105,5120,0,0
105,5121,0,0
105,5122,0,0
105,5123,0,0
105,5124,0,0
105,5125,0,0
105,5126,0,0
105,5127,0,0
105,5128,0,0
105,5129,0,0
105,5130,0,0
105,5131,0,0
105,5132,0,0
105,5133,0,0
105,5134,0,0
105,5135,0,0
105,5136,0,0
105,5137,0,0
105,5138,0,0
105,5139,0,0
105,5140,0,0
105,5141,0,0
105,5142,0,0
105,5143,0,0
105,5144,0,0
105,5145,0,0
105,5146,0,0
105,5147,0,0
105,5148,0,0
105,5149,0,0
105,5150,0,0
105,5151,0,0
105,5152,0,0
105,5153,0,0
105,5154,0,0
105,5155,0,0
105,5156,0,0
105,5157,0,0
105,5158,0,0
105,5159,0,0
105,5160,0,0
105,5161,0,0
105,5162,0,0
105,5163,0,0
105,5164,0,0
105,5165,0,0
105,5166,0,0
105,5167,0,0
105,5168,0,0
105,5169,0,0
105,5170,0,0
105,5171,0,0
105,5172,0,0
105,5173,0,0
105,5174,0,0
105,5175,0,0
105,5176,0,0
105,5177,0,0
105,5178,0,0
105,5179,0,0
105,5180,0,0
105,5181,0,0
105,5182,0,0
105,5183,0,0
105,5184,0,0
105,5185,0,0
105,5186,0,0
105,5187,0,0
105,5188,0,0
105,5189,0,0
105,5190,0,0
105,5191,0,0
105,5192,0,0
105,5193,0,0
105,5194,0,0
105,5195,0,0
105,5196,0,0
105,5197,0,0
105,5198,0,0
105,5199,0,0
105,5200,0,0
105,5201,0,0
105,5202,0,0
105,5203,0,0
105,5204,0,0
105,5205,0,0
105,5206,0,0
105,5207,0,0
105,5208,0,0
105,5209,0,0
105,5210,0,0
105,5211,0,0
105,5212,0,0
105,5213,0,0
105,5214,0,0
105,5215,0,0
105,5216,0,0
105,5217,0,0
105,5218,0,0
105,5219,0,0
105,5220,0,0
105,5221,0,0
105,5222,0,0
105,5223,0,0
105,5224,0,0
105,5225,0,0
105,5226,0,0
105,5227,0,0
105,5228,0,0
105,5229,0,0
105,5230,0,0
105,5231,0,0
105,5232,0,0
105,5233,0,0
105,5234,0,0
105,5235,0,0
105,5236,0,0
105,5237,0,0
105,5238,0,0
105,5239,0,0
105,5240,0,0
105,5241,0,0
105,5242,0,0
105,5243,0,0
105,5244,0,3
105,5245,2,0
105,5246,0,0
105,5247,0,0
105,5248,0,0
105,5249,0,0
105,5250,0,0
105,5251,0,0
105,5252,0,0
105,5253,0,0
105,5254,0,0
105,5255,0,0
105,5256,0,0
105,5257,0,0
105,5258,0,0
105,5259,0,0
105,5260,0,0
105,5261,0,0
105,5262,0,0
105,5263,0,0
105,5264,0,0
105,5265,0,0
105,5266,0,0
105,5267,0,0
105,5268,0,0
105,5269,0,0
105,5270,0,0
105,5271,2,0
105,5272,0,0
105,5273,0,0
105,5274,0,0
105,5275,0,0
105,5276,0,0
105,5277,0,0
105,5278,0,0
105,5279,0,0
105,5280,0,0
105,5281,0,0
105,5282,0,0
105,5283,0,0
105,5284,0,0
105,5285,0,0
105,5286,2,0
105,5287,0,0
105,5288,0,0
105,5289,0,0
105,5290,0,0
105,5291,0,0
105,5292,0,0
105,5293,0,0
105,5294,0,0
105,5295,0,0
105,5296,0,0
105,5297,0,0
105,5298,0,0
105,5299,0,0
105,5300,0,0
105,5301,0,0
105,5302,0,0
105,5303,0,0
105,5304,0,0
105,5305,0,0
105,5306,0,0
105,5307,0,0
105,5308,0,0
105,5309,0,0
105,5310,0,0
105,5311,0,0
105,5312,0,0
105,5313,0,0
105,5314,0,0
105,5315,0,0
105,5316,0,0
105,5317,0,0
105,5318,0,0
105,5319,0,0
105,5320,0,0
105,5321,0,0
105,5322,0,0
105,5323,0,0
105,5324,0,0
105,5325,0,0
105,5326,0,0
105,5327,0,0
105,5328,0,0
105,5329,0,0
105,5330,0,0
105,5331,0,0
105,5332,0,0
105,5333,0,3
105,5334,2,0
105,5335,0,0
105,5336,0,0
105,5337,0,0
105,5338,0,0
105,5339,0,0
105,5340,0,0
105,5341,0,0
105,5342,0,0
105,5343,0,0
105,5344,0,0
105,5345,0,0
105,5346,0,0
105,5347,0,0
105,5348,0,0
105,5349,0,0
105,5350,0,0
105,5351,0,0
105,5352,0,0
105,5353,0,0
105,5354,0,0
105,5355,0,0
105,5356,0,0
105,5357,0,0
105,5358,0,0
105,5359,0,0
105,5360,0,0
105,5361,0,0
105,5362,0,0
105,5363,0,0
105,5364,0,0
105,5365,0,0
105,5366,0,0
105,5367,0,0
105,5368,0,0
105,5369,0,0
105,5370,0,0
105,5371,0,0
105,5372,0,0
105,5373,0,0
105,5374,0,0
105,5375,0,0
105,5376,0,0
105,5377,0,0
105,5378,0,0
105,5379,0,0
105,5380,0,0
105,5381,0,0
105,5382,0,0
105,5383,0,0
105,5384,0,0
105,5385,0,0
105,5386,0,0
105,5387,0,0
105,5388,0,0
105,5389,0,0
105,5390,0,0
105,5391,2,0
105,5392,0,0
105,5393,0,0
105,5394,0,0
105,5395,0,0
105,5396,0,0
105,5397,0,0
105,5398,0,0
105,5399,0,0
105,5400,0,0
105,5401,0,0
105,5402,0,0
105,5403,0,0
105,5404,0,0
105,5405,0,0
105,5406,0,0
105,5407,0,0
105,5408,0,0
105,5409,0,0
105,5410,0,0
105,5411,0,0
105,5412,0,0
105,5413,0,0
105,5414,0,0
105,5415,0,0
105,5416,0,0
105,5417,0,0
105,5418,0,0
105,5419,0,0
105,5420,0,0
105,5421,0,0
105,5422,0,0
105,5423,0,0
105,5424,0,0
105,5425,0,0
105,5426,0,0
105,5427,0,0
105,5428,0,0
105,5429,0,0
105,5430,0,0
105,5431,0,0
105,5432,0,0
105,5433,0,0
105,5434,0,0
105,5435,0,0
105,5436,0,0
105,5437,0,0
105,5438,0,0
105,5439,0,0
105,5440,0,0
105,5441,0,0
105,5442,0,0
105,5443,0,0
105,5444,0,0
105,5445,0,0
105,5446,0,0
105,5447,0,0
105,5448,0,0
105,5449,0,0
105,5450,0,0
105,5451,0,0
105,5452,0,0
105,5453,0,0
105,5454,0,0
105,5455,0,0
105,5456,0,0
105,5457,0,0
105,5458,0,0
105,5459,0,0
105,5460,0,0
105,5461,0,0
105,5462,0,3
105,5463,0,0
105,5464,0,0
105,5465,0,0
105,5466,0,0
105,5467,0,0
105,5468,0,0
105,5469,0,0
105,5470,0,0
105,5471,0,0
105,5472,0,0
105,5473,0,0
105,5474,0,0
105,5475,0,0
105,5476,0,0
105,5477,0,0
105,5478,0,0
105,5479,0,0
105,5480,0,0
105,5481,0,0
105,5482,0,0
105,5483,0,0
105,5484,0,0
105,5485,0,0
105,5486,0,0
105,5487,0,0
105,5488,0,0
105,5489,0,0
105,5490,0,0
105,5491,0,0
105,5492,0,0
105,5493,0,0
105,5494,0,0
105,5495,2,0
105,5496,0,0
105,5497,0,0
105,5498,0,0
105,5499,0,0
105,5500,0,0
105,5501,0,0
105,5502,0,0
105,5503,0,0
105,5504,0,0
105,5505,0,0
105,5506,0,0
105,5507,0,0
105,5508,0,0
105,5509,0,0
105,5510,0,0
105,5511,0,0
105,5512,0,0
105,5513,0,0
105,5514,0,0
105,5515,0,0
105,5516,0,0
105,5517,0,0
105,5518,0,0
105,5519,0,0
105,5520,0,0
105,5521,0,0
105,5522,0,0
105,5523,0,0
105,5524,0,0
105,5525,0,0
105,5526,0,0
105,5527,0,0
105,5528,0,0
105,5529,0,0
105,5530,0,0
105,5531,0,0
105,5532,0,0
105,5533,0,0
105,5534,0,0
105,5535,0,0
105,5536,0,0
105,5537,0,0
105,5538,0,0
105,5539,0,0
105,5540,0,0
105,5541,0,0
105,5542,0,0
105,5543,0,0
105,5544,0,0
105,5545,0,0
105,5546,0,0
105,5547,0,0
105,5548,0,0
105,5549,0,0
105,5550,0,0
105,5551,0,0
105,5552,0,0
105,5553,0,0
105,5554,2,0
105,5555,0,0
105,5556,0,0
105,5557,0,0
105,5558,0,0
105,5559,0,0
105,5560,0,0
105,5561,0,0
105,5562,0,0
105,5563,0,0
105,5564,0,0
105,5565,0,0
105,5566,0,0
105,5567,0,0
105,5568,0,0
105,5569,0,0
105,5570,0,0
105,5571,0,0
105,5572,0,0
105,5573,0,0
105,5574,0,0
105,5575,0,0
105,5576,0,0
105,5577,0,0
105,5578,0,0
105,5579,0,0
105,5580,0,0
105,5581,0,0
105,5582,0,2
105,5583,0,0
105,5584,0,0
105,5585,0,0
105,5586,0,0
105,5587,0,0
105,5588,0,0
105,5589,0,0
105,5590,0,0
105,5591,0,0
105,5592,0,0
105,5593,0,0
105,5594,0,0
105,5595,0,0
105,5596,0,0
105,5597,0,0
105,5598,0,0
105,5599,0,0
105,5600,0,0
105,5601,0,0
105,5602,0,0
105,5603,0,0
105,5604,0,0
105,5605,0,0
105,5606,0,0
105,5607,0,0
105,5608,0,0
105,5609,0,0
105,5610,0,0
105,5611,0,0
105,5612,0,0
105,5613,0,0
105,5614,0,0
105,5615,0,0
105,5616,0,0
105,5617,0,0
105,5618,0,0
105,5619,0,0
105,5620,0,0
105,5621,0,0
105,5622,0,0
105,5623,0,0
105,5624,0,0
105,5625,0,0
105,5626,0,0
105,5627,0,0
105,5628,0,0
105,5629,0,0
105,5630,0,0
105,5631,0,0
105,5632,0,0
105,5633,0,0
105,5634,0,0
105,5635,0,0
105,5636,0,0
105,5637,0,0
105,5638,0,0
105,5639,0,0
105,5640,0,0
105,5641,0,0
105,5642,0,0
105,5643,0,0
105,5644,0,0
105,5645,0,0
105,5646,0,0
105,5647,0,0
105,5648,0,0
105,5649,0,0
105,5650,0,0
105,5651,0,0
105,5652,0,0
105,5653,0,0
105,5654,0,0
105,5655,0,0
105,5656,0,0
105,5657,0,0
105,5658,0,0
105,5659,0,0
105,5660,0,0
105,5661,0,0
105,5662,0,0
105,5663,0,0
105,5664,0,0
105,5665,0,0
105,5666,0,0
105,5667,0,0
105,5668,0,0
105,5669,0,0
105,5670,0,0
105,5671,0,0
105,5672,0,0
105,5673,0,0
105,5674,0,0
105,5675,0,0
105,5676,0,0
105,5677,0,0
105,5678,0,0
105,5679,0,0
105,5680,0,0
105,5681,0,0
105,5682,0,0
105,5683,0,0
105,5684,0,0
105,5685,0,0
105,5686,0,0
105,5687,0,0
105,5688,0,0
105,5689,0,0
105,5690,0,0
105,5691,0,0
105,5692,0,0
105,5693,0,0
105,5694,0,0
105,5695,0,0
105,5696,0,0
105,5697,0,0
105,5698,0,0
105,5699,0,0
105,5700,0,0
105,5701,0,0
105,5702,0,0
105,5703,0,0
105,5704,0,0
105,5705,0,0
105,5706,0,0
105,5707,0,0
105,5708,0,0
105,5709,0,0
105,5710,0,0
105,5711,0,0
105,5712,0,0
105,5713,0,0
105,5714,0,0
105,5715,0,0
105,5716,0,0
105,5717,0,0
105,5718,0,0
105,5719,0,0
105,5720,0,0
105,5721,0,0
105,5722,0,0
105,5723,0,0
105,5724,0,0
105,5725,0,0
105,5726,0,0
105,5727,0,0
105,5728,0,0
105,5729,0,0
105,5730,0,0
105,5731,0,0
105,5732,0,0
105,5733,0,0
105,5734,0,0
105,5735,0,0
105,5736,0,0
105,5737,0,0
105,5738,0,0
105,5739,0,0
105,5740,0,0
105,5741,0,0
105,5742,0,0
105,5743,0,0
105,5744,0,0
105,5745,0,2
105,5746,0,0
105,5747,0,0
105,5748,0,0
105,5749,0,0
105,5750,0,0
105,5751,0,0
105,5752,0,0
105,5753,0,0
105,5754,0,0
105,5755,0,0
105,5756,0,0
105,5757,0,0
105,5758,0,0
105,5759,0,0
105,5760,0,0
105,5761,0,0
105,5762,0,0
105,5763,0,0
105,5764,0,0
105,5765,0,0
105,5766,0,0
105,5767,0,0
105,5768,0,0
105,5769,0,0
105,5770,0,0
105,5771,0,0
105,5772,0,0
105,5773,0,0
105,5774,0,0
105,5775,0,0
105,5776,0,0
105,5777,0,0
105,5778,0,0
105,5779,0,0
105,5780,0,3
105,5781,0,0
105,5782,0,0
105,5783,0,0
105,5784,0,0
105,5785,2,2
105,5786,0,0
105,5787,0,0
105,5788,0,0
105,5789,0,0
105,5790,0,0
105,5791,0,0
105,5792,0,0
105,5793,0,0
105,5794,0,0
105,5795,0,0
105,5796,0,0
105,5797,0,0
105,5798,0,0
105,5799,0,0
105,5800,0,0
105,5801,0,0
105,5802,0,0
105,5803,0,0
105,5804,0,0
105,5805,0,0
105,5806,0,0
105,5807,0,0
105,5808,0,0
105,5809,0,0
105,5810,0,0
105,5811,0,0
105,5812,0,0
105,5813,0,0
105,5814,0,0
105,5815,0,0
105,5816,0,0
105,5817,0,0
105,5818,0,0
105,5819,0,0
105,5820,0,0
105,5821,0,0
105,5822,0,0
105,5823,0,0
105,5824,0,0
105,5825,0,0
105,5826,0,0
105,5827,0,0
105,5828,0,0
105,5829,0,0
105,5830,0,0
105,5831,0,0
105,5832,0,3
105,5833,0,0
105,5834,0,0
105,5835,0,0
105,5836,0,2
105,5837,0,0
105,5838,0,2
105,5839,0,0
105,5840,0,0
105,5841,0,0
105,5842,0,0
105,5843,0,0
105,5844,0,0
105,5845,0,0
105,5846,0,0
105,5847,0,0
105,5848,0,0
105,5849,0,0
105,5850,0,0
105,5851,0,0
105,5852,0,0
105,5853,0,0
105,5854,0,0
105,5855,0,0
105,5856,0,0
105,5857,0,0
105,5858,0,0
105,5859,0,0
105,5860,0,0
105,5861,0,0
105,5862,0,0
105,5863,0,0
105,5864,0,0
105,5865,0,0
105,5866,0,0
105,5867,0,0
105,5868,0,0
105,5869,0,0
105,5870,0,0
105,5871,0,0
105,5872,0,0
105,5873,0,0
105,5874,0,0
105,5875,0,0
105,5876,0,0
105,5877,0,0
105,5878,0,0
105,5879,0,0
105,5880,0,0
105,5881,0,0
105,5882,0,0
105,5883,0,0
105,5884,0,0
105,5885,0,0
105,5886,0,0
105,5887,0,0
105,5888,0,0
105,5889,0,0
105,5890,0,0
105,5891,0,0
105,5892,0,2
105,5893,0,2
105,5894,0,2
105,5895,0,0
105,5896,0,0
105,5897,0,0
105,5898,0,0
105,5899,0,0
105,5900,0,0
105,5901,0,0
105,5902,0,0
105,5903,0,0
105,5904,0,0
105,5905,0,0
105,5906,0,0
105,5907,0,0
105,5908,0,0
105,5909,0,0
105,5910,0,0
105,5911,0,0
105,5912,0,0
105,5913,0,0
105,5914,0,0
105,5915,0,0
105,5916,0,0
105,5917,0,0
105,5918,0,0
105,5919,0,0
105,5920,0,0
105,5921,0,0
105,5922,0,0
105,5923,0,0
105,5924,0,0
105,5925,0,0
105,5926,0,0
105,5927,0,0
105,5928,0,0
105,5929,0,0
105,5930,0,0
105,5931,0,0
105,5932,0,2
105,5933,0,0
105,5934,0,0
105,5935,0,0
105,5936,0,0
105,5937,0,0
105,5938,0,0
105,5939,0,0
105,5940,0,0
105,5941,0,0
105,5942,0,0
105,5943,0,0
105,5944,0,0
105,5945,0,2
105,5946,0,0
105,5947,0,2
105,5948,0,2
105,5949,0,0
105,5950,0,0
105,5951,0,0
105,5952,0,0
105,5953,0,0
105,5954,0,0
105,5955,0,0
105,5956,0,0
105,5957,0,0
105,5958,0,0
105,5959,0,0
105,5960,0,0
105,5961,0,0
105,5962,0,0
105,5963,0,0
105,5964,0,0
105,5965,0,0
105,5966,0,0
105,5967,0,0
105,5968,0,0
105,5969,0,0
105,5970,0,0
105,5971,0,0
105,5972,0,0
105,5973,0,0
105,5974,0,0
105,5975,0,0
105,5976,0,0
105,5977,0,0
105,5978,0,0
105,5979,0,0
105,5980,0,0
105,5981,0,0
105,5982,0,0
105,5983,0,0
105,5984,0,0
105,5985,0,0
105,5986,0,0
105,5987,0,0
105,5988,0,0
105,5989,0,0
105,5990,0,0
105,5991,0,0
105,5992,0,0
105,5993,0,0
105,5994,0,0
105,5995,0,0
105,5996,0,0
105,5997,0,0
105,5998,0,0
105,5999,0,0
105,6000,0,0
105,6001,0,0
105,6002,0,0
105,6003,0,0
105,6004,0,0
105,6005,0,0
105,6006,0,0
105,6007,2,2
105,6008,0,0
105,6009,0,0
105,6010,0,0
105,6011,0,0
105,6012,0,0
105,6013,0,0
105,6014,0,0
105,6015,0,0
105,6016,0,0
105,6017,0,0
105,6018,0,0
105,6019,0,0
105,6020,0,0
105,6021,0,2
105,6022,0,3
105,6023,0,0
105,6024,0,0
105,6025,0,0
105,6026,0,0
105,6027,0,0
105,6028,0,2
105,6029,0,2
105,6030,0,0
105,6031,0,2
105,6032,0,2
105,6033,0,0
105,6034,0,0
105,6035,0,0
105,6036,2,0
105,6037,0,2
105,6038,0,0
105,6039,0,0
105,6040,0,2
105,6041,0,2
105,6042,0,0
105,6043,0,2
105,6044,0,0
105,6045,0,2
105,6046,0,2
105,6047,0,2
105,6048,0,2
105,6049,0,1
105,6050,0,2
105,6051,0,0
105,6052,0,0
105,6053,0,0
105,6054,0,0
105,6055,0,2
105,6056,0,0
105,6057,0,2
105,6058,0,0
105,6059,0,0
105,6060,0,2
105,6061,0,0
105,6062,0,0
105,6063,0,0
105,6064,0,0
105,6065,0,2
105,6066,0,0
105,6067,0,2
105,6068,0,1
105,6069,0,0
105,6070,0,0
105,6071,0,0
105,6072,0,2
105,6073,0,2
105,6074,0,0
105,6075,0,0
105,6076,0,0
105,6077,0,0
105,6078,0,0
105,6079,0,0
105,6080,0,0
105,6081,0,0
105,6082,0,0
105,6083,0,0
105,6084,0,2
105,6085,0,0
105,6086,0,0
105,6087,0,2
105,6088,0,0
105,6089,0,2
105,6090,0,0
105,6091,0,2
105,6092,0,2
105,6093,0,0
105,6094,0,2
105,6095,0,0
105,6096,0,0
105,6097,0,0
105,6098,0,0
105,6099,0,2
105,6100,0,0
105,6101,0,0
105,6102,0,0
105,6103,0,0
105,6104,0,0
105,6105,0,0
105,6106,0,0
105,6107,0,0
105,6108,0,0
105,6109,0,0
105,6110,0,0
105,6111,0,0
105,6112,0,0
105,6113,0,0
105,6114,0,0
105,6115,0,2
105,6116,0,0
105,6117,0,0
105,6118,0,0
105,6119,0,0
105,6120,0,0
105,6121,0,0
105,6122,0,0
105,6123,0,0
105,6124,0,0
105,6125,0,0
105,6126,0,0
105,6127,2,0
105,6128,0,0
105,6129,0,0
105,6130,0,0
105,6131,0,0
105,6132,0,3
105,6133,0,0
105,6134,0,0
105,6135,0,0
105,6136,0,2
105,6137,0,0
105,6138,0,0
105,6139,0,0
105,6140,0,0
105,6141,0,0
105,6142,0,0
105,6143,0,0
105,6144,0,3
105,6145,0,0
105,6146,0,0
105,6147,0,0
105,6148,0,0
105,6149,0,0
105,6150,0,0
105,6151,0,0
105,6152,0,0
105,6153,0,0
105,6154,0,0
105,6155,0,0
105,6156,0,2
105,6157,2,3
105,6158,0,0
105,6159,0,0
105,6160,0,0
105,6161,0,0
105,6162,0,3
105,6163,0,0
105,6164,0,0
105,6165,0,0
105,6166,0,0
105,6167,0,2
105,6168,0,0
105,6169,0,2
105,6170,0,0
105,6171,0,0
105,6172,0,0
105,6173,0,2
105,6174,0,0
105,6175,0,0
105,6176,0,3
105,6177,0,0
105,6178,0,0
105,6179,0,0
105,6180,0,0
105,6181,0,0
105,6182,0,2
105,6183,0,0
105,6184,0,2
105,6185,0,2
105,6186,0,0
105,6187,0,2
105,6188,0,0
105,6189,0,0
105,6190,0,0
105,6191,0,2
105,6192,0,3
105,6193,0,0
105,6194,0,0
105,6195,0,2
105,6196,0,2
105,6197,0,1
105,6198,0,0
105,6199,0,0
105,6200,0,0
105,6201,0,2
105,6202,0,0
105,6203,0,0
105,6204,0,0
105,6205,0,0
105,6206,0,0
105,6207,0,2
105,6208,0,2
105,6209,0,0
105,6210,0,0
105,6211,0,2
105,6212,0,0
105,6213,0,2
105,6214,0,0
105,6215,0,0
105,6216,0,2
105,6217,0,2
105,6218,0,0
105,6219,0,0
105,6220,0,0
105,6221,0,0
105,6222,0,2
105,6223,0,2
105,6224,0,3
105,6225,0,0
105,6226,0,0
105,6227,0,0
105,6228,0,0
105,6229,0,0
105,6230,0,0
105,6231,0,0
105,6232,0,0
105,6233,0,0
105,6234,0,0
105,6235,0,0
105,6236,0,0
105,6237,0,0
105,6238,0,2
105,6239,0,0
105,6240,0,0
105,6241,0,0
105,6242,0,3
105,6243,0,0
105,6244,0,2
105,6245,0,2
105,6246,0,0
105,6247,0,2
105,6248,0,0
105,6249,0,0
105,6250,0,0
105,6251,0,0
105,6252,0,0
105,6253,0,0
105,6254,0,2
105,6255,0,0
105,6256,0,0
105,6257,0,0
105,6258,2,0
105,6259,0,0
105,6260,0,0
105,6261,0,0
105,6262,0,0
105,6263,0,0
105,6264,0,0
105,6265,0,0
105,6266,0,0
105,6267,2,0
105,6268,0,0
105,6269,0,0
105,6270,0,0
105,6271,0,0
105,6272,0,0
105,6273,0,0
105,6274,0,0
105,6275,0,0
105,6276,0,0
105,6277,0,0
105,6278,0,0
105,6279,0,0
105,6280,0,0
105,6281,0,0
105,6282,0,0
105,6283,0,0
105,6284,0,0
105,6285,0,0
105,6286,0,0
105,6287,0,0
105,6288,0,0
105,6289,0,0
105,6290,0,0
105,6291,0,0
105,6292,0,0
105,6293,0,0
105,6294,0,0
105,6295,0,0
105,6296,0,0
105,6297,0,0
105,6298,0,0
105,6299,0,0
105,6300,0,0
105,6301,0,0
105,6302,0,0
105,6303,0,0
105,6304,0,0
105,6305,0,0
105,6306,0,0
105,6307,0,0
105,6308,0,0
105,6309,0,0
105,6310,0,0
105,6311,0,0
105,6312,0,0
105,6313,0,0
105,6314,0,0
105,6315,0,0
105,6316,0,0
105,6317,0,0
105,6318,0,0
105,6319,0,0
105,6320,0,0
105,6321,0,0
105,6322,0,0
105,6323,0,0
105,6324,0,0
105,6325,0,0
105,6326,0,0
105,6327,0,0
105,6328,0,0
105,6329,0,0
105,6330,0,0
105,6331,0,0
105,6332,0,0
105,6333,0,0
105,6334,0,0
105,6335,0,0
105,6336,0,0
105,6337,0,0
105,6338,0,0
105,6339,0,0
105,6340,0,0
105,6341,0,0
105,6342,0,0
105,6343,0,0
105,6344,0,0
105,6345,0,0
105,6346,0,0
105,6347,0,0
105,6348,0,0
105,6349,0,0
105,6350,0,0
105,6351,0,0
105,6352,0,0
105,6353,0,0
105,6354,0,0
105,6355,0,0
105,6356,0,3
105,6357,0,0
105,6358,0,0
105,6359,0,0
105,6360,0,0
105,6361,0,0
105,6362,0,0
105,6363,0,0
105,6364,0,0
105,6365,0,0
105,6366,0,0
105,6367,0,0
105,6368,0,0
105,6369,0,0
105,6370,0,3
105,6371,0,0
105,6372,0,2
105,6373,0,0
105,6374,0,0
105,6375,0,0
105,6376,0,0
105,6377,0,0
105,6378,0,0
105,6379,0,0
105,6380,0,0
105,6381,0,0
105,6382,0,0
105,6383,0,0
105,6384,0,0
105,6385,0,0
105,6386,0,0
105,6387,0,0
105,6388,0,0
105,6389,0,0
105,6390,0,0
105,6391,0,0
105,6392,0,0
105,6393,0,0
105,6394,0,0
105,6395,0,0
105,6396,0,0
105,6397,0,0
105,6398,0,0
105,6399,0,0
105,6400,0,0
105,6401,0,0
105,6402,0,0
105,6403,0,3
105,6404,0,0
105,6405,0,0
105,6406,0,0
105,6407,0,0
105,6408,0,0
105,6409,0,0
105,6410,0,0
105,6411,0,0
105,6412,0,0
105,6413,0,0
105,6414,0,0
105,6415,0,0
105,6416,0,0
105,6417,0,0
105,6418,0,0
105,6419,2,0
105,6420,0,0
105,6421,0,0
105,6422,0,0
105,6423,0,0
105,6424,0,0
105,6425,0,0
105,6426,0,0
105,6427,0,0
105,6428,0,0
105,6429,0,0
105,6430,0,0
105,6431,0,0
105,6432,0,0
105,6433,0,0
105,6434,0,0
105,6435,0,0
105,6436,0,0
105,6437,0,0
105,6438,0,0
105,6439,0,0
105,6440,0,0
105,6441,0,0
105,6442,0,0
105,6443,0,0
105,6444,0,0
105,6445,0,0
105,6446,0,0
105,6447,0,0
105,6448,0,0
105,6449,0,0
105,6450,0,0
105,6451,0,0
105,6452,0,0
105,6453,0,0
105,6454,0,0
105,6455,0,0
105,6456,0,0
105,6457,0,0
105,6458,0,0
105,6459,0,2
105,6460,0,0
105,6461,0,0
105,6462,0,0
105,6463,0,0
105,6464,0,0
105,6465,0,0
105,6466,0,0
105,6467,0,0
105,6468,0,0
105,6469,0,0
105,6470,0,0
105,6471,0,0
105,6472,0,0
105,6473,0,0
105,6474,0,0
105,6475,0,0
105,6476,0,0
105,6477,0,0
105,6478,0,0
105,6479,0,0
105,6480,0,0
105,6481,0,3
105,6482,0,0
105,6483,0,0
105,6484,0,0
105,6485,0,0
105,6486,0,2
105,6487,0,0
105,6488,0,0
105,6489,0,0
105,6490,0,0
105,6491,0,0
105,6492,0,0
105,6493,0,0
105,6494,0,0
105,6495,0,0
105,6496,0,0
105,6497,0,0
105,6498,0,0
105,6499,0,0
105,6500,0,0
105,6501,0,0
105,6502,0,0
105,6503,0,0
105,6504,0,0
105,6505,0,0
105,6506,0,0
105,6507,0,0
105,6508,0,0
105,6509,0,0
105,6510,0,0
105,6511,0,0
105,6512,0,0
105,6513,0,0
105,6514,0,0
105,6515,0,0
105,6516,0,0
105,6517,0,0
105,6518,0,0
105,6519,0,0
105,6520,0,0
105,6521,0,0
105,6522,0,0
105,6523,0,0
105,6524,0,0
105,6525,0,0
105,6526,0,0
105,6527,0,0
105,6528,0,0
105,6529,0,0
105,6530,0,0
105,6531,0,0
105,6532,0,0
105,6533,0,0
105,6534,0,3
105,6535,0,0
105,6536,0,0
105,6537,0,0
105,6538,0,0
105,6539,0,0
105,6540,0,0
105,6541,0,0
105,6542,0,0
105,6543,0,0
105,6544,0,0
105,6545,0,0
105,6546,0,0
105,6547,0,0
105,6548,0,0
105,6549,0,0
105,6550,0,0
105,6551,0,0
105,6552,0,0
105,6553,0,0
105,6554,0,0
105,6555,0,0
105,6556,0,0
105,6557,0,0
105,6558,0,0
105,6559,0,0
105,6560,0,0
105,6561,0,0
105,6562,0,0
105,6563,0,0
105,6564,0,0
105,6565,0,0
105,6566,0,0
105,6567,0,0
105,6568,0,0
105,6569,0,0
105,6570,0,0
105,6571,0,2
105,6572,0,0
105,6573,0,0
105,6574,0,0
105,6575,0,0
105,6576,0,0
105,6577,0,0
105,6578,0,0
105,6579,0,0
105,6580,0,0
105,6581,0,0
105,6582,0,0
105,6583,0,0
105,6584,0,0
105,6585,0,0
105,6586,0,0
105,6587,0,0
105,6588,0,0
105,6589,0,0
105,6590,0,0
105,6591,0,0
105,6592,0,0
105,6593,0,0
105,6594,2,0
105,6595,0,0
105,6596,0,0
105,6597,0,0
105,6598,0,0
105,6599,0,0
105,6600,0,0
105,6601,0,0
105,6602,0,0
105,6603,0,0
105,6604,0,0
105,6605,0,0
105,6606,0,0
105,6607,0,0
105,6608,0,0
105,6609,0,0
105,6610,0,0
105,6611,0,0
105,6612,0,0
105,6613,0,0
105,6614,0,0
105,6615,0,0
105,6616,0,0
105,6617,0,0
105,6618,0,0
105,6619,0,0
105,6620,0,0
105,6621,0,0
105,6622,0,0
105,6623,0,0
105,6624,0,0
105,6625,0,0
105,6626,0,0
105,6627,0,0
105,6628,0,0
105,6629,0,0
105,6630,0,0
105,6631,0,0
105,6632,0,0
105,6633,0,0
105,6634,0,0
105,6635,0,0
105,6636,0,0
105,6637,0,0
105,6638,0,0
105,6639,2,0
105,6640,0,0
105,6641,0,0
105,6642,0,0
105,6643,0,0
105,6644,0,0
105,6645,0,0
105,6646,0,0
105,6647,0,0
105,6648,0,0
105,6649,0,0
105,6650,0,0
105,6651,0,0
105,6652,0,0
105,6653,0,0
105,6654,0,0
105,6655,0,0
105,6656,0,0
105,6657,0,0
105,6658,0,0
105,6659,0,0
105,6660,0,0
105,6661,0,0
105,6662,0,0
105,6663,0,0
105,6664,0,0
105,6665,0,0
105,6666,0,0
105,6667,0,0
105,6668,0,3
105,6669,0,0
105,6670,0,0
105,6671,0,0
105,6672,0,0
105,6673,0,0
105,6674,0,0
105,6675,0,0
105,6676,0,0
105,6677,0,0
105,6678,0,0
105,6679,0,0
105,6680,0,0
105,6681,0,0
105,6682,0,0
105,6683,0,0
105,6684,0,0
105,6685,0,0
105,6686,0,0
105,6687,0,0
105,6688,0,0
105,6689,0,0
105,6690,0,0
105,6691,0,0
105,6692,0,0
105,6693,0,2
105,6694,0,0
105,6695,0,0
105,6696,0,0
105,6697,0,0
105,6698,0,2
105,6699,0,2
105,6700,0,2
105,6701,0,0
105,6702,0,0
105,6703,0,0
105,6704,0,0
105,6705,0,0
105,6706,0,0
105,6707,0,0
105,6708,0,0
105,6709,0,0
105,6710,0,0
105,6711,0,0
105,6712,0,0
105,6713,0,0
105,6714,0,0
105,6715,0,0
105,6716,0,0
105,6717,0,0
105,6718,0,0
105,6719,0,0
105,6720,0,0
105,6721,0,0
105,6722,0,0
105,6723,0,0
105,6724,0,0
105,6725,0,0
105,6726,0,0
105,6727,0,2
105,6728,0,0
105,6729,0,0
105,6730,0,0
105,6731,0,0
105,6732,0,0
105,6733,0,0
105,6734,0,0
105,6735,0,0
105,6736,0,0
105,6737,0,0
105,6738,0,0
105,6739,0,2
105,6740,0,0
105,6741,0,0
105,6742,0,0
105,6743,0,0
105,6744,0,0
105,6745,0,0
105,6746,0,0
105,6747,0,2
105,6748,0,2
105,6749,0,0
105,6750,0,0
105,6751,0,3
105,6752,0,2
105,6753,0,0
105,6754,0,0
105,6755,2,0
105,6756,0,0
105,6757,0,2
105,6758,0,0
105,6759,0,0
105,6760,0,0
105,6761,0,0
105,6762,0,0
105,6763,0,2
105,6764,0,0
105,6765,0,2
105,6766,0,0
105,6767,0,0
105,6768,0,2
105,6769,0,0
105,6770,0,0
105,6771,0,0
105,6772,0,2
105,6773,0,0
105,6774,0,0
105,6775,0,0
105,6776,0,0
105,6777,0,0
105,6778,0,0
105,6779,0,0
105,6780,0,0
105,6781,0,0
105,6782,0,2
105,6783,0,0
105,6784,0,0
105,6785,0,0
105,6786,0,0
105,6787,0,0
105,6788,0,0
105,6789,0,0
105,6790,0,0
105,6791,2,0
105,6792,0,0
105,6793,0,2
105,6794,0,1
105,6795,0,0
105,6796,0,2
105,6797,0,0
105,6798,2,0
105,6799,0,0
105,6800,0,0
105,6801,0,0
105,6802,0,0
105,6803,0,0
105,6804,0,0
105,6805,0,0
105,6806,0,0
105,6807,0,0
105,6808,0,0
105,6809,0,0
105,6810,0,0
105,6811,0,0
105,6812,0,0
105,6813,0,0
105,6814,0,0
105,6815,0,0
105,6816,0,0
105,6817,0,0
105,6818,0,0
105,6819,0,0
105,6820,0,0
105,6821,0,0
105,6822,0,0
105,6823,0,0
105,6824,0,0
105,6825,0,0
105,6826,0,0
105,6827,0,0
105,6828,0,0
105,6829,0,0
105,6830,0,0
105,6831,0,0
105,6832,0,0
105,6833,0,0
105,6834,0,0
105,6835,0,0
105,6836,0,0
105,6837,0,0
105,6838,0,0
105,6839,0,0
105,6840,0,0
105,6841,0,0
105,6842,0,0
105,6843,0,0
105,6844,0,2
105,6845,0,0
105,6846,0,0
105,6847,0,0
105,6848,0,0
105,6849,0,0
105,6850,0,0
105,6851,0,0
105,6852,0,3
105,6853,0,2
105,6854,0,3
105,6855,0,0
105,6856,0,2
105,6857,0,0
105,6858,0,0
105,6859,0,0
105,6860,0,0
105,6861,0,0
105,6862,0,0
105,6863,0,0
105,6864,0,0
105,6865,0,0
105,6866,0,0
105,6867,0,0
105,6868,0,0
105,6869,0,0
105,6870,0,0
105,6871,0,0
105,6872,0,0
105,6873,0,0
105,6874,0,0
105,6875,0,0
105,6876,0,0
105,6877,0,0
105,6878,0,0
105,6879,0,0
105,6880,0,0
105,6881,0,0
105,6882,0,0
105,6883,0,0
105,6884,0,0
105,6885,0,0
105,6886,0,0
105,6887,0,0
105,6888,0,0
105,6889,0,0
105,6890,0,0
105,6891,0,0
105,6892,0,0
105,6893,0,0
105,6894,0,0
105,6895,0,0
105,6896,0,0
105,6897,0,0
105,6898,0,0
105,6899,0,0
105,6900,0,0
105,6901,0,0
105,6902,0,0
105,6903,0,0
105,6904,0,0
105,6905,0,0
105,6906,0,0
105,6907,0,0
105,6908,0,0
105,6909,0,0
105,6910,0,0
105,6911,0,0
105,6912,0,0
105,6913,0,0
105,6914,0,0
105,6915,0,0
105,6916,0,0
105,6917,0,0
105,6918,0,0
105,6919,0,0
105,6920,0,0
111,6921,0,0
111,6922,0,0
111,6923,0,0
111,6924,0,0
111,6925,0,0
111,6926,0,0
111,6927,0,0
111,6928,0,0
111,6929,0,0
111,6930,0,0
111,6931,0,0
111,6932,0,0
111,6933,0,0
111,6934,0,0
111,6935,0,0
111,6936,0,0
111,6937,0,0
111,6938,0,0
111,6939,0,0
111,6940,0,0
111,6941,0,0
111,6942,0,0
111,6943,0,0
111,6944,0,0
111,6945,0,0
111,6946,0,0
111,6947,0,0
111,6948,0,0
111,6949,0,0
111,6950,0,0
111,6951,0,2
111,6952,0,0
111,6953,0,0
111,6954,0,0
111,6955,0,0
111,6956,0,0
111,6957,0,0
111,6958,0,0
111,6959,0,0
111,6960,0,0
111,6961,0,0
111,6962,0,0
111,6963,0,0
111,6964,0,0
111,6965,0,0
111,6966,0,0
111,6967,0,0
111,6968,0,0
111,6969,0,0
111,6970,0,0
111,6971,0,0
111,6972,0,0
111,6973,0,0
111,6974,0,0
111,6975,0,0
111,6976,0,0
111,6977,0,0
111,6978,0,0
111,6979,0,0
111,6980,0,0
111,6981,0,0
111,6982,0,0
111,6983,0,0
111,6984,0,0
111,6985,0,0
111,6986,0,0
111,6987,0,0
111,6988,0,0
111,6989,0,0
111,6990,0,0
111,6991,0,0
111,6992,0,0
111,6993,0,0
111,6994,0,0
111,6995,0,0
111,6996,0,0
111,6997,0,0
111,6998,0,0
111,6999,0,0
111,7000,0,0
111,7001,0,0
111,7002,0,0
111,7003,0,0
111,7004,0,0
111,7005,0,0
111,7006,0,0
111,7007,0,0
111,7008,0,0
111,7009,0,0
111,7010,0,0
111,7011,0,0
111,7012,0,0
111,7013,0,0
111,7014,0,0
111,7015,0,0
111,7016,0,0
111,7017,0,0
111,7018,0,0
111,7019,0,0
111,7020,0,0
111,7021,0,0
111,7022,0,0
111,7023,0,0
111,7024,0,0
111,7025,0,0
111,7026,0,0
111,7027,0,0
111,7028,0,0
111,7029,0,0
111,7030,0,0
111,7031,0,0
111,7032,0,0
111,7033,0,2
111,7034,0,0
111,7035,0,0
111,7036,0,0
111,7037,0,0
111,7038,0,0
111,7039,0,0
111,7040,0,0
111,7041,0,0
111,7042,0,0
111,7043,0,0
111,7044,0,0
111,7045,0,0
111,7046,0,0
111,7047,0,0
111,7048,0,0
111,7049,0,0
111,7050,0,0
111,7051,0,0
111,7052,0,0
111,7053,0,0
111,7054,0,0
111,7055,0,0
111,7056,0,0
111,7057,0,0
111,7058,0,0
111,7059,0,0
111,7060,0,0
111,7061,0,0
111,7062,0,0
111,7063,0,0
111,7064,0,0
111,7065,0,0
111,7066,0,0
111,7067,0,0
111,7068,0,0
111,7069,0,0
111,7070,0,0
111,7071,0,0
111,7072,0,0
111,7073,0,0
111,7074,0,0
111,7075,0,0
111,7076,0,0
111,7077,0,0
111,7078,0,0
111,7079,0,0
111,7080,0,0
111,7081,0,0
111,7082,0,0
111,7083,0,0
111,7084,0,2
111,7085,0,0
111,7086,0,0
111,7087,0,0
111,7088,0,0
111,7089,0,0
111,7090,0,0
111,7091,0,0
111,7092,0,0
111,7093,0,0
111,7094,0,0
111,7095,0,0
111,7096,0,0
111,7097,0,0
111,7098,0,0
111,7099,0,0
111,7100,0,0
111,7101,0,0
111,7102,0,0
111,7103,0,0
111,7104,0,0
111,7105,0,0
111,7106,0,0
111,7107,0,0
111,7108,0,0
111,7109,0,0
111,7110,0,0
111,7111,0,0
111,7112,0,0
111,7113,0,0
111,7114,0,0
111,7115,0,0
111,7116,0,0
111,7117,0,0
111,7118,0,0
111,7119,0,0
111,7120,0,0
111,7121,0,0
111,7122,0,2
111,7123,0,0
111,7124,0,0
111,7125,0,0
111,7126,0,0
111,7127,0,0
111,7128,0,0
111,7129,0,0
111,7130,0,0
111,7131,0,0
111,7132,0,0
111,7133,0,0
111,7134,0,0
111,7135,0,0
111,7136,0,0
111,7137,0,0
111,7138,0,0
111,7139,0,0
111,7140,0,0
111,7141,0,0
111,7142,0,0
111,7143,0,0
111,7144,0,0
111,7145,0,0
111,7146,0,0
111,7147,0,0
111,7148,0,0
111,7149,0,0
111,7150,0,0
111,7151,0,0
111,7152,0,0
111,7153,0,0
111,7154,0,0
111,7155,0,0
111,7156,0,0
111,7157,0,0
111,7158,0,0
111,7159,0,0
111,7160,0,0
111,7161,0,0
111,7162,0,0
111,7163,0,0
111,7164,0,0
111,7165,0,0
111,7166,0,0
111,7167,0,0
111,7168,0,0
111,7169,0,0
111,7170,0,0
111,7171,0,0
111,7172,0,0
111,7173,0,0
111,7174,0,0
111,7175,0,0
111,7176,0,0
111,7177,0,0
111,7178,0,0
111,7179,0,0
111,7180,0,0
111,7181,0,0
111,7182,0,0
111,7183,0,0
111,7184,0,0
111,7185,0,0
111,7186,0,0
111,7187,0,0
111,7188,0,0
111,7189,0,0
111,7190,0,0
111,7191,0,0
111,7192,0,0
111,7193,0,0
111,7194,0,0
111,7195,0,0
111,7196,0,0
111,7197,0,0
111,7198,0,0
111,7199,0,0
111,7200,0,0
111,7201,0,0
111,7202,0,0
111,7203,0,0
111,7204,0,0
111,7205,0,0
111,7206,0,2
111,7207,0,2
111,7208,0,0
111,7209,0,0
111,7210,0,0
111,7211,0,0
111,7212,0,2
111,7213,0,2
111,7214,0,0
111,7215,0,0
111,7216,0,0
111,7217,0,0
111,7218,0,0
111,7219,0,0
111,7220,0,0
111,7221,0,0
111,7222,0,0
111,7223,0,0
111,7224,0,0
111,7225,0,0
111,7226,0,0
111,7227,0,0
111,7228,0,0
111,7229,0,0
111,7230,0,0
111,7231,0,0
111,7232,0,0
111,7233,0,0
111,7234,0,0
111,7235,0,0
111,7236,0,0
111,7237,0,0
111,7238,0,0
111,7239,0,0
111,7240,0,0
111,7241,0,0
111,7242,0,0
111,7243,0,0
111,7244,0,0
111,7245,0,0
111,7246,0,0
111,7247,0,0
111,7248,0,0
111,7249,0,0
111,7250,0,0
111,7251,0,0
111,7252,0,0
111,7253,0,0
111,7254,0,0
111,7255,0,0
111,7256,0,0
111,7257,0,0
111,7258,0,0
111,7259,0,0
111,7260,0,0
111,7261,0,0
111,7262,0,0
111,7263,0,0
111,7264,0,0
111,7265,0,0
111,7266,0,0
111,7267,0,0
111,7268,0,0
111,7269,0,0
111,7270,0,0
111,7271,0,0
111,7272,0,0
111,7273,0,0
111,7274,0,0
111,7275,0,0
111,7276,0,0
111,7277,0,0
111,7278,0,0
111,7279,0,0
111,7280,0,0
111,7281,0,0
111,7282,0,0
111,7283,0,0
111,7284,0,0
111,7285,0,0
111,7286,0,0
111,7287,0,0
111,7288,0,0
111,7289,0,0
111,7290,0,0
111,7291,0,0
111,7292,0,0
111,7293,0,0
111,7294,0,0
111,7295,0,0
111,7296,0,0
111,7297,0,0
111,7298,0,0
111,7299,0,0
111,7300,0,0
111,7301,0,0
111,7302,0,0
111,7303,0,0
111,7304,0,0
111,7305,0,0
111,7306,0,0
111,7307,0,0
111,7308,0,0
111,7309,0,0
111,7310,0,0
111,7311,0,0
111,7312,0,2
111,7313,0,0
111,7314,0,0
111,7315,0,0
111,7316,0,0
111,7317,0,0
111,7318,0,0
111,7319,0,0
111,7320,0,0
111,7321,0,0
111,7322,0,0
111,7323,0,0
111,7324,0,0
111,7325,0,0
111,7326,0,0
111,7327,0,0
111,7328,0,0
111,7329,0,0
111,7330,0,0
111,7331,0,0
111,7332,0,0
111,7333,0,0
111,7334,0,0
111,7335,0,0
111,7336,0,0
111,7337,0,0
111,7338,0,0
111,7339,0,0
111,7340,0,0
111,7341,0,0
111,7342,0,0
111,7343,0,0
111,7344,0,0
111,7345,0,0
111,7346,0,0
111,7347,0,0
111,7348,0,0
111,7349,0,0
111,7350,0,0
111,7351,0,0
111,7352,0,0
111,7353,0,0
111,7354,0,0
111,7355,0,0
111,7356,0,0
111,7357,0,0
111,7358,0,0
111,7359,0,0
111,7360,0,0
111,7361,0,0
111,7362,0,0
111,7363,0,0
111,7364,0,0
111,7365,0,0
111,7366,0,0
111,7367,0,0
111,7368,0,0
111,7369,0,0
111,7370,0,0
111,7371,0,0
111,7372,0,0
111,7373,0,0
111,7374,0,0
111,7375,0,0
111,7376,0,0
111,7377,0,0
111,7378,0,0
111,7379,0,0
111,7380,0,0
111,7381,0,0
111,7382,0,0
111,7383,0,2
111,7384,0,0
111,7385,0,0
111,7386,0,0
111,7387,0,0
111,7388,0,0
111,7389,0,0
111,7390,0,0
111,7391,0,0
111,7392,0,0
111,7393,0,0
111,7394,0,0
111,7395,0,0
111,7396,0,0
111,7397,0,0
111,7398,0,0
111,7399,0,0
111,7400,0,0
111,7401,0,0
111,7402,0,0
111,7403,0,0
111,7404,0,0
111,7405,0,0
111,7406,0,0
111,7407,0,0
111,7408,0,0
111,7409,0,0
111,7410,0,0
111,7411,0,2
111,7412,0,0
111,7413,0,0
111,7414,0,0
111,7415,0,0
111,7416,0,0
111,7417,0,0
111,7418,0,0
111,7419,0,0
111,7420,0,0
111,7421,0,0
111,7422,0,0
111,7423,0,0
111,7424,0,0
111,7425,0,0
111,7426,0,0
111,7427,0,0
111,7428,0,0
111,7429,0,0
111,7430,0,0
111,7431,0,0
111,7432,0,0
111,7433,0,0
111,7434,0,0
111,7435,0,0
111,7436,0,0
111,7437,0,0
111,7438,0,0
111,7439,0,0
111,7440,0,0
111,7441,0,0
111,7442,0,0
111,7443,0,0
111,7444,0,0
111,7445,0,0
111,7446,0,0
111,7447,0,0
111,7448,0,0
111,7449,0,0
111,7450,0,0
111,7451,0,0
111,7452,0,0
111,7453,0,0
111,7454,0,0
111,7455,0,0
111,7456,0,0
111,7457,0,0
111,7458,0,0
111,7459,0,0
111,7460,0,2
111,7461,0,0
111,7462,0,0
111,7463,0,0
111,7464,0,0
111,7465,0,2
111,7466,0,0
111,7467,0,0
111,7468,0,0
111,7469,0,0
111,7470,0,0
111,7471,0,0
111,7472,0,0
111,7473,0,0
111,7474,0,0
111,7475,0,0
111,7476,0,0
111,7477,0,0
111,7478,0,0
111,7479,0,0
111,7480,0,0
111,7481,0,0
111,7482,0,0
111,7483,0,0
111,7484,0,0
111,7485,0,0
111,7486,0,0
111,7487,0,0
111,7488,0,0
111,7489,0,0
111,7490,0,0
111,7491,0,0
111,7492,0,0
111,7493,0,0
111,7494,0,0
111,7495,0,0
111,7496,0,0
111,7497,0,0
111,7498,0,0
111,7499,0,0
111,7500,0,0
111,7501,0,0
111,7502,0,0
111,7503,0,0
111,7504,0,0
111,7505,0,0
111,7506,0,0
111,7507,0,0
111,7508,0,0
111,7509,0,0
111,7510,0,0
111,7511,0,0
111,7512,0,0
111,7513,0,0
111,7514,0,0
111,7515,0,0
111,7516,0,0
111,7517,0,0
111,7518,0,0
111,7519,0,0
111,7520,0,0
111,7521,2,2
111,7522,0,0
111,7523,0,0
111,7524,0,0
111,7525,0,0
111,7526,0,0
111,7527,0,0
111,7528,0,0
111,7529,0,0
111,7530,0,2
111,7531,0,0
111,7532,0,0
111,7533,0,0
111,7534,0,0
111,7535,0,0
111,7536,0,0
111,7537,0,0
111,7538,0,0
111,7539,0,0
111,7540,0,0
111,7541,0,0
111,7542,0,0
111,7543,0,0
111,7544,0,0
111,7545,0,0
111,7546,0,0
111,7547,0,0
111,7548,0,0
111,7549,0,0
111,7550,0,0
111,7551,0,0
111,7552,0,0
111,7553,0,0
111,7554,0,0
111,7555,0,0
111,7556,0,0
111,7557,0,0
111,7558,0,0
111,7559,0,0
111,7560,0,0
111,7561,0,0
111,7562,0,0
111,7563,0,0
111,7564,0,0
111,7565,0,0
111,7566,0,0
111,7567,0,0
111,7568,0,0
111,7569,0,0
111,7570,0,0
111,7571,0,0
111,7572,0,0
111,7573,0,0
111,7574,0,0
111,7575,0,0
111,7576,0,0
111,7577,0,0
111,7578,0,0
111,7579,0,0
111,7580,0,0
111,7581,0,0
111,7582,0,0
111,7583,0,0
111,7584,0,0
111,7585,0,0
111,7586,0,0
111,7587,0,0
111,7588,0,0
111,7589,0,0
111,7590,0,0
111,7591,0,0
111,7592,0,0
111,7593,0,0
111,7594,0,0
111,7595,0,0
111,7596,0,0
111,7597,0,0
111,7598,0,0
111,7599,0,0
111,7600,0,0
111,7601,0,0
111,7602,0,0
111,7603,0,0
111,7604,0,0
111,7605,0,0
111,7606,0,0
111,7607,0,0
111,7608,0,0
111,7609,0,0
111,7610,0,0
111,7611,0,0
111,7612,0,0
111,7613,0,0
111,7614,0,0
111,7615,0,0
111,7616,0,0
111,7617,0,0
111,7618,0,0
111,7619,0,0
111,7620,0,0
111,7621,0,0
111,7622,0,0
111,7623,0,0
111,7624,0,0
111,7625,0,0
111,7626,0,0
111,7627,0,0
111,7628,0,0
111,7629,0,0
111,7630,0,0
111,7631,0,0
111,7632,0,0
111,7633,0,0
111,7634,0,0
111,7635,0,0
111,7636,0,0
111,7637,0,0
111,7638,0,0
111,7639,0,0
111,7640,0,0
111,7641,0,0
111,7642,0,2
111,7643,0,0
111,7644,0,0
111,7645,0,0
111,7646,0,0
111,7647,0,0
111,7648,0,0
111,7649,0,0
111,7650,0,0
111,7651,0,0
111,7652,0,0
111,7653,0,0
111,7654,0,0
111,7655,0,0
111,7656,0,0
111,7657,0,0
111,7658,0,0
111,7659,0,0
111,7660,0,0
111,7661,0,0
111,7662,0,2
111,7663,0,0
111,7664,0,0
111,7665,0,0
111,7666,0,0
111,7667,0,0
111,7668,0,0
111,7669,0,2
111,7670,0,0
111,7671,0,0
111,7672,0,0
111,7673,0,0
111,7674,0,0
111,7675,0,0
111,7676,0,0
111,7677,0,0
111,7678,0,0
111,7679,0,0
111,7680,0,2
111,7681,0,2
111,7682,0,0
111,7683,0,0
111,7684,0,0
111,7685,0,0
111,7686,0,2
111,7687,0,0
111,7688,0,0
111,7689,0,0
111,7690,0,0
111,7691,0,0
111,7692,0,0
111,7693,0,0
111,7694,0,0
111,7695,0,0
111,7696,0,0
111,7697,0,0
111,7698,0,0
111,7699,0,0
111,7700,0,0
111,7701,0,0
111,7702,0,0
111,7703,0,0
111,7704,0,0
111,7705,0,2
111,7706,0,0
111,7707,0,0
111,7708,0,0
111,7709,0,0
111,7710,0,0
111,7711,0,0
111,7712,0,0
111,7713,0,0
111,7714,0,0
111,7715,0,0
111,7716,0,0
111,7717,0,0
111,7718,0,0
111,7719,0,0
111,7720,0,0
111,7721,0,0
111,7722,0,0
111,7723,0,0
111,7724,0,0
111,7725,0,0
111,7726,0,0
111,7727,0,0
111,7728,0,0
111,7729,0,0
111,7730,0,2
111,7731,0,0
111,7732,0,0
111,7733,0,0
111,7734,0,0
111,7735,0,0
111,7736,0,0
111,7737,0,0
111,7738,0,0
111,7739,0,0
111,7740,0,0
111,7741,0,0
111,7742,0,0
111,7743,0,0
111,7744,0,0
111,7745,0,0
111,7746,0,0
111,7747,0,0
111,7748,0,0
111,7749,0,0
111,7750,0,0
111,7751,0,0
111,7752,0,0
111,7753,0,0
111,7754,0,0
111,7755,0,0
111,7756,0,2
111,7757,0,2
111,7758,0,2
111,7759,0,2
111,7760,0,0
111,7761,0,0
111,7762,0,0
111,7763,0,0
111,7764,0,0
111,7765,0,0
111,7766,0,0
111,7767,0,0
111,7768,0,0
111,7769,0,0
111,7770,0,0
111,7771,0,0
111,7772,0,0
111,7773,0,0
111,7774,0,0
111,7775,0,2
111,7776,0,0
111,7777,0,0
111,7778,0,0
111,7779,0,0
111,7780,0,2
111,7781,0,0
111,7782,0,0
111,7783,0,0
111,7784,0,0
111,7785,0,0
111,7786,0,0
111,7787,0,0
111,7788,0,0
111,7789,0,0
111,7790,0,0
111,7791,0,0
111,7792,0,0
111,7793,0,0
111,7794,0,0
111,7795,0,0
111,7796,0,0
111,7797,0,0
111,7798,0,0
111,7799,0,0
111,7800,0,0
111,7801,0,0
111,7802,0,0
111,7803,0,0
111,7804,0,0
111,7805,0,0
111,7806,0,0
111,7807,0,0
111,7808,0,0
111,7809,0,0
111,7810,0,0
111,7811,0,2
111,7812,0,0
111,7813,0,0
111,7814,0,0
111,7815,0,0
111,7816,0,2
111,7817,0,0
111,7818,0,0
111,7819,0,0
111,7820,0,0
111,7821,0,0
111,7822,0,0
111,7823,0,0
111,7824,0,0
111,7825,0,0
111,7826,0,0
111,7827,0,0
111,7828,0,0
111,7829,0,0
111,7830,0,2
111,7831,0,0
111,7832,0,0
111,7833,0,0
111,7834,0,0
111,7835,0,0
111,7836,0,0
111,7837,0,0
111,7838,0,0
111,7839,0,0
111,7840,0,0
111,7841,0,0
111,7842,0,0
111,7843,0,0
111,7844,0,0
111,7845,0,0
111,7846,0,2
111,7847,0,2
111,7848,0,0
111,7849,0,0
111,7850,0,0
111,7851,0,0
111,7852,0,0
111,7853,0,0
111,7854,0,0
111,7855,0,0
111,7856,0,0
111,7857,0,0
111,7858,0,0
111,7859,0,0
111,7860,0,0
111,7861,0,0
111,7862,0,0
111,7863,0,0
111,7864,0,0
111,7865,0,0
111,7866,0,0
111,7867,0,0
111,7868,0,0
111,7869,0,0
111,7870,0,0
111,7871,0,0
111,7872,0,0
111,7873,0,0
111,7874,0,0
111,7875,0,0
111,7876,0,0
111,7877,0,0
111,7878,0,0
111,7879,0,2
111,7880,0,0
111,7881,0,0
111,7882,0,0
111,7883,0,0
111,7884,0,0
111,7885,0,0
111,7886,0,0
111,7887,0,0
111,7888,0,0
111,7889,0,0
111,7890,0,0
111,7891,0,2
111,7892,0,0
111,7893,0,0
111,7894,0,0
111,7895,0,0
111,7896,0,0
111,7897,0,0
111,7898,0,0
111,7899,0,0
111,7900,0,2
111,7901,0,0
111,7902,0,0
111,7903,0,0
111,7904,0,0
111,7905,0,0
111,7906,0,0
111,7907,0,0
111,7908,0,0
111,7909,0,0
111,7910,0,0
111,7911,0,0
111,7912,0,0
111,7913,0,0
111,7914,0,0
111,7915,0,0
111,7916,0,0
111,7917,0,0
111,7918,0,0
111,7919,0,0
111,7920,0,0
111,7921,0,0
111,7922,0,0
111,7923,0,0
111,7924,0,0
111,7925,0,0
111,7926,0,0
111,7927,0,0
111,7928,0,0
111,7929,0,0
111,7930,0,0
111,7931,0,2
111,7932,0,0
111,7933,0,0
111,7934,0,0
111,7935,0,0
111,7936,0,0
111,7937,0,0
111,7938,0,0
111,7939,0,0
111,7940,0,0
111,7941,0,0
111,7942,0,0
111,7943,0,2
111,7944,0,0
111,7945,0,0
111,7946,0,0
111,7947,0,0
111,7948,0,2
111,7949,0,0
111,7950,0,0
111,7951,0,0
111,7952,0,0
111,7953,0,0
111,7954,0,0
111,7955,0,0
111,7956,0,0
111,7957,0,0
111,7958,0,0
111,7959,0,0
111,7960,0,0
111,7961,0,0
111,7962,0,0
111,7963,0,0
111,7964,0,0
111,7965,0,0
111,7966,0,0
111,7967,0,0
111,7968,0,0
111,7969,0,0
111,7970,0,0
111,7971,0,0
111,7972,0,0
111,7973,0,0
111,7974,0,0
111,7975,0,0
111,7976,0,0
111,7977,0,0
111,7978,0,0
111,7979,0,0
111,7980,0,0
111,7981,0,0
111,7982,0,0
111,7983,0,0
111,7984,0,0
111,7985,0,0
111,7986,0,0
111,7987,0,0
111,7988,0,0
111,7989,0,0
111,7990,0,0
111,7991,0,0
111,7992,0,0
111,7993,0,0
111,7994,0,2
111,7995,0,0
111,7996,0,0
111,7997,0,0
111,7998,0,0
111,7999,0,0
111,8000,0,0
111,8001,0,0
111,8002,0,0
111,8003,0,0
111,8004,0,0
111,8005,0,0
111,8006,0,0
111,8007,0,0
111,8008,0,0
111,8009,0,0
111,8010,0,0
111,8011,0,0
111,8012,0,0
111,8013,0,0
111,8014,0,0
111,8015,0,0
111,8016,0,0
111,8017,0,0
111,8018,0,0
111,8019,0,0
111,8020,0,0
111,8021,0,0
111,8022,0,0
111,8023,0,0
111,8024,0,0
111,8025,0,0
111,8026,0,0
111,8027,0,0
111,8028,0,0
111,8029,0,0
111,8030,0,0
111,8031,0,0
111,8032,0,0
111,8033,0,0
111,8034,0,0
111,8035,0,0
111,8036,0,0
111,8037,0,0
111,8038,0,0
111,8039,0,2
111,8040,0,0
111,8041,0,0
111,8042,0,0
111,8043,0,0
111,8044,0,0
111,8045,0,0
111,8046,0,0
111,8047,0,0
111,8048,0,0
111,8049,0,0
111,8050,0,0
111,8051,0,0
111,8052,0,0
111,8053,0,0
111,8054,0,0
111,8055,0,0
111,8056,0,0
111,8057,0,0
111,8058,0,0
111,8059,0,0
111,8060,0,0
111,8061,0,0
111,8062,0,0
111,8063,0,0
111,8064,0,0
111,8065,0,0
111,8066,0,0
111,8067,0,0
111,8068,0,0
111,8069,0,0
111,8070,0,0
111,8071,0,0
111,8072,0,0
111,8073,0,0
111,8074,0,0
111,8075,0,0
111,8076,0,0
111,8077,0,0
111,8078,0,0
111,8079,0,0
111,8080,0,0
111,8081,0,0
111,8082,0,0
111,8083,0,0
111,8084,0,0
111,8085,0,0
111,8086,0,0
111,8087,0,0
111,8088,0,0
111,8089,0,0
111,8090,0,0
111,8091,0,0
111,8092,0,0
111,8093,0,0
111,8094,0,0
111,8095,0,0
111,8096,0,0
111,8097,0,0
111,8098,0,0
111,8099,0,0
111,8100,0,0
111,8101,0,0
111,8102,0,0
111,8103,0,0
111,8104,0,0
111,8105,0,0
111,8106,0,0
111,8107,0,0
111,8108,0,0
111,8109,0,0
111,8110,0,0
111,8111,0,0
111,8112,0,0
111,8113,0,0
111,8114,0,0
111,8115,0,0
111,8116,0,0
111,8117,0,0
111,8118,0,0
111,8119,0,0
111,8120,0,0
111,8121,0,0
111,8122,0,0
111,8123,0,0
111,8124,0,0
111,8125,0,0
111,8126,0,0
111,8127,0,0
111,8128,0,0
111,8129,0,0
111,8130,0,0
111,8131,0,0
111,8132,0,0
111,8133,0,0
111,8134,0,0
111,8135,0,0
111,8136,0,0
111,8137,0,0
111,8138,0,0
111,8139,0,0
111,8140,0,0
111,8141,0,0
111,8142,0,0
111,8143,0,0
111,8144,0,0
111,8145,0,0
111,8146,0,0
111,8147,0,0
111,8148,0,0
111,8149,0,0
111,8150,0,0
111,8151,0,0
111,8152,0,0
111,8153,0,0
111,8154,0,0
111,8155,0,0
111,8156,0,0
111,8157,0,0
111,8158,0,0
111,8159,0,0
111,8160,0,0
111,8161,0,0
111,8162,0,0
111,8163,0,0
111,8164,0,0
111,8165,0,0
111,8166,0,0
111,8167,0,0
111,8168,0,0
111,8169,0,0
111,8170,0,0
111,8171,0,0
111,8172,0,0
111,8173,0,0
111,8174,0,0
111,8175,0,0
111,8176,0,0
111,8177,0,0
111,8178,0,0
111,8179,0,0
111,8180,0,0
111,8181,0,0
111,8182,0,0
111,8183,0,0
111,8184,0,0
111,8185,0,0
111,8186,0,0
111,8187,0,0
111,8188,0,0
111,8189,0,0
111,8190,0,0
111,8191,0,0
111,8192,0,0
111,8193,0,0
111,8194,0,0
111,8195,0,0
111,8196,0,0
111,8197,0,0
111,8198,0,0
111,8199,0,0
111,8200,0,0
111,8201,0,0
111,8202,0,0
111,8203,0,0
111,8204,0,0
111,8205,0,0
111,8206,0,0
111,8207,0,0
111,8208,0,0
111,8209,0,0
111,8210,0,0
111,8211,0,0
111,8212,0,0
111,8213,0,0
111,8214,0,0
111,8215,0,0
111,8216,0,0
111,8217,0,0
111,8218,0,0
111,8219,0,0
111,8220,0,0
111,8221,0,0
111,8222,0,0
111,8223,0,0
111,8224,0,0
111,8225,0,0
111,8226,0,0
111,8227,0,0
111,8228,0,0
111,8229,0,0
111,8230,0,0
111,8231,0,0
111,8232,0,0
111,8233,0,0
111,8234,0,0
111,8235,0,0
111,8236,0,0
111,8237,0,0
111,8238,0,0
111,8239,0,0
111,8240,0,0
111,8241,0,0
111,8242,0,0
111,8243,0,0
111,8244,0,0
111,8245,0,0
111,8246,0,0
111,8247,0,0
111,8248,0,0
111,8249,0,0
111,8250,0,0
111,8251,0,0
111,8252,0,0
111,8253,0,0
111,8254,0,0
111,8255,0,0
111,8256,0,0
111,8257,0,0
111,8258,0,0
111,8259,0,0
111,8260,0,0
111,8261,0,0
111,8262,0,0
111,8263,0,0
111,8264,0,0
111,8265,0,0
111,8266,0,0
111,8267,0,0
111,8268,0,0
111,8269,0,0
111,8270,0,0
111,8271,0,0
111,8272,0,0
111,8273,0,0
111,8274,0,0
111,8275,0,0
111,8276,0,0
111,8277,0,0
111,8278,0,0
111,8279,0,0
111,8280,0,0
111,8281,0,0
111,8282,0,0
111,8283,0,0
111,8284,0,0
111,8285,0,0
111,8286,0,0
111,8287,0,2
111,8288,0,0
111,8289,0,0
111,8290,0,0
111,8291,0,0
111,8292,0,0
111,8293,0,0
111,8294,0,0
111,8295,0,0
111,8296,0,0
111,8297,0,0
111,8298,0,0
111,8299,0,0
111,8300,0,0
111,8301,0,0
111,8302,0,0
111,8303,0,0
111,8304,0,0
111,8305,0,0
111,8306,0,0
111,8307,0,0
111,8308,0,0
111,8309,0,0
111,8310,0,0
111,8311,0,0
111,8312,0,0
111,8313,0,0
111,8314,0,0
111,8315,0,0
111,8316,0,0
111,8317,0,0
111,8318,0,0
111,8319,0,0
111,8320,0,0
111,8321,0,0
111,8322,0,0
111,8323,0,0
111,8324,0,0
111,8325,0,0
111,8326,0,0
111,8327,0,0
111,8328,0,0
111,8329,0,0
111,8330,0,0
111,8331,0,0
111,8332,0,0
111,8333,0,0
111,8334,0,0
111,8335,0,0
111,8336,0,0
111,8337,0,0
111,8338,0,0
111,8339,0,0
111,8340,0,0
111,8341,0,0
111,8342,0,0
111,8343,0,0
111,8344,0,0
111,8345,0,0
111,8346,0,0
111,8347,0,0
111,8348,0,0
111,8349,0,0
111,8350,0,0
111,8351,0,0
111,8352,0,0
111,8353,0,0
111,8354,0,0
111,8355,0,0
111,8356,0,0
111,8357,0,0
111,8358,0,0
111,8359,0,0
111,8360,0,0
111,8361,0,0
111,8362,0,0
111,8363,0,0
111,8364,0,0
111,8365,0,2
111,8366,0,0
111,8367,0,0
111,8368,0,0
111,8369,0,0
111,8370,0,0
111,8371,0,0
111,8372,0,0
111,8373,0,0
111,8374,0,0
111,8375,0,0
111,8376,0,0
111,8377,0,0
111,8378,0,0
111,8379,0,0
111,8380,0,0
111,8381,0,0
111,8382,0,0
111,8383,0,0
111,8384,0,0
111,8385,0,0
111,8386,0,0
111,8387,0,0
111,8388,0,0
111,8389,0,0
111,8390,0,0
111,8391,0,0
111,8392,0,0
111,8393,0,2
111,8394,0,0
111,8395,0,0
111,8396,0,0
111,8397,0,0
111,8398,0,0
111,8399,0,0
111,8400,0,0
111,8401,0,0
111,8402,0,0
111,8403,0,0
111,8404,0,0
111,8405,0,0
111,8406,0,0
111,8407,0,0
111,8408,0,0
111,8409,0,0
111,8410,0,0
111,8411,0,0
111,8412,0,0
111,8413,0,0
111,8414,0,0
111,8415,0,0
111,8416,0,0
111,8417,0,0
111,8418,0,0
111,8419,0,0
111,8420,0,0
111,8421,0,0
111,8422,0,0
111,8423,0,0
111,8424,0,0
111,8425,0,0
111,8426,0,0
111,8427,0,0
111,8428,0,0
111,8429,0,0
111,8430,0,0
111,8431,0,0
111,8432,0,0
111,8433,0,0
111,8434,0,0
111,8435,0,0
111,8436,0,0
111,8437,0,0
111,8438,0,0
111,8439,0,0
111,8440,0,0
111,8441,0,0
111,8442,0,0
111,8443,0,0
111,8444,0,0
111,8445,0,0
111,8446,0,0
111,8447,0,0
111,8448,0,0
111,8449,0,0
111,8450,0,0
111,8451,0,0
111,8452,0,0
111,8453,0,0
111,8454,0,0
111,8455,0,0
111,8456,0,0
111,8457,0,0
111,8458,0,0
111,8459,0,0
111,8460,0,0
111,8461,0,0
111,8462,0,0
111,8463,0,0
111,8464,0,0
111,8465,0,0
111,8466,0,0
111,8467,0,0
111,8468,0,0
111,8469,0,0
111,8470,0,0
111,8471,0,0
111,8472,0,0
111,8473,0,0
111,8474,0,0
111,8475,0,0
111,8476,0,0
111,8477,0,0
111,8478,0,0
111,8479,0,0
111,8480,0,0
111,8481,0,0
111,8482,0,0
111,8483,0,0
111,8484,0,0
111,8485,0,0
111,8486,0,0
111,8487,0,0
111,8488,0,0
111,8489,0,0
111,8490,0,0
111,8491,0,0
111,8492,0,0
111,8493,0,0
111,8494,0,0
111,8495,0,0
111,8496,0,0
111,8497,0,0
111,8498,0,0
111,8499,0,0
111,8500,0,0
111,8501,0,0
111,8502,0,0
111,8503,0,0
111,8504,0,0
111,8505,0,0
111,8506,0,0
111,8507,0,0
111,8508,0,0
111,8509,0,0
111,8510,0,2
111,8511,0,0
111,8512,0,2
111,8513,0,0
111,8514,0,0
111,8515,0,0
111,8516,0,0
111,8517,0,0
111,8518,0,0
111,8519,0,0
111,8520,0,0
111,8521,0,0
111,8522,0,0
111,8523,0,0
111,8524,0,0
111,8525,0,2
111,8526,0,0
111,8527,0,2
111,8528,0,0
111,8529,0,0
111,8530,0,0
111,8531,0,0
111,8532,0,0
111,8533,0,0
111,8534,0,0
111,8535,0,0
111,8536,0,0
111,8537,0,0
111,8538,0,0
111,8539,0,0
111,8540,0,0
111,8541,0,0
111,8542,0,0
111,8543,0,0
111,8544,0,0
111,8545,0,0
111,8546,0,0
111,8547,0,0
111,8548,0,0
111,8549,0,0
111,8550,0,0
111,8551,0,0
111,8552,0,0
111,8553,0,0
111,8554,0,0
111,8555,0,0
111,8556,0,0
111,8557,0,0
111,8558,0,0
111,8559,0,0
111,8560,0,0
111,8561,0,0
111,8562,0,0
111,8563,0,0
111,8564,0,0
111,8565,0,0
111,8566,0,0
111,8567,0,0
111,8568,0,0
111,8569,0,0
111,8570,0,0
111,8571,0,0
111,8572,0,0
111,8573,0,0
111,8574,0,0
111,8575,0,0
111,8576,0,0
111,8577,0,0
111,8578,0,0
111,8579,0,0
111,8580,0,0
111,8581,0,0
111,8582,0,0
111,8583,0,0
111,8584,0,0
111,8585,0,0
111,8586,0,0
111,8587,0,0
111,8588,0,0
111,8589,0,0
111,8590,0,0
111,8591,0,0
111,8592,0,0
111,8593,0,0
111,8594,0,0
111,8595,0,0
111,8596,0,0
111,8597,0,0
111,8598,0,0
111,8599,0,0
111,8600,0,0
111,8601,0,0
111,8602,0,0
111,8603,0,0
111,8604,0,0
111,8605,0,0
111,8606,0,0
111,8607,0,0
111,8608,0,0
111,8609,0,0
111,8610,0,0
111,8611,0,0
111,8612,0,0
111,8613,0,0
111,8614,0,0
111,8615,0,0
111,8616,0,0
111,8617,0,0
111,8618,0,0
111,8619,0,0
111,8620,0,0
111,8621,0,0
111,8622,0,0
111,8623,0,0
111,8624,0,0
111,8625,0,0
111,8626,0,0
111,8627,0,0
111,8628,0,0
111,8629,0,0
111,8630,0,0
111,8631,0,0
111,8632,0,0
111,8633,0,0
111,8634,0,0
111,8635,0,0
111,8636,0,0
111,8637,0,0
111,8638,0,0
111,8639,0,0
111,8640,0,0
111,8641,0,0
111,8642,0,0
111,8643,0,0
111,8644,0,0
111,8645,0,0
111,8646,0,0
111,8647,0,0
111,8648,0,0
111,8649,0,0
111,8650,0,0
111,8651,0,0
111,8652,0,0
111,8653,0,0
111,8654,0,0
111,8655,0,0
111,8656,0,0
111,8657,0,0
111,8658,0,0
111,8659,0,0
111,8660,0,0
111,8661,0,0
111,8662,0,0
111,8663,0,0
111,8664,0,0
111,8665,0,0
111,8666,0,0
111,8667,0,0
111,8668,0,0
111,8669,0,0
111,8670,0,0
111,8671,0,0
111,8672,0,0
111,8673,0,0
111,8674,0,0
111,8675,0,0
111,8676,0,0
111,8677,0,0
111,8678,0,0
111,8679,0,0
111,8680,0,0
111,8681,0,0
111,8682,0,0
111,8683,0,0
111,8684,0,0
111,8685,0,0
111,8686,0,0
111,8687,0,0
111,8688,0,0
111,8689,0,0
111,8690,0,0
111,8691,0,2
111,8692,0,0
111,8693,0,0
111,8694,0,0
111,8695,0,0
111,8696,0,0
111,8697,0,0
111,8698,0,0
111,8699,0,0
111,8700,0,0
111,8701,0,0
111,8702,0,0
111,8703,0,0
111,8704,0,0
111,8705,0,0
111,8706,0,0
111,8707,0,0
111,8708,0,0
111,8709,0,0
111,8710,0,0
111,8711,0,0
111,8712,0,0
111,8713,0,0
111,8714,0,0
111,8715,0,0
111,8716,0,0
111,8717,0,0
111,8718,0,0
111,8719,0,0
111,8720,0,0
111,8721,0,0
111,8722,0,0
111,8723,0,0
111,8724,0,0
111,8725,0,0
111,8726,0,0
111,8727,0,0
111,8728,0,0
111,8729,0,0
111,8730,0,0
111,8731,0,0
111,8732,0,0
111,8733,0,0
111,8734,0,0
111,8735,0,0
111,8736,0,0
111,8737,0,0
111,8738,0,0
111,8739,0,0
111,8740,0,0
111,8741,0,0
111,8742,0,0
111,8743,0,0
111,8744,0,0
111,8745,0,0
111,8746,0,0
111,8747,0,0
111,8748,0,0
111,8749,0,0
111,8750,0,0
111,8751,0,0
111,8752,0,0
111,8753,0,0
111,8754,0,0
111,8755,0,0
111,8756,0,0
111,8757,0,0
111,8758,0,0
111,8759,0,0
111,8760,0,0
111,8761,0,0
111,8762,0,0
111,8763,0,0
111,8764,0,0
111,8765,0,0
111,8766,0,0
111,8767,0,0
111,8768,0,0
111,8769,0,0
111,8770,0,0
111,8771,0,0
111,8772,0,0
111,8773,0,0
111,8774,0,0
111,8775,0,0
111,8776,0,0
111,8777,0,0
111,8778,0,0
111,8779,0,0
111,8780,0,0
111,8781,0,0
111,8782,0,0
111,8783,0,0
111,8784,0,0
111,8785,0,0
111,8786,0,0
111,8787,0,0
111,8788,0,0
111,8789,0,0
111,8790,0,0
111,8791,0,0
111,8792,0,0
111,8793,0,0
111,8794,0,0
111,8795,0,0
111,8796,0,0
111,8797,0,0
111,8798,0,0
111,8799,0,0
111,8800,0,0
111,8801,0,0
111,8802,0,0
111,8803,0,0
111,8804,0,0
111,8805,0,0
111,8806,0,0
111,8807,0,0
111,8808,0,0
111,8809,0,0
111,8810,0,0
111,8811,0,0
111,8812,0,0
111,8813,0,0
111,8814,0,0
111,8815,0,0
111,8816,0,0
111,8817,0,0
111,8818,0,0
111,8819,0,0
111,8820,0,0
111,8821,0,0
111,8822,0,0
111,8823,0,0
111,8824,0,0
111,8825,0,0
111,8826,0,0
111,8827,0,0
111,8828,0,0
111,8829,0,0
111,8830,0,0
111,8831,0,0
111,8832,0,0
111,8833,0,0
111,8834,0,0
111,8835,0,0
111,8836,0,0
111,8837,0,0
111,8838,0,0
111,8839,0,0
111,8840,0,0
111,8841,0,0
111,8842,0,0
111,8843,0,0
111,8844,0,0
111,8845,0,0
111,8846,0,0
111,8847,0,0
111,8848,0,0
111,8849,0,0
111,8850,0,0
111,8851,0,0
111,8852,0,0
111,8853,0,0
111,8854,0,0
111,8855,0,0
111,8856,0,0
111,8857,0,0
111,8858,0,0
111,8859,0,0
111,8860,0,0
111,8861,0,0
111,8862,0,0
111,8863,0,0
111,8864,0,0
111,8865,0,0
111,8866,0,0
111,8867,0,0
111,8868,0,0
111,8869,0,0
111,8870,0,0
111,8871,0,0
111,8872,0,0
111,8873,0,0
111,8874,0,0
111,8875,0,0
111,8876,0,0
111,8877,0,0
111,8878,0,0
111,8879,0,0
111,8880,0,0
111,8881,0,0
111,8882,0,0
111,8883,0,0
111,8884,0,0
111,8885,0,0
111,8886,0,0
111,8887,0,0
111,8888,0,0
111,8889,0,0
111,8890,0,0
111,8891,0,0
111,8892,0,0
111,8893,0,0
111,8894,0,0
111,8895,0,0
111,8896,0,0
111,8897,0,0
111,8898,0,0
111,8899,0,0
111,8900,0,0
111,8901,0,2
111,8902,0,0
111,8903,0,0
111,8904,0,0
111,8905,0,0
111,8906,0,0
111,8907,0,0
111,8908,0,0
111,8909,0,0
111,8910,0,0
111,8911,0,0
111,8912,0,0
111,8913,0,0
111,8914,0,0
111,8915,0,0
111,8916,0,0
111,8917,0,0
111,8918,0,0
111,8919,0,0
111,8920,0,0
111,8921,0,0
111,8922,0,0
111,8923,0,0
111,8924,0,0
111,8925,0,0
111,8926,0,0
111,8927,0,0
111,8928,0,0
111,8929,0,0
111,8930,0,0
111,8931,0,0
111,8932,0,0
111,8933,0,0
111,8934,0,0
111,8935,0,0
111,8936,0,0
111,8937,0,2
111,8938,0,0
111,8939,0,0
111,8940,0,0
111,8941,0,0
111,8942,0,0
111,8943,0,0
111,8944,0,0
111,8945,0,0
111,8946,0,0
111,8947,0,0
111,8948,0,0
111,8949,0,0
111,8950,0,0
111,8951,0,0
111,8952,0,0
111,8953,0,0
111,8954,0,0
111,8955,0,0
111,8956,0,0
111,8957,0,0
111,8958,0,0
111,8959,0,0
111,8960,0,0
111,8961,0,0
111,8962,0,0
111,8963,0,0
111,8964,0,0
111,8965,0,0
111,8966,0,0
111,8967,0,0
111,8968,0,0
111,8969,0,0
111,8970,0,0
111,8971,0,0
111,8972,0,0
111,8973,0,0
111,8974,0,0
111,8975,0,0
111,8976,0,0
111,8977,0,0
111,8978,0,0
111,8979,0,0
111,8980,0,0
111,8981,0,0
111,8982,0,0
111,8983,0,0
111,8984,0,0
111,8985,0,0
111,8986,0,0
111,8987,0,0
111,8988,0,0
111,8989,0,0
111,8990,0,0
111,8991,0,0
111,8992,0,0
111,8993,0,0
111,8994,0,0
111,8995,0,0
111,8996,0,0
111,8997,0,0
111,8998,0,0
111,8999,0,0
111,9000,0,0
111,9001,0,0
111,9002,0,2
111,9003,0,2
111,9004,0,0
111,9005,0,2
111,9006,0,0
111,9007,0,0
111,9008,0,0
111,9009,0,0
111,9010,0,2
111,9011,0,0
111,9012,0,0
111,9013,0,0
111,9014,0,0
111,9015,0,2
111,9016,0,2
111,9017,0,0
111,9018,0,0
111,9019,0,0
111,9020,0,0
111,9021,0,0
111,9022,0,0
111,9023,0,0
111,9024,0,0
111,9025,0,0
111,9026,0,0
111,9027,0,0
111,9028,0,0
111,9029,0,0
111,9030,0,0
111,9031,0,0
111,9032,0,0
111,9033,0,0
111,9034,0,0
111,9035,0,0
111,9036,0,0
111,9037,0,0
111,9038,0,0
111,9039,0,0
111,9040,0,0
111,9041,0,0
111,9042,0,0
111,9043,0,0
111,9044,0,0
113,9045,0,0
113,9046,0,0
113,9047,0,0
113,9048,0,0
113,9049,0,0
113,9050,0,0
113,9051,0,0
113,9052,0,0
113,9053,0,0
113,9054,0,0
113,9055,0,0
113,9056,0,0
113,9057,0,0
113,9058,0,0
113,9059,0,0
113,9060,0,0
113,9061,0,0
113,9062,0,0
113,9063,0,0
113,9064,0,0
113,9065,0,0
113,9066,0,0
113,9067,0,0
113,9068,1,0
113,9069,0,0
113,9070,0,0
113,9071,0,0
113,9072,0,0
113,9073,0,0
113,9074,0,0
113,9075,0,0
113,9076,0,0
113,9077,0,0
113,9078,0,0
113,9079,0,0
113,9080,0,0
113,9081,0,0
113,9082,0,0
113,9083,0,0
113,9084,0,0
113,9085,0,0
113,9086,0,0
113,9087,0,0
113,9088,0,0
113,9089,0,0
113,9090,0,0
113,9091,0,0
113,9092,0,0
113,9093,0,0
113,9094,0,0
113,9095,0,0
113,9096,0,0
113,9097,0,0
113,9098,0,0
113,9099,0,0
113,9100,0,0
113,9101,0,0
113,9102,0,0
113,9103,0,0
113,9104,0,0
113,9105,0,0
113,9106,0,0
113,9107,0,0
113,9108,0,0
113,9109,0,0
113,9110,0,0
113,9111,0,0
113,9112,0,0
113,9113,0,0
113,9114,0,0
113,9115,0,0
113,9116,0,0
113,9117,0,0
113,9118,0,0
113,9119,0,0
113,9120,0,0
113,9121,0,0
113,9122,0,0
113,9123,0,0
113,9124,0,0
113,9125,0,0
113,9126,0,0
113,9127,0,0
113,9128,0,0
113,9129,0,0
113,9130,0,0
113,9131,0,0
113,9132,0,0
113,9133,0,0
113,9134,0,0
113,9135,0,0
113,9136,0,0
113,9137,0,0
113,9138,0,0
113,9139,0,0
113,9140,0,0
113,9141,0,0
113,9142,0,0
113,9143,0,0
113,9144,0,0
113,9145,0,0
113,9146,0,0
113,9147,0,0
113,9148,0,0
113,9149,0,0
113,9150,0,0
113,9151,0,0
113,9152,0,0
113,9153,0,0
113,9154,0,0
113,9155,0,0
113,9156,0,0
113,9157,0,0
113,9158,0,0
113,9159,0,0
113,9160,0,0
113,9161,0,0
113,9162,0,0
113,9163,0,0
113,9164,0,0
113,9165,0,0
113,9166,0,0
113,9167,0,0
113,9168,0,0
113,9169,0,0
113,9170,0,0
113,9171,0,0
113,9172,0,0
113,9173,0,0
113,9174,0,0
113,9175,0,0
113,9176,0,0
113,9177,0,0
113,9178,0,0
113,9179,0,0
113,9180,0,0
113,9181,0,0
113,9182,0,0
113,9183,0,0
113,9184,0,0
113,9185,0,0
113,9186,0,0
113,9187,0,0
113,9188,0,0
113,9189,0,0
113,9190,0,0
113,9191,0,0
113,9192,0,0
113,9193,0,0
113,9194,0,0
113,9195,0,0
113,9196,0,0
113,9197,0,0
113,9198,0,0
113,9199,0,0
113,9200,0,0
113,9201,0,0
113,9202,0,0
113,9203,0,0
113,9204,0,0
113,9205,0,0
113,9206,0,0
113,9207,0,0
113,9208,0,0
113,9209,0,0
113,9210,0,0
113,9211,0,0
113,9212,0,0
113,9213,0,0
113,9214,0,0
113,9215,0,0
113,9216,0,0
113,9217,0,0
113,9218,0,0
113,9219,0,0
113,9220,0,0
113,9221,0,0
113,9222,0,0
113,9223,0,0
113,9224,0,0
113,9225,0,0
113,9226,0,0
113,9227,0,0
113,9228,0,0
113,9229,0,0
113,9230,0,0
113,9231,0,0
113,9232,0,0
113,9233,0,0
113,9234,0,0
113,9235,0,0
113,9236,0,0
113,9237,0,0
113,9238,0,0
113,9239,0,0
113,9240,0,0
113,9241,0,0
113,9242,0,0
113,9243,0,0
113,9244,0,0
113,9245,0,0
113,9246,0,0
113,9247,0,0
113,9248,0,0
113,9249,0,0
113,9250,0,0
113,9251,0,0
113,9252,0,0
113,9253,0,0
113,9254,0,0
113,9255,0,0
113,9256,0,0
113,9257,0,0
113,9258,0,0
113,9259,0,0
113,9260,0,0
113,9261,0,0
113,9262,0,0
113,9263,0,0
113,9264,0,0
113,9265,0,0
113,9266,0,0
113,9267,0,0
113,9268,0,0
113,9269,0,0
113,9270,0,0
113,9271,0,0
113,9272,0,0
113,9273,0,0
113,9274,0,0
113,9275,0,0
113,9276,0,0
113,9277,0,0
113,9278,0,0
113,9279,0,0
113,9280,0,0
113,9281,0,0
113,9282,0,0
113,9283,0,0
113,9284,0,0
113,9285,0,0
113,9286,0,0
113,9287,0,0
113,9288,0,0
113,9289,0,0
113,9290,0,0
113,9291,0,0
113,9292,0,0
113,9293,0,0
113,9294,0,0
113,9295,0,0
113,9296,0,0
113,9297,0,0
113,9298,0,0
113,9299,0,0
113,9300,0,0
113,9301,0,0
113,9302,0,0
113,9303,0,0
113,9304,0,0
113,9305,0,0
113,9306,0,0
113,9307,0,0
113,9308,0,0
113,9309,0,0
113,9310,0,0
113,9311,0,0
113,9312,0,0
113,9313,0,0
113,9314,0,0
113,9315,0,0
113,9316,0,0
113,9317,0,0
113,9318,0,0
113,9319,0,0
113,9320,0,0
113,9321,0,0
113,9322,0,0
113,9323,0,0
113,9324,0,0
113,9325,0,0
113,9326,0,0
113,9327,0,0
113,9328,0,0
113,9329,0,0
113,9330,0,0
113,9331,0,0
113,9332,0,0
113,9333,0,0
113,9334,0,0
113,9335,0,0
113,9336,0,0
113,9337,0,0
113,9338,0,0
113,9339,0,0
113,9340,0,0
113,9341,0,0
113,9342,0,0
113,9343,0,0
113,9344,0,0
113,9345,0,0
113,9346,0,0
113,9347,0,0
113,9348,0,0
113,9349,0,0
113,9350,0,0
113,9351,0,0
113,9352,0,0
113,9353,0,0
113,9354,0,0
113,9355,0,0
113,9356,0,0
113,9357,0,0
113,9358,0,0
113,9359,0,0
113,9360,0,0
113,9361,0,0
113,9362,0,0
113,9363,0,0
113,9364,0,0
113,9365,0,0
113,9366,0,0
113,9367,0,0
113,9368,0,0
113,9369,0,0
113,9370,0,0
113,9371,0,0
113,9372,0,0
113,9373,0,0
113,9374,0,0
113,9375,0,0
113,9376,0,0
113,9377,0,0
113,9378,0,0
113,9379,0,0
113,9380,0,0
113,9381,0,0
113,9382,0,0
113,9383,0,0
113,9384,0,0
113,9385,0,0
113,9386,0,0
113,9387,0,0
113,9388,0,0
113,9389,0,0
113,9390,0,0
113,9391,0,0
113,9392,0,0
113,9393,0,0
113,9394,0,0
113,9395,0,0
113,9396,0,0
113,9397,0,0
113,9398,0,0
113,9399,0,0
113,9400,0,0
113,9401,0,0
113,9402,0,0
113,9403,0,0
113,9404,0,0
113,9405,0,0
113,9406,0,0
113,9407,0,0
113,9408,0,0
113,9409,0,0
113,9410,0,0
113,9411,0,0
113,9412,0,0
113,9413,0,0
113,9414,0,0
113,9415,0,0
113,9416,0,0
113,9417,0,0
113,9418,0,0
113,9419,0,0
113,9420,0,0
113,9421,0,0
113,9422,0,0
113,9423,0,0
113,9424,0,0
113,9425,1,0
113,9426,0,0
113,9427,0,0
113,9428,0,0
113,9429,0,0
113,9430,0,0
113,9431,0,0
113,9432,0,0
113,9433,0,0
113,9434,0,0
113,9435,0,0
113,9436,0,0
113,9437,0,0
113,9438,1,0
113,9439,0,0
113,9440,0,0
113,9441,0,0
113,9442,0,0
113,9443,0,0
113,9444,0,0
113,9445,0,0
113,9446,0,0
113,9447,0,0
113,9448,0,0
113,9449,0,0
113,9450,0,0
113,9451,0,0
113,9452,0,0
113,9453,0,0
113,9454,0,0
113,9455,0,0
113,9456,0,0
113,9457,0,0
113,9458,0,0
113,9459,0,0
113,9460,0,0
113,9461,0,0
113,9462,0,0
113,9463,0,0
113,9464,0,0
113,9465,0,0
113,9466,0,0
113,9467,0,0
113,9468,0,0
113,9469,0,0
113,9470,0,0
113,9471,0,0
113,9472,0,0
113,9473,0,0
113,9474,0,0
113,9475,0,0
113,9476,0,0
113,9477,0,0
113,9478,0,0
113,9479,0,0
113,9480,0,0
113,9481,0,0
113,9482,0,0
113,9483,0,0
113,9484,0,0
113,9485,0,0
113,9486,0,0
113,9487,0,0
113,9488,0,0
113,9489,0,0
113,9490,0,0
113,9491,0,0
113,9492,0,0
113,9493,0,0
113,9494,0,0
113,9495,0,0
113,9496,0,0
113,9497,0,0
113,9498,0,0
113,9499,0,0
113,9500,0,0
113,9501,0,0
113,9502,0,0
113,9503,0,0
113,9504,0,0
113,9505,0,0
113,9506,0,0
113,9507,0,0
113,9508,0,0
113,9509,0,0
113,9510,0,0
113,9511,0,0
113,9512,0,0
113,9513,0,0
113,9514,0,0
113,9515,0,0
113,9516,0,0
113,9517,0,0
113,9518,0,0
113,9519,0,0
113,9520,0,0
113,9521,0,0
113,9522,0,0
113,9523,0,0
113,9524,0,0
113,9525,0,0
113,9526,0,0
113,9527,0,0
113,9528,0,0
113,9529,0,0
113,9530,0,0
113,9531,0,0
113,9532,0,0
113,9533,0,0
113,9534,0,0
113,9535,0,0
113,9536,1,0
113,9537,0,0
113,9538,0,0
113,9539,0,0
113,9540,0,0
113,9541,0,0
113,9542,0,0
113,9543,0,0
113,9544,0,0
113,9545,0,0
113,9546,0,0
113,9547,0,0
113,9548,0,0
113,9549,0,0
113,9550,0,0
113,9551,0,0
113,9552,0,0
113,9553,0,0
113,9554,0,0
113,9555,0,0
113,9556,0,0
113,9557,0,0
113,9558,0,0
113,9559,0,0
113,9560,0,0
113,9561,0,0
113,9562,0,0
113,9563,0,0
113,9564,0,0
113,9565,0,0
113,9566,0,0
113,9567,0,0
113,9568,0,0
113,9569,0,0
113,9570,0,0
113,9571,0,0
113,9572,0,0
113,9573,0,0
113,9574,0,0
113,9575,0,0
113,9576,0,0
113,9577,0,0
113,9578,0,0
113,9579,0,0
113,9580,0,0
113,9581,0,0
113,9582,0,0
113,9583,0,0
113,9584,0,0
113,9585,0,0
113,9586,0,0
113,9587,0,0
113,9588,0,0
113,9589,0,0
113,9590,0,0
113,9591,0,0
113,9592,0,0
113,9593,0,0
113,9594,0,0
113,9595,0,0
113,9596,0,0
113,9597,0,0
113,9598,0,0
113,9599,0,0
113,9600,0,0
113,9601,0,0
113,9602,0,0
113,9603,0,0
113,9604,0,0
113,9605,0,0
113,9606,0,0
113,9607,0,0
113,9608,0,0
113,9609,0,0
113,9610,0,0
113,9611,0,0
113,9612,0,0
113,9613,0,0
113,9614,0,0
113,9615,0,0
113,9616,0,0
113,9617,0,0
113,9618,0,0
113,9619,0,0
113,9620,0,0
113,9621,0,0
113,9622,0,0
113,9623,0,0
113,9624,0,0
113,9625,0,0
113,9626,0,0
113,9627,0,0
113,9628,0,0
113,9629,0,0
113,9630,0,0
113,9631,0,0
113,9632,0,0
113,9633,0,0
113,9634,0,0
113,9635,0,0
113,9636,0,0
113,9637,0,0
113,9638,0,0
113,9639,0,0
113,9640,0,0
113,9641,0,0
113,9642,0,0
113,9643,0,0
113,9644,0,0
113,9645,0,0
113,9646,0,0
113,9647,0,0
113,9648,0,0
113,9649,0,0
113,9650,0,0
113,9651,0,0
113,9652,0,0
113,9653,0,0
113,9654,0,0
113,9655,0,0
113,9656,0,0
113,9657,0,0
113,9658,0,0
113,9659,0,0
113,9660,0,0
113,9661,0,0
113,9662,0,0
113,9663,0,0
113,9664,0,0
113,9665,0,0
113,9666,0,0
113,9667,0,0
113,9668,0,0
113,9669,0,0
113,9670,0,0
113,9671,0,0
113,9672,0,0
113,9673,0,0
113,9674,0,0
113,9675,0,0
113,9676,0,0
113,9677,0,0
113,9678,0,0
113,9679,0,0
113,9680,0,0
113,9681,0,0
113,9682,0,0
113,9683,0,0
113,9684,0,0
113,9685,0,0
113,9686,0,0
113,9687,0,0
113,9688,0,0
113,9689,0,0
113,9690,0,0
113,9691,0,0
113,9692,0,0
113,9693,0,0
113,9694,0,0
113,9695,0,0
113,9696,0,0
113,9697,0,0
113,9698,0,0
113,9699,0,0
113,9700,0,0
113,9701,0,0
113,9702,0,0
113,9703,0,0
113,9704,0,0
113,9705,0,0
113,9706,0,0
113,9707,0,0
113,9708,0,0
113,9709,0,0
113,9710,0,0
113,9711,0,0
113,9712,0,0
113,9713,0,0
113,9714,0,0
113,9715,0,0
113,9716,0,0
113,9717,0,0
113,9718,0,0
113,9719,0,0
113,9720,0,0
113,9721,0,0
113,9722,0,0
113,9723,0,0
113,9724,0,0
113,9725,0,0
113,9726,0,0
113,9727,0,0
113,9728,0,0
113,9729,0,0
113,9730,0,0
113,9731,0,0
113,9732,0,0
113,9733,0,0
113,9734,0,0
113,9735,0,0
113,9736,0,0
113,9737,0,0
113,9738,0,0
113,9739,0,0
113,9740,0,0
113,9741,0,0
113,9742,0,0
113,9743,0,0
113,9744,0,0
113,9745,0,0
113,9746,0,0
113,9747,0,0
113,9748,0,0
113,9749,0,0
113,9750,0,0
113,9751,0,0
113,9752,0,0
113,9753,0,0
113,9754,0,0
113,9755,0,0
113,9756,0,0
113,9757,0,0
113,9758,0,0
113,9759,0,0
113,9760,0,0
113,9761,0,0
113,9762,0,0
113,9763,0,0
113,9764,0,0
113,9765,0,0
113,9766,0,0
113,9767,0,0
113,9768,0,0
113,9769,0,0
113,9770,0,0
113,9771,0,0
113,9772,0,0
113,9773,0,0
113,9774,0,0
113,9775,0,0
113,9776,0,0
113,9777,0,0
113,9778,0,0
113,9779,0,0
113,9780,0,0
113,9781,0,0
113,9782,0,0
113,9783,0,0
113,9784,0,0
113,9785,0,0
113,9786,0,0
113,9787,0,0
113,9788,0,0
113,9789,0,0
113,9790,0,0
113,9791,0,0
113,9792,0,0
113,9793,0,0
113,9794,0,0
113,9795,0,0
113,9796,0,0
113,9797,0,0
113,9798,0,0
113,9799,0,0
113,9800,0,0
113,9801,0,0
113,9802,0,0
113,9803,0,0
113,9804,0,0
113,9805,0,0
113,9806,0,0
113,9807,0,0
113,9808,0,0
113,9809,0,0
113,9810,0,0
113,9811,0,0
113,9812,0,0
113,9813,0,0
113,9814,0,0
113,9815,0,0
113,9816,0,0
113,9817,0,0
113,9818,0,0
113,9819,0,0
113,9820,0,0
113,9821,0,0
113,9822,0,0
113,9823,0,0
113,9824,0,0
113,9825,0,0
113,9826,0,0
113,9827,0,0
113,9828,0,0
113,9829,0,0
113,9830,0,0
113,9831,0,0
113,9832,0,0
113,9833,0,0
113,9834,0,0
113,9835,0,0
113,9836,0,0
113,9837,0,0
113,9838,0,0
113,9839,0,0
113,9840,0,0
113,9841,0,0
113,9842,0,0
113,9843,0,0
113,9844,0,0
113,9845,0,0
113,9846,0,0
113,9847,0,0
113,9848,0,0
113,9849,0,0
113,9850,0,0
113,9851,0,0
113,9852,0,0
113,9853,0,0
113,9854,0,0
113,9855,0,0
113,9856,0,0
113,9857,0,0
113,9858,0,0
113,9859,0,0
113,9860,0,0
113,9861,0,0
113,9862,0,0
113,9863,0,0
113,9864,0,0
113,9865,0,0
113,9866,0,0
113,9867,0,0
113,9868,0,0
113,9869,0,0
113,9870,0,0
113,9871,0,0
113,9872,0,0
113,9873,0,0
113,9874,0,0
113,9875,0,0
113,9876,0,0
113,9877,0,0
113,9878,0,0
113,9879,0,0
113,9880,0,0
113,9881,0,0
113,9882,0,0
113,9883,0,0
113,9884,0,0
113,9885,0,0
113,9886,0,0
113,9887,0,0
113,9888,0,0
113,9889,0,0
113,9890,0,0
113,9891,0,0
113,9892,0,0
113,9893,0,0
113,9894,0,0
113,9895,0,0
113,9896,0,0
113,9897,0,0
113,9898,0,0
113,9899,0,0
113,9900,0,0
113,9901,0,0
113,9902,0,0
113,9903,0,0
113,9904,0,0
113,9905,0,0
113,9906,0,0
113,9907,0,0
113,9908,0,0
113,9909,0,0
113,9910,0,0
113,9911,0,0
113,9912,0,0
113,9913,0,0
113,9914,0,0
113,9915,0,0
113,9916,0,0
113,9917,0,0
113,9918,0,0
113,9919,0,0
113,9920,0,0
113,9921,0,0
113,9922,0,0
113,9923,0,0
113,9924,0,0
113,9925,0,0
113,9926,0,0
113,9927,0,0
113,9928,0,0
113,9929,0,0
113,9930,0,0
113,9931,0,0
113,9932,0,0
113,9933,0,0
113,9934,0,0
113,9935,0,0
113,9936,0,0
113,9937,0,0
113,9938,0,0
113,9939,0,0
113,9940,0,0
113,9941,0,0
113,9942,0,0
113,9943,0,0
113,9944,0,0
113,9945,0,0
113,9946,0,0
113,9947,0,0
113,9948,0,0
113,9949,0,0
113,9950,0,0
113,9951,0,0
113,9952,0,0
113,9953,0,0
113,9954,0,0
113,9955,0,0
113,9956,0,0
113,9957,0,0
113,9958,0,0
113,9959,0,0
113,9960,0,0
113,9961,0,0
113,9962,0,0
113,9963,0,0
113,9964,0,0
113,9965,0,0
113,9966,0,0
113,9967,0,0
113,9968,0,0
113,9969,0,0
113,9970,0,0
113,9971,0,0
113,9972,0,0
113,9973,0,0
113,9974,0,0
113,9975,0,0
113,9976,0,0
113,9977,0,0
113,9978,0,0
113,9979,0,0
113,9980,0,0
113,9981,0,0
113,9982,0,0
113,9983,0,0
113,9984,0,0
113,9985,0,0
113,9986,0,0
113,9987,0,0
113,9988,0,0
113,9989,0,0
113,9990,0,0
113,9991,0,0
113,9992,0,0
113,9993,0,0
113,9994,0,0
113,9995,0,0
113,9996,0,0
113,9997,0,0
113,9998,0,0
113,9999,0,0
113,10000,0,0
113,10001,0,0
113,10002,0,0
113,10003,0,0
113,10004,0,0
113,10005,0,0
113,10006,0,0
113,10007,0,0
113,10008,0,0
113,10009,0,0
113,10010,0,0
113,10011,0,0
113,10012,0,0
113,10013,0,0
113,10014,0,0
113,10015,0,0
113,10016,0,0
113,10017,0,0
113,10018,0,0
113,10019,0,0
113,10020,0,0
113,10021,0,0
113,10022,0,0
113,10023,0,0
113,10024,0,0
113,10025,0,0
113,10026,0,0
113,10027,0,0
113,10028,0,0
113,10029,0,0
113,10030,0,0
113,10031,0,0
113,10032,0,0
113,10033,0,0
113,10034,0,0
113,10035,0,0
113,10036,0,0
113,10037,0,0
113,10038,0,0
113,10039,0,0
113,10040,0,0
113,10041,0,0
113,10042,0,0
113,10043,0,0
113,10044,0,0
113,10045,0,0
113,10046,0,0
113,10047,0,0
113,10048,0,0
113,10049,0,0
113,10050,0,0
113,10051,0,0
113,10052,0,0
113,10053,0,0
113,10054,0,0
113,10055,0,0
113,10056,0,0
113,10057,0,0
113,10058,0,0
113,10059,0,0
113,10060,0,0
113,10061,0,0
113,10062,0,0
113,10063,0,0
113,10064,0,0
113,10065,0,0
113,10066,0,0
113,10067,0,0
113,10068,0,0
113,10069,0,0
113,10070,0,0
113,10071,0,0
113,10072,0,0
113,10073,0,0
113,10074,0,0
113,10075,0,0
113,10076,0,0
113,10077,0,0
113,10078,0,0
113,10079,0,0
113,10080,0,0
113,10081,0,0
113,10082,0,0
113,10083,0,0
113,10084,0,0
113,10085,0,0
113,10086,0,0
113,10087,0,0
113,10088,0,0
113,10089,0,0
113,10090,0,0
113,10091,0,0
113,10092,0,0
113,10093,0,0
113,10094,0,0
113,10095,0,0
113,10096,0,0
113,10097,0,0
113,10098,0,0
113,10099,0,0
113,10100,0,0
113,10101,0,0
113,10102,0,0
113,10103,0,0
113,10104,0,0
113,10105,0,0
113,10106,0,0
113,10107,0,0
113,10108,0,0
113,10109,0,0
113,10110,0,0
113,10111,0,0
113,10112,0,0
113,10113,0,0
113,10114,0,0
113,10115,0,0
113,10116,0,0
113,10117,0,0
113,10118,0,0
113,10119,0,0
113,10120,0,0
113,10121,0,0
113,10122,0,0
113,10123,0,0
113,10124,0,0
113,10125,0,0
113,10126,0,0
113,10127,0,0
113,10128,0,0
113,10129,0,0
113,10130,0,0
113,10131,0,0
113,10132,0,0
113,10133,0,0
113,10134,0,0
113,10135,0,0
113,10136,0,0
113,10137,0,0
113,10138,0,0
113,10139,0,0
113,10140,0,0
113,10141,0,0
113,10142,0,0
113,10143,0,0
113,10144,0,0
113,10145,0,0
113,10146,0,0
113,10147,0,0
113,10148,0,0
113,10149,0,0
113,10150,0,0
113,10151,0,0
113,10152,0,0
113,10153,0,0
113,10154,0,0
113,10155,0,0
113,10156,0,0
113,10157,0,0
113,10158,0,0
113,10159,0,0
113,10160,0,0
113,10161,0,0
113,10162,0,0
113,10163,0,0
113,10164,0,0
113,10165,0,0
113,10166,0,0
113,10167,0,0
113,10168,0,0
113,10169,0,0
113,10170,0,0
113,10171,0,0
113,10172,0,0
113,10173,0,0
113,10174,0,0
113,10175,0,0
113,10176,0,0
113,10177,0,0
113,10178,0,0
113,10179,0,0
113,10180,0,0
113,10181,0,0
113,10182,0,0
113,10183,0,0
113,10184,0,0
113,10185,0,0
113,10186,0,0
113,10187,0,0
113,10188,0,0
113,10189,0,0
113,10190,0,0
113,10191,0,0
113,10192,0,0
113,10193,0,0
113,10194,0,0
113,10195,0,0
113,10196,0,0
113,10197,0,0
113,10198,0,0
113,10199,0,0
113,10200,0,0
113,10201,0,0
113,10202,0,0
113,10203,0,0
113,10204,0,0
113,10205,0,0
113,10206,0,0
113,10207,0,0
113,10208,0,0
113,10209,0,0
113,10210,0,0
113,10211,0,0
113,10212,0,0
113,10213,0,0
113,10214,0,0
113,10215,0,0
113,10216,0,0
113,10217,0,0
113,10218,0,0
113,10219,0,0
113,10220,0,0
113,10221,0,0
113,10222,0,0
113,10223,0,0
113,10224,0,0
113,10225,0,0
113,10226,0,0
113,10227,0,0
113,10228,0,0
113,10229,0,0
113,10230,0,0
113,10231,0,0
113,10232,0,0
113,10233,0,0
113,10234,0,0
113,10235,0,0
113,10236,0,0
113,10237,0,0
113,10238,0,0
113,10239,0,0
113,10240,0,0
113,10241,0,0
113,10242,0,0
113,10243,0,0
113,10244,0,0
113,10245,0,0
113,10246,0,0
113,10247,0,0
113,10248,0,0
113,10249,0,0
113,10250,0,0
113,10251,0,0
113,10252,0,0
113,10253,0,0
113,10254,0,0
113,10255,0,0
113,10256,0,0
113,10257,0,0
113,10258,0,0
113,10259,0,0
113,10260,0,0
113,10261,0,0
113,10262,0,0
113,10263,0,0
113,10264,0,0
113,10265,0,0
113,10266,0,0
113,10267,0,0
113,10268,0,0
113,10269,0,0
113,10270,0,0
113,10271,0,0
113,10272,0,0
113,10273,0,0
113,10274,0,0
113,10275,0,0
113,10276,0,0
113,10277,0,0
113,10278,0,0
113,10279,0,0
113,10280,0,0
113,10281,0,0
113,10282,0,0
113,10283,0,0
113,10284,0,0
113,10285,0,0
113,10286,0,0
113,10287,0,0
113,10288,0,0
113,10289,0,0
113,10290,1,0
113,10291,0,0
113,10292,0,0
113,10293,0,0
113,10294,0,0
113,10295,0,0
113,10296,0,0
113,10297,0,0
113,10298,0,0
113,10299,0,0
113,10300,0,0
113,10301,0,0
113,10302,0,0
113,10303,0,0
113,10304,0,0
113,10305,0,0
113,10306,0,0
113,10307,0,0
113,10308,0,0
113,10309,0,0
113,10310,0,0
113,10311,0,0
113,10312,0,0
113,10313,0,0
113,10314,0,0
113,10315,0,0
113,10316,0,0
113,10317,0,0
113,10318,0,0
113,10319,0,0
113,10320,0,0
113,10321,0,0
113,10322,0,0
113,10323,0,0
113,10324,0,0
113,10325,0,0
113,10326,0,0
113,10327,0,0
113,10328,0,0
113,10329,0,0
113,10330,0,0
113,10331,0,0
113,10332,0,0
113,10333,0,0
113,10334,0,0
113,10335,0,0
113,10336,0,0
113,10337,0,0
113,10338,0,0
113,10339,0,0
113,10340,0,0
113,10341,0,0
113,10342,0,0
113,10343,0,0
113,10344,0,0
113,10345,0,0
113,10346,0,0
113,10347,0,0
113,10348,0,0
113,10349,0,0
113,10350,0,0
113,10351,0,0
113,10352,0,0
113,10353,0,0
113,10354,0,0
113,10355,0,0
113,10356,0,0
113,10357,1,0
113,10358,0,0
113,10359,0,0
113,10360,0,0
113,10361,0,0
113,10362,0,0
113,10363,0,0
113,10364,0,0
113,10365,0,0
113,10366,0,0
113,10367,0,0
113,10368,0,0
113,10369,0,0
113,10370,0,0
113,10371,0,0
113,10372,0,0
113,10373,0,0
113,10374,0,0
113,10375,0,0
113,10376,0,0
113,10377,0,0
113,10378,0,0
113,10379,0,0
113,10380,0,0
113,10381,0,0
113,10382,0,0
113,10383,0,0
113,10384,0,0
113,10385,0,0
113,10386,0,0
113,10387,0,0
113,10388,0,0
113,10389,0,0
113,10390,0,0
113,10391,0,0
113,10392,0,0
113,10393,0,0
113,10394,0,0
113,10395,0,0
113,10396,0,0
113,10397,0,0
113,10398,0,0
113,10399,0,0
113,10400,0,0
113,10401,0,0
113,10402,0,0
113,10403,0,0
113,10404,0,0
113,10405,0,0
113,10406,0,0
113,10407,0,0
113,10408,0,0
113,10409,0,0
113,10410,0,0
113,10411,0,0
113,10412,0,0
113,10413,0,0
113,10414,0,0
113,10415,0,0
113,10416,0,0
113,10417,0,0
113,10418,0,0
113,10419,0,0
113,10420,0,0
113,10421,0,0
113,10422,0,0
113,10423,0,0
113,10424,0,0
113,10425,0,0
113,10426,0,0
113,10427,0,0
113,10428,0,0
113,10429,0,0
113,10430,0,0
113,10431,0,0
113,10432,0,0
113,10433,0,0
113,10434,0,0
113,10435,0,0
113,10436,0,0
113,10437,0,0
113,10438,0,0
113,10439,0,0
113,10440,0,0
113,10441,0,0
113,10442,0,0
113,10443,0,0
113,10444,0,0
113,10445,0,0
113,10446,0,0
113,10447,0,0
113,10448,0,0
113,10449,0,0
113,10450,0,0
113,10451,0,0
113,10452,0,0
113,10453,0,0
113,10454,0,0
113,10455,0,0
113,10456,0,0
113,10457,0,0
113,10458,0,0
113,10459,0,0
113,10460,0,0
113,10461,0,0
113,10462,0,0
113,10463,0,0
113,10464,0,0
113,10465,0,0
113,10466,0,0
113,10467,0,0
113,10468,0,0
113,10469,0,0
113,10470,0,0
113,10471,0,0
113,10472,0,0
113,10473,0,0
113,10474,0,0
113,10475,0,0
113,10476,0,0
113,10477,0,0
113,10478,0,0
113,10479,0,0
113,10480,0,0
113,10481,0,0
113,10482,0,0
113,10483,0,0
113,10484,0,0
113,10485,0,0
113,10486,0,0
113,10487,0,0
113,10488,0,0
113,10489,0,0
113,10490,0,0
113,10491,0,0
113,10492,0,0
113,10493,0,0
113,10494,0,0
113,10495,0,0
113,10496,0,0
113,10497,0,0
113,10498,0,0
113,10499,0,0
113,10500,0,0
113,10501,0,0
113,10502,0,0
113,10503,0,0
113,10504,0,0
113,10505,0,0
113,10506,0,0
113,10507,0,0
113,10508,0,0
113,10509,0,0
113,10510,0,0
113,10511,0,0
113,10512,0,0
113,10513,0,0
113,10514,0,0
113,10515,0,0
113,10516,0,0
113,10517,0,0
113,10518,0,0
113,10519,0,0
113,10520,0,0
113,10521,0,0
113,10522,0,0
113,10523,0,0
113,10524,0,0
113,10525,0,0
113,10526,0,0
113,10527,0,0
113,10528,0,0
113,10529,0,0
113,10530,0,0
113,10531,0,0
113,10532,0,0
113,10533,0,0
113,10534,0,0
113,10535,0,0
113,10536,0,0
113,10537,0,0
113,10538,0,0
113,10539,0,0
113,10540,0,0
113,10541,0,0
113,10542,0,0
113,10543,0,0
113,10544,0,0
113,10545,0,0
113,10546,0,0
113,10547,0,0
113,10548,0,0
113,10549,0,0
113,10550,0,0
113,10551,0,0
113,10552,0,0
113,10553,0,0
113,10554,0,0
113,10555,0,0
113,10556,0,0
113,10557,0,0
113,10558,0,0
113,10559,0,0
113,10560,0,0
113,10561,0,0
113,10562,0,0
113,10563,0,0
113,10564,0,0
113,10565,0,0
113,10566,0,0
113,10567,0,0
113,10568,0,0
113,10569,0,0
113,10570,0,0
113,10571,0,0
113,10572,0,0
113,10573,0,0
113,10574,0,0
113,10575,0,0
113,10576,0,0
113,10577,0,0
113,10578,0,0
113,10579,0,0
113,10580,0,0
113,10581,0,0
113,10582,0,0
113,10583,0,0
113,10584,0,0
113,10585,0,0
113,10586,0,0
113,10587,0,0
113,10588,0,0
113,10589,0,0
113,10590,0,0
113,10591,0,0
113,10592,0,0
113,10593,0,0
113,10594,0,0
113,10595,0,0
113,10596,0,0
113,10597,0,0
113,10598,0,0
113,10599,0,0
113,10600,0,0
113,10601,0,0
113,10602,0,0
113,10603,0,0
113,10604,0,0
113,10605,0,0
113,10606,0,0
113,10607,0,0
113,10608,0,0
113,10609,0,0
113,10610,0,0
113,10611,0,0
113,10612,0,0
113,10613,0,0
113,10614,0,0
113,10615,0,0
113,10616,0,0
113,10617,0,0
113,10618,0,0
113,10619,0,0
113,10620,0,0
113,10621,0,0
113,10622,0,0
113,10623,0,0
113,10624,0,0
113,10625,0,0
113,10626,0,0
113,10627,0,0
113,10628,0,0
113,10629,0,0
113,10630,0,0
113,10631,0,0
113,10632,0,0
113,10633,0,0
113,10634,0,0
113,10635,0,0
113,10636,0,0
113,10637,0,0
113,10638,0,0
113,10639,0,0
113,10640,0,0
113,10641,0,0
113,10642,0,0
113,10643,0,0
113,10644,0,0
113,10645,0,0
113,10646,0,0
113,10647,0,0
113,10648,0,0
113,10649,0,0
113,10650,0,0
113,10651,0,0
113,10652,0,0
113,10653,0,0
113,10654,0,0
113,10655,0,0
113,10656,0,0
113,10657,0,0
113,10658,0,0
113,10659,0,0
113,10660,0,0
113,10661,0,0
113,10662,0,0
113,10663,0,0
113,10664,0,0
113,10665,0,0
113,10666,0,0
113,10667,0,0
113,10668,0,0
113,10669,0,0
113,10670,0,0
113,10671,0,0
113,10672,0,0
113,10673,0,0
113,10674,0,0
113,10675,0,0
113,10676,0,0
113,10677,0,0
113,10678,0,0
113,10679,0,0
113,10680,0,0
113,10681,0,0
113,10682,0,0
113,10683,0,0
113,10684,0,0
113,10685,0,0
113,10686,0,0
113,10687,0,0
113,10688,0,0
113,10689,0,0
113,10690,0,0
113,10691,0,0
113,10692,0,0
113,10693,0,0
113,10694,0,0
113,10695,0,0
113,10696,0,0
113,10697,0,0
113,10698,0,0
113,10699,0,0
113,10700,0,0
113,10701,0,0
113,10702,0,0
113,10703,0,0
113,10704,0,0
113,10705,0,0
113,10706,0,0
113,10707,0,0
113,10708,0,0
113,10709,0,0
113,10710,0,0
113,10711,0,0
113,10712,0,0
113,10713,0,0
113,10714,0,0
113,10715,0,0
113,10716,0,0
113,10717,0,0
113,10718,0,0
113,10719,0,0
113,10720,0,0
113,10721,0,0
113,10722,0,0
113,10723,0,0
113,10724,0,0
113,10725,0,0
113,10726,0,0
113,10727,0,0
113,10728,0,0
113,10729,0,0
113,10730,0,0
113,10731,0,0
113,10732,0,0
113,10733,0,0
113,10734,0,0
113,10735,0,0
113,10736,0,0
113,10737,0,0
113,10738,0,0
113,10739,0,0
113,10740,0,0
113,10741,0,0
113,10742,0,0
113,10743,0,0
113,10744,0,0
113,10745,0,0
113,10746,0,0
113,10747,0,0
113,10748,0,0
113,10749,0,0
113,10750,0,0
113,10751,0,0
113,10752,0,0
113,10753,0,0
113,10754,0,0
113,10755,0,0
113,10756,0,0
113,10757,0,0
113,10758,0,0
113,10759,0,0
113,10760,0,0
113,10761,0,0
113,10762,0,0
113,10763,0,0
113,10764,0,0
113,10765,0,0
113,10766,0,0
113,10767,0,0
113,10768,0,0
113,10769,0,0
113,10770,0,0
113,10771,0,0
113,10772,0,0
113,10773,0,0
113,10774,0,0
113,10775,0,0
113,10776,0,0
113,10777,0,0
113,10778,0,0
113,10779,0,0
113,10780,0,0
113,10781,0,0
113,10782,0,0
113,10783,0,0
113,10784,0,0
113,10785,0,0
113,10786,0,0
113,10787,0,0
113,10788,0,0
113,10789,0,0
113,10790,0,0
113,10791,0,0
113,10792,0,0
113,10793,0,0
113,10794,0,0
113,10795,0,0
113,10796,0,0
113,10797,0,0
113,10798,0,0
113,10799,0,0
113,10800,0,0
113,10801,0,0
113,10802,0,0
113,10803,0,0
113,10804,0,0
113,10805,0,0
113,10806,0,0
113,10807,0,0
113,10808,0,0
113,10809,0,0
113,10810,0,0
113,10811,0,0
113,10812,0,0
113,10813,0,0
113,10814,0,0
113,10815,0,0
113,10816,0,0
113,10817,0,0
113,10818,0,0
113,10819,0,0
113,10820,0,0
113,10821,0,0
113,10822,0,0
113,10823,0,0
113,10824,0,0
113,10825,0,0
113,10826,0,0
113,10827,0,0
113,10828,0,0
113,10829,0,0
113,10830,0,0
113,10831,0,0
113,10832,0,0
113,10833,0,0
113,10834,0,0
113,10835,0,0
113,10836,0,0
113,10837,0,0
113,10838,0,0
117,10839,0,2
117,10840,0,2
117,10841,0,2
117,10842,0,2
117,10843,0,2
117,10844,0,2
117,10845,0,2
117,10846,0,2
117,10847,0,2
117,10848,0,2
117,10849,0,2
117,10850,0,2
117,10851,0,2
117,10852,0,2
117,10853,0,2
117,10854,0,2
117,10855,0,2
117,10856,0,2
117,10857,0,2
117,10858,0,2
117,10859,0,2
117,10860,0,2
117,10861,0,2
117,10862,0,2
117,10863,0,2
117,10864,0,2
117,10865,0,2
117,10866,0,2
117,10867,0,2
117,10868,0,2
117,10869,0,2
117,10870,0,2
117,10871,0,2
117,10872,0,2
117,10873,0,2
117,10874,0,2
117,10875,0,2
117,10876,0,2
117,10877,0,2
117,10878,0,2
117,10879,0,2
117,10880,0,2
117,10881,0,2
117,10882,0,2
117,10883,0,2
117,10884,0,2
117,10885,0,2
117,10886,0,2
117,10887,0,2
117,10888,0,2
117,10889,0,2
117,10890,0,2
117,10891,0,2
117,10892,0,2
117,10893,0,2
117,10894,0,2
117,10895,0,2
117,10896,0,2
117,10897,0,2
117,10898,0,2
117,10899,0,2
117,10900,0,2
117,10901,0,2
117,10902,0,2
117,10903,0,2
117,10904,0,2
117,10905,0,2
117,10906,0,2
117,10907,0,2
117,10908,0,2
117,10909,0,2
117,10910,0,2
117,10911,0,2
117,10912,0,2
117,10913,0,2
117,10914,0,2
117,10915,0,2
117,10916,0,2
117,10917,0,2
117,10918,0,2
117,10919,0,2
117,10920,0,2
117,10921,0,2
117,10922,0,2
117,10923,0,2
117,10924,0,2
117,10925,0,2
117,10926,0,2
117,10927,0,2
117,10928,0,2
117,10929,0,2
117,10930,0,2
117,10931,0,2
117,10932,0,2
117,10933,0,2
117,10934,0,2
117,10935,0,2
117,10936,0,2
117,10937,0,2
117,10938,0,2
117,10939,0,2
117,10940,0,2
117,10941,0,2
117,10942,0,2
117,10943,0,2
117,10944,0,2
117,10945,0,2
117,10946,0,2
117,10947,0,2
117,10948,0,2
117,10949,0,2
117,10950,0,2
117,10951,0,2
117,10952,0,2
117,10953,0,2
117,10954,0,2
117,10955,0,2
117,10956,0,2
117,10957,0,2
117,10958,0,2
117,10959,0,2
117,10960,0,2
117,10961,0,2
117,10962,0,2
117,10963,0,2
117,10964,0,2
117,10965,0,2
117,10966,0,2
117,10967,0,2
117,10968,0,2
117,10969,0,2
117,10970,0,2
117,10971,0,2
117,10972,0,2
117,10973,0,2
117,10974,0,2
117,10975,0,2
117,10976,0,2
117,10977,0,2
117,10978,0,2
117,10979,0,2
117,10980,0,2
117,10981,0,2
117,10982,0,2
117,10983,0,2
117,10984,0,2
117,10985,0,2
117,10986,0,2
117,10987,0,2
117,10988,0,2
117,10989,0,2
117,10990,0,2
117,10991,0,2
117,10992,0,2
117,10993,0,2
117,10994,0,2
117,10995,0,2
117,10996,0,2
117,10997,0,2
117,10998,0,2
117,10999,0,2
117,11000,0,2
117,11001,0,2
117,11002,0,2
117,11003,0,2
117,11004,0,2
117,11005,0,2
117,11006,0,2
117,11007,0,2
117,11008,0,2
117,11009,0,2
117,11010,0,2
117,11011,0,2
117,11012,0,2
117,11013,0,2
117,11014,0,2
117,11015,0,2
117,11016,0,2
117,11017,0,2
117,11018,0,2
117,11019,0,2
117,11020,0,2
117,11021,0,2
117,11022,0,2
117,11023,0,2
117,11024,0,2
117,11025,0,2
117,11026,0,2
117,11027,0,2
117,11028,0,2
117,11029,0,2
117,11030,0,2
117,11031,0,2
117,11032,0,2
117,11033,0,2
117,11034,0,2
117,11035,0,2
117,11036,0,2
117,11037,0,2
117,11038,0,2
117,11039,0,2
117,11040,0,2
117,11041,0,2
117,11042,0,2
117,11043,0,2
117,11044,0,2
117,11045,0,2
117,11046,0,2
117,11047,0,2
117,11048,0,2
117,11049,0,2
117,11050,0,2
117,11051,0,2
117,11052,0,2
117,11053,0,2
117,11054,0,2
117,11055,0,2
117,11056,0,2
117,11057,0,2
117,11058,0,2
117,11059,0,2
117,11060,0,2
117,11061,0,2
117,11062,0,2
117,11063,0,2
117,11064,0,2
117,11065,0,2
117,11066,0,2
117,11067,0,2
117,11068,0,2
117,11069,0,2
117,11070,0,2
117,11071,0,2
117,11072,0,2
117,11073,0,2
117,11074,0,2
117,11075,0,2
117,11076,0,2
117,11077,0,2
117,11078,0,2
117,11079,0,2
117,11080,0,2
117,11081,0,2
117,11082,0,2
117,11083,0,2
117,11084,0,2
117,11085,0,2
117,11086,0,2
117,11087,0,2
117,11088,0,2
117,11089,0,2
117,11090,0,2
117,11091,0,2
117,11092,0,2
117,11093,0,2
117,11094,0,2
117,11095,0,2
117,11096,0,2
117,11097,0,2
117,11098,0,2
117,11099,0,2
117,11100,0,2
117,11101,0,2
117,11102,0,2
117,11103,0,2
117,11104,0,2
117,11105,0,2
117,11106,0,2
117,11107,0,2
117,11108,0,2
117,11109,0,2
117,11110,0,2
117,11111,0,2
117,11112,0,2
117,11113,0,2
117,11114,0,2
117,11115,0,2
117,11116,0,2
117,11117,0,2
117,11118,0,2
117,11119,0,2
117,11120,0,2
117,11121,0,2
117,11122,0,2
117,11123,0,2
117,11124,0,2
117,11125,0,2
117,11126,0,2
117,11127,0,2
117,11128,0,2
117,11129,0,2
117,11130,0,2
117,11131,0,2
117,11132,0,2
117,11133,0,2
117,11134,0,2
117,11135,0,2
117,11136,0,2
117,11137,0,2
117,11138,0,2
117,11139,0,2
117,11140,0,2
117,11141,0,2
117,11142,0,2
117,11143,0,2
117,11144,0,2
117,11145,0,2
117,11146,0,2
117,11147,0,2
117,11148,0,2
117,11149,0,2
117,11150,0,2
117,11151,0,2
117,11152,0,2
117,11153,0,2
117,11154,0,2
117,11155,0,2
117,11156,0,2
117,11157,0,2
117,11158,0,2
117,11159,0,2
117,11160,0,2
117,11161,0,2
117,11162,0,2
117,11163,0,2
117,11164,0,2
117,11165,0,2
117,11166,0,2
117,11167,0,2
117,11168,0,2
117,11169,0,2
117,11170,0,2
117,11171,0,2
117,11172,0,2
117,11173,0,2
117,11174,0,2
117,11175,0,2
117,11176,0,2
117,11177,0,2
117,11178,0,2
117,11179,0,2
117,11180,0,2
117,11181,0,2
117,11182,0,2
117,11183,0,2
117,11184,0,2
117,11185,0,2
117,11186,0,2
117,11187,0,2
117,11188,0,2
117,11189,0,2
117,11190,0,2
117,11191,0,2
117,11192,0,2
117,11193,0,2
117,11194,0,2
117,11195,0,2
117,11196,0,2
117,11197,0,2
117,11198,0,2
117,11199,0,2
117,11200,0,2
117,11201,0,2
117,11202,0,2
117,11203,0,2
117,11204,0,2
117,11205,0,2
117,11206,0,2
117,11207,0,2
117,11208,0,2
117,11209,0,2
117,11210,0,2
117,11211,0,2
117,11212,0,2
117,11213,0,2
117,11214,0,2
117,11215,0,2
117,11216,0,2
117,11217,0,2
117,11218,0,2
117,11219,0,2
117,11220,0,2
117,11221,0,2
117,11222,0,2
117,11223,0,2
117,11224,0,2
117,11225,0,2
117,11226,0,2
117,11227,0,2
117,11228,0,2
117,11229,0,2
117,11230,0,2
117,11231,0,2
117,11232,0,2
117,11233,0,2
117,11234,0,2
117,11235,0,2
117,11236,0,2
117,11237,0,2
117,11238,0,2
117,11239,0,2
117,11240,0,2
117,11241,0,2
117,11242,0,2
117,11243,0,2
117,11244,0,2
117,11245,0,2
117,11246,0,2
117,11247,0,2
117,11248,0,2
117,11249,0,2
117,11250,0,2
117,11251,0,2
117,11252,0,2
117,11253,0,2
117,11254,0,2
117,11255,0,2
117,11256,0,2
117,11257,0,2
117,11258,0,2
117,11259,0,2
117,11260,0,2
117,11261,0,2
117,11262,0,2
117,11263,0,2
117,11264,0,2
117,11265,0,2
117,11266,0,2
117,11267,0,2
117,11268,0,2
117,11269,0,2
117,11270,0,2
117,11271,0,2
117,11272,0,2
117,11273,0,2
117,11274,0,2
117,11275,0,2
117,11276,0,2
117,11277,0,2
117,11278,0,2
117,11279,0,2
117,11280,0,2
117,11281,0,2
117,11282,0,2
117,11283,0,2
117,11284,0,2
117,11285,0,2
117,11286,0,2
117,11287,0,2
117,11288,0,2
117,11289,0,2
117,11290,0,2
117,11291,0,2
117,11292,0,2
117,11293,0,2
117,11294,0,2
117,11295,0,2
117,11296,0,2
117,11297,0,2
117,11298,0,2
117,11299,0,2
117,11300,0,2
117,11301,0,2
117,11302,0,2
117,11303,0,2
117,11304,0,2
117,11305,0,2
117,11306,0,2
117,11307,0,2
117,11308,0,2
117,11309,0,2
117,11310,0,2
117,11311,0,2
117,11312,0,2
117,11313,0,2
117,11314,0,2
117,11315,0,2
117,11316,0,2
117,11317,0,2
117,11318,0,2
117,11319,0,2
117,11320,0,2
117,11321,0,2
117,11322,0,2
117,11323,0,2
117,11324,0,2
117,11325,0,2
117,11326,0,2
117,11327,0,2
117,11328,0,2
117,11329,0,2
117,11330,0,2
117,11331,0,2
117,11332,0,2
117,11333,0,2
117,11334,0,2
117,11335,0,2
117,11336,0,2
117,11337,0,2
117,11338,0,2
117,11339,0,2
117,11340,0,2
117,11341,0,2
117,11342,0,2
117,11343,0,2
117,11344,0,2
117,11345,0,2
117,11346,0,2
117,11347,0,2
117,11348,0,2
117,11349,0,2
117,11350,0,2
117,11351,0,2
117,11352,0,2
117,11353,0,2
117,11354,0,2
117,11355,0,2
117,11356,0,2
117,11357,0,2
117,11358,0,2
117,11359,0,2
117,11360,0,2
117,11361,0,2
117,11362,0,2
117,11363,0,2
117,11364,0,2
117,11365,0,2
117,11366,0,2
117,11367,0,2
117,11368,0,2
117,11369,0,2
117,11370,0,2
117,11371,0,2
117,11372,0,2
117,11373,0,2
117,11374,0,2
117,11375,0,2
117,11376,0,2
117,11377,0,2
117,11378,0,2
117,11379,0,2
117,11380,0,2
117,11381,0,2
117,11382,0,2
117,11383,0,2
117,11384,0,2
117,11385,0,2
117,11386,0,2
117,11387,0,2
117,11388,0,2
117,11389,0,2
117,11390,0,2
117,11391,0,2
117,11392,0,2
117,11393,0,2
117,11394,0,2
117,11395,0,2
117,11396,0,2
117,11397,0,2
117,11398,0,2
117,11399,0,2
117,11400,0,2
117,11401,0,2
117,11402,0,2
117,11403,0,2
117,11404,0,2
117,11405,0,2
117,11406,0,2
117,11407,0,2
117,11408,0,2
117,11409,0,2
117,11410,0,2
117,11411,0,2
117,11412,0,2
117,11413,0,2
117,11414,0,2
117,11415,0,2
117,11416,0,2
117,11417,0,2
117,11418,0,2
117,11419,0,2
117,11420,0,2
117,11421,0,2
117,11422,0,2
117,11423,0,2
117,11424,0,2
117,11425,0,2
117,11426,0,2
117,11427,0,2
117,11428,0,2
117,11429,0,2
117,11430,0,2
117,11431,0,2
117,11432,0,2
117,11433,0,2
117,11434,0,2
117,11435,0,2
117,11436,0,2
117,11437,0,2
117,11438,0,2
117,11439,0,2
117,11440,0,2
117,11441,0,2
117,11442,0,2
117,11443,0,2
117,11444,0,0
117,11445,0,2
117,11446,0,2
117,11447,0,0
117,11448,0,0
117,11449,0,2
117,11450,0,2
117,11451,0,2
117,11452,0,2
117,11453,1,0
117,11454,0,0
117,11455,0,0
117,11456,0,2
117,11457,0,0
117,11458,0,0
117,11459,0,0
117,11460,0,0
117,11461,0,0
117,11462,0,2
117,11463,0,0
117,11464,0,0
117,11465,0,0
117,11466,0,0
117,11467,0,0
117,11468,0,0
117,11469,0,0
117,11470,0,0
117,11471,0,0
117,11472,0,0
117,11473,0,0
117,11474,0,0
117,11475,0,0
117,11476,0,0
117,11477,0,2
117,11478,0,0
117,11479,0,2
117,11480,0,2
117,11481,0,0
117,11482,0,2
117,11483,0,0
117,11484,0,0
117,11485,0,2
117,11486,0,0
117,11487,0,2
117,11488,0,0
117,11489,0,2
117,11490,0,0
117,11491,0,2
117,11492,0,0
117,11493,0,0
117,11494,0,0
117,11495,0,0
117,11496,0,0
117,11497,0,2
117,11498,0,0
117,11499,0,0
117,11500,0,0
117,11501,0,0
117,11502,0,2
117,11503,0,0
117,11504,0,0
117,11505,0,0
117,11506,0,0
117,11507,0,0
117,11508,0,0
117,11509,0,0
117,11510,0,0
117,11511,0,0
117,11512,0,2
117,11513,0,0
117,11514,0,2
117,11515,0,0
117,11516,0,0
117,11517,0,0
117,11518,0,2
117,11519,0,0
117,11520,0,2
117,11521,0,0
117,11522,0,2
117,11523,0,0
117,11524,0,0
117,11525,0,2
117,11526,0,0
117,11527,0,2
117,11528,0,0
117,11529,0,2
117,11530,0,0
117,11531,0,2
117,11532,0,0
117,11533,0,0
117,11534,0,0
117,11535,0,0
117,11536,0,2
117,11537,0,0
117,11538,0,0
117,11539,0,0
117,11540,0,0
117,11541,0,0
117,11542,0,0
117,11543,0,0
117,11544,0,0
117,11545,0,0
117,11546,0,0
117,11547,0,0
117,11548,0,2
117,11549,0,0
117,11550,0,2
117,11551,0,0
117,11552,0,0
117,11553,0,0
117,11554,0,0
117,11555,0,2
117,11556,0,0
117,11557,0,2
117,11558,0,0
117,11559,0,0
117,11560,0,0
117,11561,0,0
117,11562,0,0
117,11563,0,0
117,11564,0,0
117,11565,0,2
117,11566,0,0
117,11567,0,0
117,11568,0,0
117,11569,0,0
117,11570,0,0
117,11571,0,2
117,11572,0,0
117,11573,0,0
117,11574,0,0
117,11575,0,0
117,11576,0,2
117,11577,0,0
117,11578,0,0
117,11579,0,2
117,11580,0,0
117,11581,0,2
117,11582,0,0
117,11583,0,2
117,11584,0,2
117,11585,0,0
117,11586,0,0
117,11587,0,0
117,11588,0,2
117,11589,0,0
117,11590,0,0
117,11591,0,0
117,11592,0,0
117,11593,0,0
117,11594,0,0
117,11595,0,2
117,11596,0,0
117,11597,0,0
117,11598,0,0
117,11599,0,0
117,11600,0,0
117,11601,0,0
117,11602,0,2
117,11603,0,2
117,11604,0,0
117,11605,0,0
117,11606,0,0
117,11607,0,0
117,11608,0,0
117,11609,0,0
117,11610,0,0
117,11611,0,0
117,11612,0,0
117,11613,0,0
117,11614,0,2
117,11615,0,0
117,11616,0,0
117,11617,0,0
117,11618,0,0
117,11619,0,0
117,11620,0,0
117,11621,0,2
117,11622,0,0
117,11623,0,0
117,11624,0,0
117,11625,0,0
117,11626,0,2
117,11627,0,0
117,11628,0,0
117,11629,0,2
117,11630,0,0
117,11631,0,2
117,11632,0,0
117,11633,0,0
117,11634,0,0
117,11635,0,0
117,11636,0,2
117,11637,0,0
117,11638,0,2
117,11639,0,0
117,11640,0,2
117,11641,0,0
117,11642,0,0
117,11643,0,0
117,11644,0,0
117,11645,0,0
117,11646,0,0
117,11647,0,2
117,11648,0,0
117,11649,0,0
117,11650,0,0
117,11651,0,0
117,11652,0,2
117,11653,0,0
117,11654,0,0
117,11655,0,0
117,11656,0,0
117,11657,0,2
117,11658,0,0
117,11659,0,0
117,11660,0,0
117,11661,0,0
117,11662,0,2
117,11663,0,0
117,11664,0,0
117,11665,0,0
117,11666,0,0
117,11667,0,2
117,11668,0,0
117,11669,0,2
117,11670,0,0
117,11671,0,2
117,11672,0,2
117,11673,0,0
117,11674,0,0
117,11675,0,0
117,11676,0,0
117,11677,0,0
117,11678,0,0
117,11679,0,0
117,11680,0,0
117,11681,0,0
117,11682,0,0
117,11683,0,2
117,11684,0,0
117,11685,0,0
117,11686,0,0
117,11687,0,0
117,11688,0,0
117,11689,0,0
117,11690,0,0
117,11691,0,0
117,11692,0,0
117,11693,0,0
117,11694,0,0
117,11695,0,0
117,11696,0,0
117,11697,0,0
117,11698,0,2
117,11699,0,0
117,11700,0,0
117,11701,0,2
117,11702,0,0
117,11703,0,0
117,11704,0,2
117,11705,0,0
117,11706,0,2
117,11707,0,0
117,11708,0,0
117,11709,0,0
117,11710,0,0
117,11711,0,2
117,11712,0,0
117,11713,0,2
117,11714,0,0
117,11715,0,2
117,11716,0,0
117,11717,0,2
117,11718,0,2
117,11719,0,0
117,11720,0,0
117,11721,0,0
117,11722,0,2
117,11723,0,0
117,11724,0,2
117,11725,0,0
117,11726,0,0
117,11727,0,2
117,11728,0,0
117,11729,0,0
117,11730,0,2
117,11731,0,0
117,11732,0,2
117,11733,0,0
117,11734,0,2
117,11735,0,0
117,11736,0,0
117,11737,0,2
117,11738,0,0
117,11739,0,0
117,11740,0,2
117,11741,0,0
117,11742,0,2
117,11743,0,0
117,11744,0,2
117,11745,0,0
117,11746,0,0
117,11747,0,0
117,11748,0,2
117,11749,0,0
117,11750,0,2
117,11751,0,0
117,11752,0,0
117,11753,0,0
117,11754,0,2
117,11755,0,2
117,11756,0,0
117,11757,0,0
117,11758,0,2
117,11759,0,2
117,11760,0,0
117,11761,0,0
117,11762,0,0
117,11763,0,0
117,11764,0,2
117,11765,0,2
117,11766,0,0
117,11767,0,2
117,11768,0,0
117,11769,0,0
117,11770,0,2
117,11771,0,0
117,11772,0,2
117,11773,0,0
117,11774,0,0
117,11775,0,0
117,11776,0,0
117,11777,0,2
117,11778,0,0
117,11779,0,0
117,11780,0,0
117,11781,0,0
117,11782,0,2
117,11783,0,0
117,11784,0,2
117,11785,0,2
117,11786,0,0
117,11787,0,2
117,11788,0,0
117,11789,0,2
117,11790,0,0
117,11791,0,2
117,11792,0,0
117,11793,0,0
117,11794,0,0
117,11795,0,0
117,11796,0,0
117,11797,0,0
117,11798,0,2
117,11799,0,0
117,11800,0,0
117,11801,0,0
117,11802,0,0
117,11803,0,2
117,11804,0,0
117,11805,0,0
117,11806,0,0
117,11807,0,0
117,11808,0,0
117,11809,0,0
117,11810,0,2
117,11811,0,0
117,11812,0,0
117,11813,0,2
117,11814,0,0
117,11815,0,2
117,11816,0,0
117,11817,0,2
117,11818,0,0
117,11819,0,0
117,11820,0,2
117,11821,0,0
117,11822,0,2
117,11823,0,0
117,11824,0,0
117,11825,0,0
117,11826,0,0
117,11827,0,2
117,11828,0,0
117,11829,0,2
117,11830,0,2
117,11831,0,0
117,11832,0,2
117,11833,0,0
117,11834,0,2
117,11835,0,0
117,11836,0,0
117,11837,0,0
117,11838,0,0
117,11839,0,2
117,11840,0,0
117,11841,0,0
117,11842,0,0
117,11843,0,0
117,11844,0,2
117,11845,0,0
117,11846,0,2
117,11847,0,0
117,11848,0,0
117,11849,0,2
117,11850,0,0
117,11851,0,2
117,11852,0,0
117,11853,0,0
117,11854,0,2
117,11855,0,0
117,11856,0,2
117,11857,0,2
117,11858,0,2
117,11859,0,0
117,11860,0,0
117,11861,0,2
117,11862,0,0
117,11863,0,2
117,11864,0,2
117,11865,0,0
117,11866,0,0
117,11867,0,0
117,11868,0,0
117,11869,0,0
117,11870,0,2
117,11871,0,0
117,11872,0,0
117,11873,0,0
117,11874,0,0
117,11875,0,2
117,11876,0,0
117,11877,0,2
117,11878,0,0
117,11879,0,0
117,11880,0,2
117,11881,0,0
117,11882,0,0
117,11883,0,2
117,11884,0,0
117,11885,0,0
117,11886,0,0
117,11887,0,2
117,11888,0,0
117,11889,0,2
117,11890,0,0
117,11891,0,2
117,11892,0,0
117,11893,0,2
117,11894,0,2
117,11895,0,0
117,11896,0,2
117,11897,0,0
117,11898,0,0
117,11899,0,2
117,11900,0,0
117,11901,0,2
117,11902,0,0
117,11903,0,2
117,11904,0,0
117,11905,0,0
117,11906,0,2
117,11907,0,0
117,11908,0,0
117,11909,0,0
117,11910,0,0
117,11911,0,0
117,11912,0,2
117,11913,0,0
117,11914,0,0
117,11915,0,2
117,11916,0,0
117,11917,0,2
117,11918,0,0
117,11919,0,0
117,11920,0,2
117,11921,0,0
117,11922,0,0
117,11923,0,0
117,11924,0,0
117,11925,0,2
117,11926,0,0
117,11927,0,2
117,11928,0,2
117,11929,0,0
117,11930,0,2
117,11931,0,0
117,11932,0,0
117,11933,0,0
117,11934,0,0
117,11935,0,2
117,11936,0,0
117,11937,0,0
117,11938,0,0
117,11939,0,0
117,11940,0,0
117,11941,0,0
117,11942,0,2
117,11943,0,0
117,11944,0,2
117,11945,0,0
117,11946,0,0
117,11947,0,0
117,11948,0,0
117,11949,0,2
117,11950,0,0
117,11951,0,2
117,11952,0,0
117,11953,0,2
117,11954,0,2
117,11955,0,0
117,11956,0,2
117,11957,0,0
117,11958,0,0
117,11959,0,0
117,11960,0,0
117,11961,0,2
117,11962,0,2
117,11963,0,2
117,11964,0,2
117,11965,0,2
117,11966,0,0
117,11967,0,0
117,11968,0,2
117,11969,0,0
117,11970,0,0
117,11971,0,2
117,11972,0,0
117,11973,0,0
117,11974,0,0
117,11975,0,0
117,11976,0,0
117,11977,0,0
117,11978,0,0
117,11979,0,0
117,11980,0,2
117,11981,0,0
117,11982,0,0
117,11983,0,0
117,11984,0,0
117,11985,0,2
117,11986,0,0
117,11987,0,2
117,11988,0,0
117,11989,0,0
117,11990,0,0
117,11991,0,0
117,11992,0,2
117,11993,0,0
117,11994,0,2
117,11995,0,0
117,11996,0,2
117,11997,0,2
117,11998,0,0
117,11999,0,2
117,12000,0,0
117,12001,0,2
117,12002,0,2
117,12003,0,0
117,12004,0,2
117,12005,0,0
117,12006,0,2
117,12007,0,0
117,12008,0,0
117,12009,0,2
117,12010,0,0
117,12011,0,2
117,12012,0,0
117,12013,0,0
117,12014,0,0
117,12015,0,0
117,12016,0,2
117,12017,0,0
117,12018,0,0
117,12019,0,0
117,12020,0,0
117,12021,0,0
117,12022,0,0
117,12023,0,0
117,12024,0,2
117,12025,0,0
117,12026,0,2
117,12027,0,0
117,12028,0,2
117,12029,0,0
117,12030,0,2
117,12031,0,0
117,12032,0,0
117,12033,0,2
117,12034,0,0
117,12035,0,0
117,12036,0,2
117,12037,0,0
117,12038,0,2
117,12039,0,0
117,12040,0,2
117,12041,0,0
117,12042,0,0
117,12043,0,2
117,12044,0,0
117,12045,0,0
117,12046,0,2
117,12047,0,2
117,12048,0,0
117,12049,0,0
117,12050,0,2
117,12051,0,0
117,12052,0,0
117,12053,0,0
117,12054,0,0
117,12055,0,2
117,12056,0,0
117,12057,0,2
117,12058,0,0
117,12059,0,0
117,12060,0,2
117,12061,0,0
117,12062,0,0
117,12063,0,0
117,12064,0,0
117,12065,0,0
117,12066,0,0
117,12067,0,2
117,12068,0,0
117,12069,0,0
117,12070,0,0
117,12071,0,2
117,12072,0,0
117,12073,0,0
117,12074,0,2
117,12075,0,0
117,12076,0,2
117,12077,0,2
117,12078,0,0
117,12079,0,2
117,12080,0,0
117,12081,0,2
117,12082,0,2
117,12083,0,0
117,12084,0,2
117,12085,0,0
117,12086,0,0
117,12087,0,0
117,12088,0,0
117,12089,0,0
117,12090,0,2
117,12091,0,2
117,12092,0,0
117,12093,0,0
117,12094,0,0
117,12095,0,0
117,12096,0,2
117,12097,0,0
117,12098,0,2
117,12099,0,0
117,12100,0,0
117,12101,0,0
117,12102,0,0
117,12103,0,0
117,12104,0,0
117,12105,0,2
117,12106,0,0
117,12107,0,0
117,12108,0,2
117,12109,0,0
117,12110,0,2
117,12111,0,2
117,12112,0,0
117,12113,0,2
117,12114,0,0
117,12115,0,0
117,12116,0,0
117,12117,0,0
117,12118,0,0
117,12119,0,0
117,12120,0,2
117,12121,0,0
117,12122,0,2
117,12123,0,0
117,12124,0,2
117,12125,0,2
117,12126,0,0
117,12127,0,0
117,12128,0,2
117,12129,0,0
117,12130,0,2
117,12131,0,0
117,12132,0,0
117,12133,0,0
117,12134,0,0
117,12135,0,0
117,12136,0,0
117,12137,0,2
117,12138,0,0
117,12139,0,2
117,12140,0,2
117,12141,0,0
117,12142,0,0
117,12143,0,0
117,12144,0,0
117,12145,0,0
117,12146,0,0
117,12147,0,0
117,12148,0,0
117,12149,0,2
117,12150,0,0
117,12151,0,2
117,12152,0,2
117,12153,0,2
117,12154,0,0
117,12155,0,0
117,12156,0,0
117,12157,0,0
117,12158,0,2
117,12159,0,0
117,12160,0,0
117,12161,0,0
117,12162,0,0
117,12163,0,0
117,12164,0,0
117,12165,0,0
117,12166,0,0
117,12167,0,2
117,12168,0,0
117,12169,0,0
117,12170,0,2
117,12171,0,0
117,12172,0,2
117,12173,0,0
117,12174,0,2
117,12175,0,0
117,12176,0,2
117,12177,0,0
117,12178,0,0
117,12179,0,2
117,12180,0,2
117,12181,0,2
117,12182,0,0
117,12183,0,0
117,12184,0,2
117,12185,0,0
117,12186,0,2
117,12187,0,2
117,12188,0,2
117,12189,0,0
117,12190,0,0
117,12191,0,2
117,12192,0,0
117,12193,0,2
117,12194,0,2
117,12195,0,2
117,12196,0,0
117,12197,0,0
117,12198,0,2
117,12199,0,0
117,12200,0,0
117,12201,0,0
117,12202,0,0
117,12203,0,0
117,12204,0,0
117,12205,0,0
117,12206,0,0
117,12207,0,0
117,12208,0,0
117,12209,0,0
117,12210,0,2
117,12211,0,0
117,12212,0,0
117,12213,0,0
117,12214,0,0
117,12215,0,0
117,12216,0,0
117,12217,0,2
117,12218,0,0
117,12219,0,0
117,12220,0,0
117,12221,0,0
117,12222,0,0
117,12223,0,0
117,12224,0,2
117,12225,0,0
117,12226,0,2
117,12227,0,2
117,12228,0,2
117,12229,0,2
117,12230,0,0
117,12231,0,2
117,12232,0,0
117,12233,0,0
117,12234,0,2
117,12235,0,0
117,12236,0,0
117,12237,0,2
117,12238,0,0
117,12239,0,2
117,12240,0,0
117,12241,0,2
117,12242,0,0
117,12243,0,2
117,12244,0,2
117,12245,0,0
117,12246,0,2
117,12247,0,0
117,12248,0,2
117,12249,0,2
117,12250,0,0
117,12251,0,2
117,12252,0,0
117,12253,0,0
117,12254,0,0
117,12255,0,0
117,12256,0,2
117,12257,0,0
117,12258,0,2
117,12259,0,0
117,12260,0,2
117,12261,0,2
117,12262,0,0
117,12263,0,0
117,12264,0,0
117,12265,0,2
117,12266,0,0
117,12267,0,2
117,12268,0,2
117,12269,0,0
117,12270,0,2
117,12271,0,0
117,12272,0,2
117,12273,0,2
117,12274,0,0
117,12275,0,2
117,12276,0,0
117,12277,0,0
117,12278,0,2
117,12279,0,0
117,12280,0,2
117,12281,0,0
117,12282,0,0
117,12283,0,2
117,12284,0,0
117,12285,0,2
117,12286,0,0
117,12287,0,0
117,12288,0,2
117,12289,0,0
117,12290,0,2
117,12291,0,0
117,12292,0,0
117,12293,0,2
117,12294,0,0
117,12295,0,2
117,12296,0,0
117,12297,0,0
117,12298,0,2
117,12299,0,0
117,12300,0,2
117,12301,0,0
117,12302,0,2
117,12303,0,0
117,12304,0,0
117,12305,0,2
117,12306,0,0
117,12307,0,0
117,12308,0,0
117,12309,0,0
117,12310,0,2
117,12311,0,0
117,12312,0,2
117,12313,0,0
117,12314,0,2
117,12315,0,2
117,12316,0,0
117,12317,0,2
117,12318,0,0
117,12319,0,0
117,12320,0,2
117,12321,0,0
117,12322,0,2
117,12323,0,0
117,12324,0,0
117,12325,0,0
117,12326,0,0
117,12327,0,2
117,12328,0,0
117,12329,0,2
117,12330,0,0
117,12331,0,2
117,12332,0,0
117,12333,0,0
117,12334,0,0
117,12335,0,0
117,12336,0,2
117,12337,0,0
117,12338,0,2
117,12339,0,2
117,12340,0,0
117,12341,0,2
117,12342,0,0
117,12343,0,2
117,12344,0,0
117,12345,0,0
117,12346,0,2
117,12347,0,0
117,12348,0,0
117,12349,0,0
117,12350,0,2
117,12351,0,2
117,12352,0,0
117,12353,0,0
117,12354,0,2
117,12355,0,2
117,12356,0,0
117,12357,0,0
117,12358,0,2
117,12359,0,0
117,12360,0,0
117,12361,0,2
117,12362,0,0
117,12363,0,2
117,12364,0,0
117,12365,0,0
117,12366,0,2
117,12367,0,0
117,12368,0,2
117,12369,0,0
117,12370,0,0
117,12371,0,2
117,12372,0,0
121,12373,0,0
121,12374,0,0
121,12375,0,0
121,12376,0,0
121,12377,0,0
121,12378,0,0
121,12379,0,0
121,12380,0,0
121,12381,0,0
121,12382,0,0
121,12383,0,0
121,12384,0,1
121,12385,0,0
121,12386,0,0
121,12387,0,0
121,12388,0,0
121,12389,0,0
121,12390,0,0
121,12391,0,0
121,12392,0,0
121,12393,0,0
121,12394,0,0
121,12395,0,0
121,12396,0,0
121,12397,0,0
121,12398,0,0
121,12399,0,0
121,12400,0,0
121,12401,0,0
121,12402,0,0
121,12403,0,0
121,12404,0,0
121,12405,0,0
121,12406,0,0
121,12407,0,0
121,12408,0,0
121,12409,0,0
121,12410,0,0
121,12411,0,0
121,12412,0,0
121,12413,0,0
121,12414,0,0
121,12415,0,0
121,12416,0,0
121,12417,0,0
121,12418,0,0
121,12419,0,0
121,12420,0,0
121,12421,0,0
121,12422,0,0
121,12423,0,0
121,12424,0,0
121,12425,0,0
121,12426,0,0
121,12427,0,0
121,12428,0,0
121,12429,0,0
121,12430,0,0
121,12431,0,0
121,12432,0,0
121,12433,0,0
121,12434,0,0
121,12435,0,0
121,12436,0,0
121,12437,0,0
121,12438,0,0
121,12439,0,0
121,12440,0,0
121,12441,0,0
121,12442,0,0
121,12443,0,0
121,12444,0,0
121,12445,0,0
121,12446,0,0
121,12447,0,0
121,12448,0,0
121,12449,0,0
121,12450,0,0
121,12451,0,0
121,12452,0,0
121,12453,0,0
121,12454,0,0
121,12455,0,0
121,12456,0,0
121,12457,0,0
121,12458,0,0
121,12459,0,0
121,12460,0,0
121,12461,0,0
121,12462,0,0
121,12463,0,0
121,12464,0,0
121,12465,0,0
121,12466,0,0
121,12467,0,0
121,12468,0,0
121,12469,0,0
121,12470,0,0
121,12471,0,0
121,12472,0,0
121,12473,0,0
121,12474,0,0
121,12475,0,0
121,12476,0,0
121,12477,0,0
121,12478,0,0
121,12479,0,0
121,12480,0,0
121,12481,0,0
121,12482,0,0
121,12483,0,0
121,12484,0,0
121,12485,0,0
121,12486,0,0
121,12487,0,0
121,12488,0,0
121,12489,0,0
121,12490,0,0
121,12491,0,0
121,12492,0,0
121,12493,0,0
121,12494,0,0
121,12495,0,0
121,12496,0,0
121,12497,0,0
121,12498,0,0
121,12499,0,0
121,12500,0,0
121,12501,0,0
121,12502,0,0
121,12503,0,0
121,12504,0,0
121,12505,0,0
121,12506,0,0
121,12507,0,0
121,12508,0,0
121,12509,0,0
121,12510,0,0
121,12511,0,0
121,12512,0,0
121,12513,0,0
121,12514,0,0
121,12515,0,0
121,12516,0,0
121,12517,0,0
121,12518,0,0
121,12519,0,0
121,12520,0,0
121,12521,0,0
121,12522,0,0
121,12523,0,0
121,12524,0,0
121,12525,0,0
121,12526,0,0
121,12527,0,0
121,12528,0,0
121,12529,0,0
121,12530,0,0
121,12531,0,0
121,12532,0,0
121,12533,0,0
121,12534,0,0
121,12535,0,0
121,12536,0,0
121,12537,0,0
121,12538,0,0
121,12539,0,0
121,12540,0,0
121,12541,0,0
121,12542,0,0
121,12543,0,0
121,12544,0,0
121,12545,0,0
121,12546,0,0
121,12547,0,0
121,12548,0,0
121,12549,0,0
121,12550,0,0
121,12551,0,0
121,12552,0,0
121,12553,0,0
121,12554,0,0
121,12555,0,0
121,12556,0,0
121,12557,0,0
121,12558,0,0
121,12559,0,0
121,12560,0,0
121,12561,0,0
121,12562,0,0
121,12563,0,0
121,12564,0,0
121,12565,0,0
121,12566,0,0
121,12567,0,0
121,12568,0,0
121,12569,0,0
121,12570,0,0
121,12571,0,0
121,12572,0,0
121,12573,0,0
121,12574,0,0
121,12575,0,0
121,12576,0,0
121,12577,0,0
121,12578,0,0
121,12579,0,0
121,12580,0,0
121,12581,0,0
121,12582,0,0
121,12583,0,0
121,12584,0,0
121,12585,0,0
121,12586,0,0
121,12587,0,0
121,12588,0,0
121,12589,0,0
121,12590,0,0
121,12591,0,0
121,12592,0,0
121,12593,0,0
121,12594,0,0
121,12595,0,0
121,12596,0,0
121,12597,0,0
121,12598,0,0
121,12599,0,0
121,12600,0,0
121,12601,0,0
121,12602,0,0
121,12603,0,0
121,12604,0,0
121,12605,0,0
121,12606,0,0
121,12607,0,0
121,12608,0,0
121,12609,0,0
121,12610,0,0
121,12611,0,0
121,12612,0,0
121,12613,0,0
121,12614,0,0
121,12615,0,0
121,12616,0,1
121,12617,0,0
121,12618,0,0
121,12619,0,0
121,12620,0,0
121,12621,0,0
121,12622,0,0
121,12623,0,0
121,12624,0,0
121,12625,0,0
121,12626,0,0
121,12627,0,0
121,12628,0,0
121,12629,0,0
121,12630,0,0
121,12631,0,0
121,12632,0,0
121,12633,0,0
121,12634,0,0
121,12635,0,0
121,12636,0,0
121,12637,0,0
121,12638,0,0
121,12639,0,0
121,12640,0,0
121,12641,0,0
121,12642,0,0
121,12643,0,0
121,12644,0,0
121,12645,0,0
121,12646,0,0
121,12647,0,0
121,12648,0,0
121,12649,0,0
121,12650,0,0
121,12651,0,0
121,12652,0,0
121,12653,0,0
121,12654,0,0
121,12655,0,0
121,12656,0,0
121,12657,0,0
121,12658,0,0
121,12659,0,0
121,12660,0,0
121,12661,0,0
121,12662,0,0
121,12663,0,0
121,12664,0,0
121,12665,0,0
121,12666,0,0
121,12667,0,0
121,12668,0,0
121,12669,0,0
121,12670,0,0
121,12671,0,0
121,12672,0,0
121,12673,0,0
121,12674,0,0
121,12675,0,0
121,12676,0,0
121,12677,0,0
121,12678,0,0
121,12679,0,0
121,12680,0,0
121,12681,0,0
121,12682,0,0
121,12683,0,0
121,12684,0,0
121,12685,0,0
121,12686,0,0
121,12687,0,0
121,12688,0,0
121,12689,0,0
121,12690,0,0
121,12691,0,0
121,12692,0,0
121,12693,0,0
121,12694,0,0
121,12695,0,0
121,12696,0,0
121,12697,0,0
121,12698,0,0
121,12699,0,0
121,12700,0,0
121,12701,0,0
121,12702,0,0
121,12703,0,0
121,12704,0,0
121,12705,0,0
121,12706,0,0
121,12707,0,0
121,12708,0,0
121,12709,0,0
121,12710,0,0
121,12711,0,0
121,12712,0,0
121,12713,0,0
121,12714,0,0
121,12715,0,0
121,12716,0,0
121,12717,0,0
121,12718,0,0
121,12719,0,0
121,12720,0,0
121,12721,0,0
121,12722,0,0
121,12723,0,0
121,12724,0,0
121,12725,0,0
121,12726,0,0
121,12727,0,0
121,12728,0,0
121,12729,0,0
121,12730,0,0
121,12731,0,0
121,12732,0,0
121,12733,0,0
121,12734,0,0
121,12735,0,0
121,12736,0,0
121,12737,0,0
121,12738,0,0
121,12739,0,0
121,12740,0,0
121,12741,0,0
121,12742,0,0
121,12743,0,0
121,12744,0,0
121,12745,0,0
121,12746,0,0
121,12747,0,0
121,12748,0,0
121,12749,0,0
121,12750,0,0
121,12751,0,0
121,12752,0,0
121,12753,0,0
121,12754,0,0
121,12755,0,0
121,12756,0,0
121,12757,0,0
121,12758,0,0
121,12759,0,0
121,12760,0,0
121,12761,0,0
121,12762,0,0
121,12763,0,0
121,12764,0,0
121,12765,0,0
121,12766,0,0
121,12767,0,1
121,12768,0,0
121,12769,0,0
121,12770,0,0
121,12771,0,0
121,12772,0,0
121,12773,0,0
121,12774,0,0
121,12775,0,0
121,12776,0,0
121,12777,0,0
121,12778,0,0
121,12779,0,0
121,12780,0,0
121,12781,0,0
121,12782,0,0
121,12783,0,0
121,12784,0,0
121,12785,0,0
121,12786,0,0
121,12787,0,0
121,12788,0,0
121,12789,0,0
121,12790,0,0
121,12791,0,0
121,12792,0,0
121,12793,0,0
121,12794,0,0
121,12795,0,0
121,12796,0,0
121,12797,0,0
121,12798,0,0
121,12799,0,0
121,12800,0,0
121,12801,0,0
121,12802,0,0
121,12803,0,0
121,12804,0,0
121,12805,0,0
121,12806,0,0
121,12807,0,0
121,12808,0,0
121,12809,0,0
121,12810,0,0
121,12811,0,0
121,12812,0,0
121,12813,0,0
121,12814,0,0
121,12815,0,0
121,12816,0,0
121,12817,0,0
121,12818,0,0
121,12819,0,0
121,12820,0,0
121,12821,0,0
121,12822,0,0
121,12823,0,0
121,12824,0,0
121,12825,0,0
121,12826,0,0
121,12827,0,0
121,12828,0,0
121,12829,0,0
121,12830,0,0
121,12831,0,0
121,12832,0,0
121,12833,0,0
121,12834,0,0
121,12835,0,0
121,12836,0,0
121,12837,0,0
121,12838,0,0
121,12839,0,0
121,12840,0,0
121,12841,0,0
121,12842,0,0
121,12843,0,0
121,12844,0,0
121,12845,0,0
121,12846,0,0
121,12847,0,0
121,12848,0,1
121,12849,0,0
121,12850,0,0
121,12851,0,0
121,12852,0,0
121,12853,0,0
121,12854,0,0
121,12855,0,0
121,12856,0,0
121,12857,0,0
121,12858,0,0
121,12859,0,0
121,12860,0,0
121,12861,0,0
121,12862,0,0
121,12863,0,0
121,12864,0,0
121,12865,0,0
121,12866,0,0
121,12867,0,0
121,12868,0,0
121,12869,0,0
121,12870,0,0
121,12871,0,0
121,12872,0,0
121,12873,0,0
121,12874,0,0
121,12875,0,0
121,12876,0,0
121,12877,0,0
121,12878,0,0
121,12879,0,0
121,12880,0,0
121,12881,0,0
121,12882,0,0
121,12883,0,0
121,12884,0,0
121,12885,0,0
121,12886,0,0
121,12887,0,0
121,12888,0,0
121,12889,0,0
121,12890,0,0
121,12891,0,0
121,12892,0,0
121,12893,0,0
121,12894,0,0
121,12895,0,0
121,12896,0,0
121,12897,0,0
121,12898,0,0
121,12899,0,0
121,12900,0,0
121,12901,0,0
121,12902,0,0
121,12903,0,0
121,12904,0,0
121,12905,0,0
121,12906,0,0
121,12907,0,0
121,12908,0,0
121,12909,0,0
121,12910,0,0
121,12911,0,0
121,12912,0,0
121,12913,0,0
121,12914,0,0
121,12915,0,0
121,12916,0,0
121,12917,0,0
121,12918,0,0
121,12919,0,0
121,12920,0,0
121,12921,0,0
121,12922,0,0
121,12923,0,0
121,12924,0,0
121,12925,0,0
121,12926,0,0
121,12927,0,0
121,12928,0,0
121,12929,0,0
121,12930,0,0
121,12931,0,0
121,12932,0,0
121,12933,0,0
121,12934,0,0
121,12935,0,0
121,12936,0,0
121,12937,0,0
121,12938,0,0
121,12939,0,0
121,12940,0,0
121,12941,0,0
121,12942,0,0
121,12943,0,0
121,12944,0,0
121,12945,0,0
121,12946,0,0
121,12947,0,0
121,12948,0,0
121,12949,0,0
121,12950,0,0
121,12951,0,0
121,12952,0,0
121,12953,0,0
121,12954,0,0
121,12955,0,0
121,12956,0,0
121,12957,0,0
121,12958,0,0
121,12959,0,0
121,12960,0,0
121,12961,0,0
121,12962,0,0
121,12963,0,0
121,12964,0,0
121,12965,0,0
121,12966,0,0
121,12967,0,0
121,12968,0,0
121,12969,0,0
121,12970,0,0
121,12971,0,0
121,12972,0,0
121,12973,0,0
121,12974,0,0
121,12975,0,0
121,12976,0,0
121,12977,0,0
121,12978,0,0
121,12979,0,0
121,12980,0,0
121,12981,0,0
121,12982,0,0
121,12983,0,0
121,12984,0,0
121,12985,0,0
121,12986,0,0
121,12987,0,0
121,12988,0,0
121,12989,0,0
121,12990,0,0
121,12991,0,0
121,12992,0,0
121,12993,0,0
121,12994,0,0
121,12995,0,0
121,12996,0,0
121,12997,0,0
121,12998,0,0
121,12999,0,0
121,13000,0,0
121,13001,0,0
121,13002,0,0
121,13003,0,0
121,13004,0,0
121,13005,0,0
121,13006,0,0
121,13007,0,0
121,13008,0,0
121,13009,0,0
121,13010,0,0
121,13011,0,0
121,13012,0,0
121,13013,0,0
121,13014,0,0
121,13015,0,0
121,13016,0,0
121,13017,0,0
121,13018,0,0
121,13019,0,0
121,13020,0,0
121,13021,0,0
121,13022,0,0
121,13023,0,0
121,13024,0,0
121,13025,0,0
121,13026,0,0
121,13027,0,0
121,13028,0,0
121,13029,0,0
121,13030,0,0
121,13031,0,0
121,13032,0,0
121,13033,0,0
121,13034,0,0
121,13035,0,0
121,13036,0,0
121,13037,0,0
121,13038,0,0
121,13039,0,0
121,13040,0,0
121,13041,0,0
121,13042,0,0
121,13043,0,0
121,13044,0,0
121,13045,0,0
121,13046,0,0
121,13047,0,0
121,13048,0,0
121,13049,0,0
121,13050,0,0
121,13051,0,0
121,13052,0,0
121,13053,0,0
121,13054,0,0
121,13055,0,0
121,13056,0,0
121,13057,0,0
121,13058,0,0
121,13059,0,0
121,13060,0,0
121,13061,0,0
121,13062,0,0
121,13063,0,0
121,13064,0,0
121,13065,0,0
121,13066,0,0
121,13067,0,0
121,13068,0,0
121,13069,0,0
121,13070,0,0
121,13071,0,0
121,13072,0,0
121,13073,0,0
121,13074,0,0
121,13075,0,0
121,13076,0,0
121,13077,0,0
121,13078,0,0
121,13079,0,0
121,13080,0,0
121,13081,0,0
121,13082,0,0
121,13083,0,0
121,13084,0,0
121,13085,0,0
121,13086,0,0
121,13087,0,0
121,13088,0,0
121,13089,0,0
121,13090,0,0
121,13091,0,0
121,13092,0,0
121,13093,0,0
121,13094,0,0
121,13095,0,0
121,13096,0,0
121,13097,0,0
121,13098,0,0
121,13099,0,0
121,13100,0,0
121,13101,0,0
121,13102,0,0
121,13103,0,0
121,13104,0,0
121,13105,0,0
121,13106,0,0
121,13107,0,0
121,13108,0,0
121,13109,0,0
121,13110,0,0
121,13111,0,0
121,13112,0,0
121,13113,0,0
121,13114,0,0
121,13115,0,0
121,13116,0,0
121,13117,0,0
121,13118,0,0
121,13119,0,0
121,13120,0,0
121,13121,0,0
121,13122,0,0
121,13123,0,0
121,13124,0,0
121,13125,0,0
121,13126,0,0
121,13127,0,0
121,13128,0,0
121,13129,0,0
121,13130,0,0
121,13131,0,0
121,13132,0,0
121,13133,0,0
121,13134,0,0
121,13135,0,0
121,13136,0,0
121,13137,0,0
121,13138,0,0
121,13139,0,0
121,13140,0,0
121,13141,0,0
121,13142,0,0
121,13143,0,0
121,13144,0,0
121,13145,0,0
121,13146,0,0
121,13147,0,0
121,13148,0,0
121,13149,0,0
121,13150,0,0
121,13151,0,0
121,13152,0,0
121,13153,0,0
121,13154,0,0
121,13155,0,0
121,13156,0,0
121,13157,0,0
121,13158,0,0
121,13159,0,0
121,13160,0,0
121,13161,0,0
121,13162,0,0
121,13163,0,0
121,13164,0,0
121,13165,0,0
121,13166,0,0
121,13167,0,0
121,13168,0,0
121,13169,0,0
121,13170,0,0
121,13171,0,0
121,13172,0,0
121,13173,0,0
121,13174,0,0
121,13175,0,0
121,13176,0,0
121,13177,0,0
121,13178,0,0
121,13179,0,0
121,13180,0,0
121,13181,0,0
121,13182,0,0
121,13183,0,0
121,13184,0,0
121,13185,0,0
121,13186,0,0
121,13187,0,0
121,13188,0,0
121,13189,0,0
121,13190,0,0
121,13191,0,0
121,13192,0,0
121,13193,0,0
121,13194,0,0
121,13195,0,0
121,13196,0,0
121,13197,0,0
121,13198,0,0
121,13199,0,0
121,13200,0,0
121,13201,0,0
121,13202,0,0
121,13203,0,0
121,13204,0,0
121,13205,0,0
121,13206,0,0
121,13207,0,0
121,13208,0,0
121,13209,0,0
121,13210,0,0
121,13211,0,0
121,13212,0,0
121,13213,0,0
121,13214,0,0
121,13215,0,0
121,13216,0,0
121,13217,0,0
121,13218,0,0
121,13219,0,0
121,13220,0,0
121,13221,0,0
121,13222,0,0
121,13223,0,0
121,13224,0,0
121,13225,0,0
121,13226,0,0
121,13227,0,0
121,13228,0,0
121,13229,0,0
121,13230,0,0
121,13231,0,0
121,13232,0,0
121,13233,0,0
121,13234,0,0
121,13235,0,0
121,13236,0,0
121,13237,0,0
121,13238,0,0
121,13239,0,0
121,13240,0,0
121,13241,0,0
121,13242,0,0
121,13243,0,0
121,13244,0,0
121,13245,0,0
121,13246,0,0
121,13247,0,0
121,13248,0,0
121,13249,0,0
121,13250,0,0
121,13251,0,0
121,13252,0,0
121,13253,0,0
121,13254,0,0
121,13255,0,0
121,13256,0,0
121,13257,0,0
121,13258,0,0
121,13259,0,0
121,13260,0,0
121,13261,0,0
121,13262,0,0
121,13263,0,0
121,13264,0,0
121,13265,0,0
121,13266,0,0
121,13267,0,0
121,13268,0,0
121,13269,0,0
121,13270,0,0
121,13271,0,0
121,13272,0,0
121,13273,0,0
121,13274,0,0
121,13275,0,0
121,13276,0,0
121,13277,0,0
121,13278,0,0
121,13279,0,0
121,13280,0,0
121,13281,0,0
121,13282,0,0
121,13283,0,0
121,13284,0,0
121,13285,0,0
121,13286,0,0
121,13287,0,0
121,13288,0,0
121,13289,0,0
121,13290,0,0
121,13291,0,0
121,13292,0,0
121,13293,0,0
121,13294,0,0
121,13295,0,0
121,13296,0,0
121,13297,0,0
121,13298,0,0
121,13299,0,0
121,13300,0,0
121,13301,0,0
121,13302,0,0
121,13303,0,0
121,13304,0,0
121,13305,0,0
121,13306,0,0
121,13307,0,0
121,13308,0,0
121,13309,0,0
121,13310,0,0
121,13311,0,0
121,13312,0,0
121,13313,0,0
121,13314,0,0
121,13315,0,0
121,13316,0,0
121,13317,0,0
121,13318,0,0
121,13319,0,0
121,13320,0,0
121,13321,0,0
121,13322,0,0
121,13323,0,0
121,13324,0,0
121,13325,0,0
121,13326,0,0
121,13327,0,0
121,13328,0,0
121,13329,0,0
121,13330,0,0
121,13331,0,0
121,13332,0,0
121,13333,0,0
121,13334,0,0
121,13335,0,0
121,13336,0,0
121,13337,0,0
121,13338,0,0
121,13339,0,0
121,13340,0,0
121,13341,0,0
121,13342,0,0
121,13343,0,0
121,13344,0,0
121,13345,0,0
121,13346,0,0
121,13347,0,0
121,13348,0,0
121,13349,0,0
121,13350,0,0
121,13351,0,0
121,13352,0,0
121,13353,0,0
121,13354,0,0
121,13355,0,0
121,13356,0,0
121,13357,0,0
121,13358,0,0
121,13359,0,0
121,13360,0,0
121,13361,0,0
121,13362,0,0
121,13363,0,0
121,13364,0,0
121,13365,0,0
121,13366,0,0
121,13367,0,0
121,13368,0,0
121,13369,0,0
121,13370,0,0
121,13371,0,0
121,13372,0,0
121,13373,0,0
121,13374,0,0
121,13375,0,0
121,13376,0,0
121,13377,0,0
121,13378,0,0
121,13379,0,0
121,13380,0,0
121,13381,0,0
121,13382,0,0
121,13383,0,0
121,13384,0,0
121,13385,0,0
121,13386,0,0
121,13387,0,0
121,13388,0,0
121,13389,1,0
121,13390,0,0
121,13391,2,0
121,13392,0,0
121,13393,0,0
121,13394,0,0
121,13395,0,0
121,13396,0,0
121,13397,0,0
121,13398,0,0
121,13399,0,0
121,13400,0,0
121,13401,0,0
121,13402,0,0
121,13403,0,0
121,13404,0,0
121,13405,0,0
121,13406,0,0
121,13407,0,0
121,13408,0,0
121,13409,0,0
121,13410,0,0
121,13411,0,0
121,13412,0,0
121,13413,0,0
121,13414,0,0
121,13415,0,0
121,13416,0,0
121,13417,0,0
121,13418,0,0
121,13419,0,0
121,13420,0,0
121,13421,0,0
121,13422,0,0
121,13423,0,0
121,13424,0,0
121,13425,0,0
121,13426,0,0
121,13427,0,0
121,13428,0,0
121,13429,0,0
121,13430,0,0
121,13431,0,0
121,13432,0,0
121,13433,0,0
121,13434,0,0
121,13435,0,0
121,13436,0,0
121,13437,0,0
121,13438,0,0
121,13439,0,0
121,13440,0,0
121,13441,0,0
121,13442,0,0
121,13443,0,0
121,13444,0,0
121,13445,0,0
121,13446,0,0
121,13447,0,0
121,13448,0,0
121,13449,0,0
121,13450,0,0
121,13451,0,0
121,13452,0,0
121,13453,0,0
121,13454,0,0
121,13455,0,0
121,13456,0,0
121,13457,0,0
121,13458,0,0
121,13459,0,0
121,13460,0,0
121,13461,0,0
121,13462,0,0
121,13463,0,0
121,13464,0,0
121,13465,0,0
121,13466,0,0
121,13467,0,0
121,13468,0,0
121,13469,0,0
121,13470,0,0
121,13471,0,0
121,13472,0,0
121,13473,0,0
121,13474,0,0
121,13475,0,0
121,13476,0,0
121,13477,0,0
121,13478,0,0
121,13479,0,0
121,13480,0,0
121,13481,0,0
121,13482,0,0
121,13483,0,0
121,13484,0,0
121,13485,0,0
121,13486,0,0
121,13487,0,0
121,13488,0,0
121,13489,0,0
121,13490,0,0
121,13491,0,0
121,13492,0,0
121,13493,0,0
121,13494,0,0
121,13495,0,0
121,13496,0,0
121,13497,0,0
121,13498,0,0
121,13499,0,0
121,13500,0,0
121,13501,0,0
121,13502,0,0
121,13503,0,0
121,13504,0,0
121,13505,0,0
121,13506,0,0
121,13507,0,0
121,13508,0,0
121,13509,0,0
121,13510,0,0
121,13511,0,0
121,13512,0,0
121,13513,0,0
121,13514,0,0
121,13515,0,0
121,13516,0,0
121,13517,0,0
121,13518,0,0
121,13519,0,0
121,13520,0,0
121,13521,0,0
121,13522,0,0
121,13523,0,0
121,13524,0,0
121,13525,0,0
121,13526,0,0
121,13527,0,0
121,13528,0,0
121,13529,0,0
121,13530,0,0
121,13531,0,0
121,13532,0,0
121,13533,0,0
121,13534,0,0
121,13535,0,0
121,13536,0,0
121,13537,0,0
121,13538,0,0
121,13539,0,0
121,13540,0,0
121,13541,0,0
121,13542,0,0
121,13543,0,0
121,13544,0,0
121,13545,0,0
121,13546,0,0
121,13547,0,0
121,13548,0,0
121,13549,0,0
121,13550,0,0
121,13551,0,0
121,13552,0,0
121,13553,0,0
121,13554,0,0
121,13555,0,0
121,13556,0,0
121,13557,0,0
121,13558,0,0
121,13559,0,0
121,13560,0,0
121,13561,0,0
121,13562,0,0
121,13563,0,0
121,13564,0,0
121,13565,0,0
121,13566,0,0
121,13567,0,0
121,13568,0,0
121,13569,0,0
121,13570,0,0
121,13571,0,0
121,13572,0,0
121,13573,0,0
121,13574,0,0
121,13575,0,0
121,13576,0,0
121,13577,0,0
121,13578,0,0
121,13579,0,0
121,13580,0,0
121,13581,0,0
121,13582,0,0
121,13583,0,0
121,13584,0,0
121,13585,0,0
121,13586,0,0
121,13587,0,0
121,13588,0,0
121,13589,0,0
121,13590,0,0
121,13591,0,0
121,13592,0,0
121,13593,0,0
121,13594,0,0
121,13595,0,0
121,13596,0,0
121,13597,0,0
121,13598,0,0
121,13599,0,0
121,13600,0,0
121,13601,0,0
121,13602,0,0
121,13603,0,0
121,13604,0,0
121,13605,0,0
121,13606,0,0
121,13607,0,0
121,13608,0,0
121,13609,0,0
121,13610,0,0
121,13611,0,0
121,13612,0,0
121,13613,0,0
121,13614,0,0
121,13615,0,0
121,13616,0,0
121,13617,0,0
121,13618,0,0
121,13619,0,0
121,13620,0,0
121,13621,0,0
121,13622,0,0
121,13623,0,0
121,13624,0,0
121,13625,0,0
121,13626,0,0
121,13627,0,0
121,13628,0,0
121,13629,0,0
121,13630,0,0
121,13631,0,0
121,13632,0,0
121,13633,0,0
121,13634,0,0
121,13635,0,0
121,13636,0,0
121,13637,0,0
121,13638,0,0
121,13639,0,0
121,13640,0,0
121,13641,0,0
121,13642,0,0
121,13643,0,0
121,13644,0,0
121,13645,0,0
121,13646,0,0
121,13647,0,0
121,13648,0,0
121,13649,0,0
121,13650,0,0
121,13651,0,0
121,13652,0,0
121,13653,0,0
121,13654,0,0
121,13655,0,0
121,13656,0,0
121,13657,0,0
121,13658,0,0
121,13659,0,0
121,13660,0,0
121,13661,0,0
121,13662,0,0
121,13663,0,0
121,13664,0,0
121,13665,0,0
121,13666,0,0
121,13667,0,0
121,13668,0,0
121,13669,0,0
121,13670,0,0
121,13671,0,0
121,13672,0,0
121,13673,0,0
121,13674,0,0
121,13675,0,0
121,13676,0,0
121,13677,0,0
121,13678,0,0
121,13679,0,0
121,13680,0,0
121,13681,0,0
121,13682,0,0
121,13683,0,0
121,13684,0,0
121,13685,0,0
121,13686,0,0
121,13687,0,0
121,13688,0,0
121,13689,0,0
121,13690,0,0
121,13691,0,0
121,13692,0,0
121,13693,0,0
121,13694,0,0
121,13695,0,0
121,13696,0,0
121,13697,0,0
121,13698,0,0
121,13699,0,0
121,13700,0,0
121,13701,0,0
121,13702,0,0
121,13703,0,0
121,13704,0,0
121,13705,0,0
121,13706,0,0
121,13707,0,0
121,13708,0,0
121,13709,0,0
121,13710,0,0
121,13711,0,0
121,13712,0,0
121,13713,0,0
121,13714,0,0
121,13715,0,0
121,13716,0,0
121,13717,0,0
121,13718,0,0
121,13719,0,0
121,13720,0,0
121,13721,0,0
121,13722,0,0
121,13723,0,0
121,13724,0,0
121,13725,0,0
121,13726,0,0
121,13727,0,0
121,13728,0,0
121,13729,0,0
121,13730,0,0
121,13731,0,0
121,13732,0,0
121,13733,0,0
121,13734,0,0
121,13735,0,0
121,13736,0,0
121,13737,0,0
121,13738,0,0
121,13739,0,0
121,13740,0,0
121,13741,0,0
121,13742,0,0
121,13743,0,0
121,13744,0,0
121,13745,0,0
121,13746,0,0
121,13747,0,0
121,13748,0,0
121,13749,0,0
121,13750,0,0
121,13751,0,0
121,13752,0,0
121,13753,0,0
121,13754,0,0
121,13755,0,0
121,13756,0,0
121,13757,0,0
121,13758,0,0
121,13759,0,0
121,13760,0,0
121,13761,0,0
121,13762,0,0
121,13763,0,0
121,13764,0,0
121,13765,0,0
121,13766,0,0
121,13767,0,0
121,13768,0,0
121,13769,0,0
121,13770,0,0
121,13771,0,0
121,13772,0,0
121,13773,0,0
121,13774,0,0
121,13775,0,0
121,13776,0,0
121,13777,0,0
121,13778,0,0
121,13779,0,0
121,13780,0,0
121,13781,0,0
121,13782,0,0
121,13783,0,0
121,13784,0,0
121,13785,0,0
121,13786,0,0
121,13787,0,0
121,13788,0,0
121,13789,0,0
121,13790,0,0
121,13791,0,0
121,13792,0,0
121,13793,0,0
121,13794,0,0
121,13795,0,0
121,13796,0,0
121,13797,0,0
121,13798,0,0
121,13799,0,0
121,13800,0,0
121,13801,0,0
121,13802,0,0
121,13803,0,0
121,13804,0,0
121,13805,0,0
121,13806,0,0
121,13807,0,0
121,13808,0,0
121,13809,0,0
121,13810,0,0
121,13811,0,0
121,13812,0,0
121,13813,0,0
121,13814,0,0
121,13815,0,0
121,13816,0,0
121,13817,0,0
121,13818,0,0
121,13819,0,0
121,13820,0,0
121,13821,0,0
121,13822,0,0
121,13823,0,0
121,13824,0,0
121,13825,0,0
121,13826,0,0
121,13827,0,0
121,13828,0,0
121,13829,0,0
121,13830,0,0
121,13831,0,0
121,13832,0,0
121,13833,0,0
121,13834,0,0
121,13835,0,0
121,13836,0,0
121,13837,0,0
121,13838,0,0
121,13839,0,0
121,13840,0,0
121,13841,0,0
121,13842,0,0
121,13843,0,0
121,13844,0,0
121,13845,0,0
121,13846,0,0
121,13847,0,0
121,13848,0,0
121,13849,0,0
121,13850,0,0
121,13851,0,0
121,13852,0,0
121,13853,0,0
121,13854,0,0
121,13855,0,0
121,13856,0,0
121,13857,0,0
121,13858,0,0
121,13859,0,0
121,13860,0,0
121,13861,0,0
121,13862,0,0
121,13863,0,0
121,13864,0,0
121,13865,0,0
121,13866,0,0
121,13867,0,0
121,13868,0,0
121,13869,0,0
121,13870,0,0
121,13871,0,0
121,13872,0,0
121,13873,0,0
121,13874,0,0
121,13875,0,0
121,13876,0,0
121,13877,0,0
121,13878,0,0
121,13879,0,0
121,13880,0,0
121,13881,0,0
121,13882,0,0
121,13883,0,0
121,13884,0,0
121,13885,0,0
121,13886,0,0
121,13887,0,0
121,13888,0,0
121,13889,0,1
121,13890,0,0
121,13891,0,0
121,13892,0,0
121,13893,0,0
121,13894,0,0
121,13895,0,0
121,13896,0,0
121,13897,0,0
121,13898,0,0
121,13899,0,0
121,13900,0,0
121,13901,0,0
121,13902,0,0
121,13903,0,0
121,13904,0,0
121,13905,0,0
121,13906,0,0
121,13907,0,0
121,13908,0,0
121,13909,0,1
121,13910,0,0
121,13911,0,0
121,13912,0,0
121,13913,0,0
121,13914,0,0
121,13915,0,0
121,13916,0,0
121,13917,0,0
121,13918,0,0
121,13919,0,3
121,13920,0,0
121,13921,0,0
121,13922,0,0
121,13923,0,0
121,13924,0,0
121,13925,0,0
121,13926,0,0
121,13927,0,2
121,13928,0,0
121,13929,0,0
121,13930,0,0
121,13931,0,0
121,13932,0,0
121,13933,0,0
121,13934,0,0
121,13935,0,0
121,13936,0,0
121,13937,0,0
121,13938,0,0
121,13939,0,0
121,13940,0,0
121,13941,0,0
121,13942,0,0
121,13943,0,2
121,13944,0,0
121,13945,0,2
121,13946,0,0
121,13947,0,0
121,13948,0,0
121,13949,0,0
121,13950,0,0
121,13951,0,0
121,13952,0,0
121,13953,0,0
121,13954,0,0
121,13955,0,0
121,13956,0,1
121,13957,0,0
121,13958,0,2
121,13959,0,0
121,13960,0,0
121,13961,0,1
121,13962,0,0
121,13963,0,0
121,13964,0,0
121,13965,0,0
121,13966,0,0
121,13967,0,0
121,13968,0,0
121,13969,0,0
121,13970,0,0
121,13971,0,0
121,13972,0,0
121,13973,0,0
121,13974,0,0
121,13975,0,0
121,13976,0,0
121,13977,0,0
121,13978,0,0
121,13979,0,1
121,13980,0,0
121,13981,0,0
121,13982,0,0
121,13983,0,0
121,13984,0,0
121,13985,0,0
121,13986,0,0
121,13987,0,0
121,13988,0,0
121,13989,0,0
121,13990,0,0
121,13991,0,0
121,13992,0,0
121,13993,0,0
121,13994,0,2
121,13995,0,0
121,13996,0,0
121,13997,0,0
121,13998,0,0
121,13999,0,0
121,14000,0,0
121,14001,0,0
121,14002,0,0
121,14003,0,0
121,14004,0,0
121,14005,0,0
121,14006,0,0
121,14007,0,0
121,14008,0,0
121,14009,0,0
121,14010,0,0
121,14011,0,0
121,14012,0,0
121,14013,0,1
121,14014,0,1
121,14015,0,0
121,14016,0,0
121,14017,0,0
121,14018,0,0
121,14019,0,0
121,14020,0,0
121,14021,0,0
121,14022,0,0
121,14023,0,0
121,14024,0,0
121,14025,0,0
121,14026,0,0
121,14027,0,0
121,14028,0,0
121,14029,0,0
121,14030,0,0
121,14031,0,0
121,14032,0,0
121,14033,0,0
121,14034,0,0
121,14035,0,0
121,14036,0,0
121,14037,0,0
121,14038,0,0
121,14039,0,0
121,14040,0,0
121,14041,0,0
121,14042,0,0
121,14043,0,0
121,14044,0,0
121,14045,0,0
121,14046,0,0
121,14047,0,0
121,14048,0,0
121,14049,0,0
121,14050,0,0
121,14051,0,0
121,14052,0,0
121,14053,0,0
121,14054,0,0
121,14055,0,1
121,14056,0,0
121,14057,0,0
121,14058,0,0
121,14059,0,0
121,14060,0,0
121,14061,0,0
121,14062,0,0
121,14063,0,0
121,14064,0,0
121,14065,0,0
121,14066,0,0
121,14067,0,0
121,14068,0,0
121,14069,0,0
121,14070,0,0
121,14071,0,0
121,14072,0,0
121,14073,0,0
121,14074,0,0
121,14075,0,0
121,14076,0,0
121,14077,0,0
121,14078,0,0
121,14079,0,0
121,14080,0,0
121,14081,0,0
121,14082,0,0
121,14083,0,0
121,14084,0,0
121,14085,0,0
121,14086,0,0
121,14087,0,0
121,14088,0,0
121,14089,0,0
121,14090,0,0
121,14091,0,0
121,14092,0,0
121,14093,0,0
121,14094,0,0
121,14095,0,0
121,14096,0,0
121,14097,0,0
121,14098,0,0
121,14099,0,0
121,14100,0,0
121,14101,0,0
121,14102,0,0
121,14103,0,0
121,14104,0,0
121,14105,0,0
121,14106,0,0
121,14107,0,0
121,14108,0,0
121,14109,0,0
121,14110,0,0
121,14111,0,0
121,14112,0,0
121,14113,0,0
121,14114,0,0
121,14115,0,0
121,14116,0,0
121,14117,0,0
121,14118,0,0
121,14119,0,0
121,14120,0,0
121,14121,0,0
121,14122,0,0
121,14123,0,0
121,14124,0,0
121,14125,0,0
121,14126,0,1
121,14127,0,0
121,14128,0,0
121,14129,0,0
121,14130,0,0
121,14131,0,0
121,14132,0,0
121,14133,0,0
121,14134,0,0
121,14135,0,0
121,14136,0,0
121,14137,0,0
121,14138,0,0
121,14139,0,0
121,14140,0,0
121,14141,0,0
121,14142,0,0
121,14143,0,0
121,14144,0,0
121,14145,0,0
121,14146,0,0
121,14147,0,0
121,14148,0,0
121,14149,0,0
121,14150,0,0
121,14151,0,0
121,14152,0,0
121,14153,0,0
121,14154,0,0
121,14155,0,0
121,14156,0,0
121,14157,0,0
121,14158,0,0
121,14159,0,0
121,14160,0,0
121,14161,0,0
121,14162,0,0
121,14163,0,0
121,14164,0,0
121,14165,0,0
121,14166,0,0
121,14167,0,0
121,14168,0,0
121,14169,0,0
121,14170,0,0
121,14171,0,0
121,14172,0,0
121,14173,0,0
121,14174,0,0
121,14175,0,0
121,14176,0,0
121,14177,0,0
121,14178,0,0
121,14179,0,0
121,14180,0,0
121,14181,0,0
121,14182,0,0
121,14183,0,0
121,14184,0,0
121,14185,0,0
121,14186,0,0
121,14187,0,0
121,14188,0,0
121,14189,0,0
121,14190,0,0
121,14191,0,0
121,14192,0,0
121,14193,0,0
121,14194,0,0
121,14195,0,0
121,14196,0,0
121,14197,0,0
121,14198,0,0
121,14199,0,0
121,14200,0,0
121,14201,0,0
121,14202,0,0
121,14203,0,0
121,14204,0,0
121,14205,0,0
121,14206,0,0
121,14207,0,0
121,14208,0,0
121,14209,0,0
121,14210,0,0
121,14211,0,0
121,14212,0,0
121,14213,0,0
121,14214,0,0
121,14215,0,0
121,14216,0,0
121,14217,0,0
121,14218,0,0
121,14219,0,0
121,14220,0,0
121,14221,0,0
121,14222,0,0
121,14223,0,0
121,14224,0,0
121,14225,0,0
121,14226,0,0
121,14227,0,0
121,14228,0,0
121,14229,0,0
121,14230,0,0
121,14231,0,0
121,14232,0,0
121,14233,0,0
121,14234,0,0
123,14235,0,0
123,14236,0,0
123,14237,0,0
123,14238,0,0
123,14239,0,0
123,14240,0,0
123,14241,0,0
123,14242,0,0
123,14243,0,0
123,14244,0,0
123,14245,0,0
123,14246,0,0
123,14247,0,0
123,14248,0,0
123,14249,0,0
123,14250,0,0
123,14251,0,0
123,14252,0,0
123,14253,0,0
123,14254,0,0
123,14255,0,0
123,14256,0,0
123,14257,0,0
123,14258,0,0
123,14259,0,0
123,14260,0,0
123,14261,0,0
123,14262,0,0
123,14263,0,0
123,14264,0,0
123,14265,0,0
123,14266,0,0
123,14267,0,0
123,14268,0,0
123,14269,0,0
123,14270,0,0
123,14271,0,0
123,14272,0,0
123,14273,0,0
123,14274,0,0
123,14275,0,0
123,14276,0,0
123,14277,0,0
123,14278,0,0
123,14279,0,0
123,14280,0,0
123,14281,0,0
123,14282,0,0
123,14283,0,0
123,14284,0,0
123,14285,0,0
123,14286,0,0
123,14287,0,0
123,14288,0,0
123,14289,0,0
123,14290,0,0
123,14291,0,0
123,14292,0,0
123,14293,0,0
123,14294,0,0
123,14295,0,0
123,14296,0,0
123,14297,0,0
123,14298,0,0
123,14299,0,0
123,14300,0,0
123,14301,0,0
123,14302,0,0
123,14303,0,0
123,14304,0,0
123,14305,0,0
123,14306,0,0
123,14307,0,0
123,14308,0,0
123,14309,0,0
123,14310,0,0
123,14311,0,0
123,14312,0,0
123,14313,0,0
123,14314,0,0
123,14315,0,0
123,14316,0,0
123,14317,0,0
123,14318,0,0
123,14319,0,0
123,14320,0,0
123,14321,0,0
123,14322,0,0
123,14323,0,0
123,14324,0,0
123,14325,0,0
123,14326,0,0
123,14327,0,0
123,14328,0,0
123,14329,0,0
123,14330,0,0
123,14331,0,0
123,14332,0,0
123,14333,0,0
123,14334,0,0
123,14335,0,0
123,14336,0,0
123,14337,0,0
123,14338,0,0
123,14339,0,0
123,14340,0,0
123,14341,0,0
123,14342,0,0
123,14343,0,0
123,14344,0,0
123,14345,0,0
123,14346,0,0
123,14347,0,0
123,14348,0,0
123,14349,0,0
123,14350,0,0
123,14351,0,0
123,14352,0,0
123,14353,0,0
123,14354,0,0
123,14355,0,0
123,14356,0,0
123,14357,0,0
123,14358,0,0
123,14359,0,0
123,14360,0,0
123,14361,0,0
123,14362,0,0
123,14363,0,0
123,14364,0,0
123,14365,0,0
123,14366,0,0
123,14367,0,0
123,14368,0,0
123,14369,0,0
123,14370,0,0
123,14371,0,0
123,14372,0,0
123,14373,0,0
123,14374,0,0
123,14375,0,0
123,14376,0,0
123,14377,0,0
123,14378,0,0
123,14379,0,0
123,14380,0,0
123,14381,0,0
123,14382,0,0
123,14383,0,0
123,14384,0,0
123,14385,0,0
123,14386,0,0
123,14387,0,0
123,14388,0,0
123,14389,0,0
123,14390,0,0
123,14391,0,0
123,14392,0,0
123,14393,0,0
123,14394,0,0
123,14395,0,0
123,14396,0,0
123,14397,0,0
123,14398,0,0
123,14399,0,0
123,14400,0,0
123,14401,0,0
123,14402,0,0
123,14403,0,0
123,14404,0,0
123,14405,0,0
123,14406,0,0
123,14407,0,0
123,14408,0,0
123,14409,0,0
123,14410,0,0
123,14411,0,0
123,14412,0,0
123,14413,0,0
123,14414,0,0
123,14415,0,0
123,14416,0,0
123,14417,0,0
123,14418,0,0
123,14419,0,0
123,14420,0,0
123,14421,0,0
123,14422,0,0
123,14423,0,0
123,14424,0,0
123,14425,0,0
123,14426,0,0
123,14427,0,0
123,14428,0,0
123,14429,0,0
123,14430,0,0
123,14431,0,0
123,14432,0,0
123,14433,0,0
123,14434,0,0
123,14435,0,0
123,14436,0,0
123,14437,0,0
123,14438,0,0
123,14439,0,0
123,14440,0,0
123,14441,0,0
123,14442,0,0
123,14443,0,0
123,14444,0,0
123,14445,0,0
123,14446,0,0
123,14447,0,0
123,14448,0,0
123,14449,0,0
123,14450,0,0
123,14451,0,0
123,14452,0,0
123,14453,0,0
123,14454,0,0
123,14455,0,0
123,14456,0,0
123,14457,0,0
123,14458,0,0
123,14459,0,0
123,14460,0,0
123,14461,0,0
123,14462,0,0
123,14463,0,0
123,14464,0,0
123,14465,0,0
123,14466,0,0
123,14467,0,0
123,14468,0,0
123,14469,0,0
123,14470,0,0
123,14471,0,0
123,14472,0,0
123,14473,0,0
123,14474,0,0
123,14475,0,0
123,14476,0,0
123,14477,0,0
123,14478,0,0
123,14479,0,0
123,14480,0,0
123,14481,0,0
123,14482,0,0
123,14483,0,0
123,14484,0,0
123,14485,0,0
123,14486,0,0
123,14487,0,0
123,14488,0,0
123,14489,0,0
123,14490,0,0
123,14491,0,0
123,14492,0,0
123,14493,0,0
123,14494,0,0
123,14495,0,0
123,14496,0,0
123,14497,0,0
123,14498,0,0
123,14499,0,0
123,14500,0,0
123,14501,0,0
123,14502,0,0
123,14503,0,0
123,14504,0,0
123,14505,0,0
123,14506,0,0
123,14507,0,0
123,14508,0,0
123,14509,0,0
123,14510,0,0
123,14511,0,0
123,14512,0,0
123,14513,0,0
123,14514,0,0
123,14515,0,0
123,14516,0,0
123,14517,0,0
123,14518,0,0
123,14519,0,0
123,14520,0,0
123,14521,0,0
123,14522,0,0
123,14523,0,0
123,14524,0,0
123,14525,0,0
123,14526,0,0
123,14527,0,0
123,14528,0,0
123,14529,0,0
123,14530,0,0
123,14531,0,0
123,14532,0,0
123,14533,0,0
123,14534,0,0
123,14535,0,0
123,14536,0,0
123,14537,0,0
123,14538,0,0
123,14539,0,0
123,14540,0,0
123,14541,0,0
123,14542,0,0
123,14543,0,0
123,14544,0,0
123,14545,0,0
123,14546,0,0
123,14547,0,0
123,14548,0,0
123,14549,0,0
123,14550,0,0
123,14551,0,0
123,14552,0,0
123,14553,0,0
123,14554,0,0
123,14555,0,0
123,14556,0,0
123,14557,0,0
123,14558,0,0
123,14559,0,0
123,14560,0,0
123,14561,0,0
123,14562,0,0
123,14563,0,0
123,14564,0,0
123,14565,0,0
123,14566,0,0
123,14567,0,0
123,14568,0,0
123,14569,0,0
123,14570,0,0
123,14571,0,0
123,14572,0,0
123,14573,0,0
123,14574,0,0
123,14575,0,0
123,14576,0,0
123,14577,0,0
123,14578,0,0
123,14579,0,0
123,14580,0,0
123,14581,0,0
123,14582,0,0
123,14583,0,0
123,14584,0,0
123,14585,0,0
123,14586,2,2
123,14587,0,0
123,14588,0,0
123,14589,0,0
123,14590,0,0
123,14591,0,0
123,14592,0,0
123,14593,0,0
123,14594,0,0
123,14595,0,0
123,14596,0,0
123,14597,0,0
123,14598,0,0
123,14599,0,0
123,14600,0,0
123,14601,0,0
123,14602,0,0
123,14603,0,0
123,14604,0,0
123,14605,0,0
123,14606,0,0
123,14607,0,0
123,14608,0,0
123,14609,0,0
123,14610,0,0
123,14611,0,0
123,14612,0,0
123,14613,0,0
123,14614,0,0
123,14615,0,0
123,14616,0,0
123,14617,0,0
123,14618,0,0
123,14619,0,0
123,14620,0,0
123,14621,0,0
123,14622,0,0
123,14623,0,0
123,14624,0,0
123,14625,0,0
123,14626,0,0
123,14627,0,0
123,14628,0,0
123,14629,0,0
123,14630,0,0
123,14631,0,0
123,14632,0,0
123,14633,0,0
123,14634,0,0
123,14635,0,0
123,14636,0,0
123,14637,0,0
123,14638,0,0
123,14639,0,0
123,14640,0,0
123,14641,0,0
123,14642,0,0
123,14643,0,0
123,14644,0,0
123,14645,0,0
123,14646,0,0
123,14647,0,0
123,14648,0,0
123,14649,0,0
123,14650,0,0
123,14651,0,0
123,14652,0,0
123,14653,0,0
123,14654,0,0
123,14655,0,0
123,14656,0,0
123,14657,0,0
123,14658,0,0
123,14659,0,0
123,14660,0,0
123,14661,0,0
123,14662,0,0
123,14663,0,0
123,14664,0,0
123,14665,0,0
123,14666,0,0
123,14667,0,0
123,14668,0,0
123,14669,0,0
123,14670,0,0
123,14671,0,0
123,14672,0,0
123,14673,0,0
123,14674,0,0
123,14675,0,0
123,14676,0,0
123,14677,0,0
123,14678,0,0
123,14679,0,0
123,14680,0,0
123,14681,0,0
123,14682,0,0
123,14683,0,0
123,14684,0,0
123,14685,0,0
123,14686,0,0
123,14687,0,0
123,14688,0,0
123,14689,0,0
123,14690,0,0
123,14691,0,0
123,14692,0,0
123,14693,0,0
123,14694,0,0
123,14695,0,0
123,14696,0,0
123,14697,0,0
123,14698,0,0
123,14699,0,0
123,14700,0,0
123,14701,0,0
123,14702,0,0
123,14703,0,0
123,14704,0,0
123,14705,0,0
123,14706,0,0
123,14707,0,0
123,14708,0,0
123,14709,0,0
123,14710,0,0
123,14711,0,0
123,14712,0,0
123,14713,0,0
123,14714,0,0
123,14715,0,0
123,14716,0,0
123,14717,0,0
123,14718,0,0
123,14719,0,0
123,14720,0,0
123,14721,0,0
123,14722,0,0
123,14723,0,0
123,14724,0,0
123,14725,0,0
123,14726,0,0
123,14727,0,0
123,14728,0,0
123,14729,0,0
123,14730,0,0
123,14731,0,0
123,14732,0,0
123,14733,0,0
123,14734,0,0
123,14735,0,0
123,14736,0,0
123,14737,0,0
123,14738,0,0
123,14739,0,0
123,14740,0,0
123,14741,0,0
123,14742,0,0
123,14743,0,0
123,14744,0,0
123,14745,0,0
123,14746,0,0
123,14747,0,0
123,14748,0,0
123,14749,0,0
123,14750,0,0
123,14751,0,0
123,14752,0,0
123,14753,0,0
123,14754,0,0
123,14755,0,0
123,14756,0,0
123,14757,0,0
123,14758,0,0
123,14759,0,0
123,14760,0,0
123,14761,0,0
123,14762,0,0
123,14763,0,0
123,14764,0,0
123,14765,0,0
123,14766,0,0
123,14767,0,0
123,14768,0,0
123,14769,0,0
123,14770,0,0
123,14771,0,0
123,14772,0,0
123,14773,0,0
123,14774,0,0
123,14775,0,0
123,14776,0,0
123,14777,0,0
123,14778,0,0
123,14779,0,0
123,14780,0,0
123,14781,0,0
123,14782,0,0
123,14783,0,0
123,14784,0,0
123,14785,0,0
123,14786,0,0
123,14787,0,0
123,14788,0,0
123,14789,0,0
123,14790,0,0
123,14791,0,0
123,14792,0,0
123,14793,0,0
123,14794,0,0
123,14795,0,0
123,14796,0,0
123,14797,0,0
123,14798,0,0
123,14799,0,0
123,14800,0,0
123,14801,0,0
123,14802,0,0
123,14803,0,0
123,14804,0,0
123,14805,0,0
123,14806,0,0
123,14807,0,0
123,14808,0,0
123,14809,0,0
123,14810,0,0
123,14811,0,0
123,14812,0,0
123,14813,0,0
123,14814,0,0
123,14815,0,0
123,14816,0,0
123,14817,0,0
123,14818,0,0
123,14819,0,0
123,14820,0,0
123,14821,0,0
123,14822,0,0
123,14823,0,0
123,14824,0,0
123,14825,0,0
123,14826,0,0
123,14827,0,0
123,14828,0,0
123,14829,0,0
123,14830,0,0
123,14831,0,0
123,14832,0,0
123,14833,0,0
123,14834,0,0
123,14835,0,0
123,14836,0,0
123,14837,0,0
123,14838,0,0
123,14839,0,0
123,14840,0,0
123,14841,0,0
123,14842,0,0
123,14843,0,0
123,14844,0,0
123,14845,0,0
123,14846,0,0
123,14847,0,0
123,14848,0,0
123,14849,0,0
123,14850,0,0
123,14851,0,0
123,14852,0,0
123,14853,0,0
123,14854,0,0
123,14855,0,0
123,14856,0,0
123,14857,0,0
123,14858,0,0
123,14859,0,0
123,14860,0,0
123,14861,0,0
123,14862,0,0
123,14863,0,0
123,14864,0,0
123,14865,0,0
123,14866,0,0
123,14867,0,0
123,14868,0,0
123,14869,0,0
123,14870,0,0
123,14871,0,0
123,14872,0,0
123,14873,0,0
123,14874,0,0
123,14875,0,0
123,14876,0,0
123,14877,0,0
123,14878,0,0
123,14879,0,0
123,14880,0,0
123,14881,0,0
123,14882,0,0
123,14883,0,0
123,14884,0,0
123,14885,0,0
123,14886,0,0
123,14887,0,0
123,14888,0,0
123,14889,0,0
123,14890,0,0
123,14891,0,0
123,14892,0,0
123,14893,0,0
123,14894,0,0
123,14895,0,0
123,14896,0,0
123,14897,0,0
123,14898,0,0
123,14899,0,0
123,14900,0,0
123,14901,0,0
123,14902,0,0
123,14903,0,0
123,14904,0,0
123,14905,0,0
123,14906,0,0
123,14907,0,0
123,14908,0,0
123,14909,0,0
123,14910,0,0
123,14911,0,0
123,14912,0,0
123,14913,0,0
123,14914,0,0
123,14915,0,0
123,14916,0,0
123,14917,0,0
123,14918,0,0
123,14919,0,0
123,14920,0,0
123,14921,0,0
123,14922,0,0
123,14923,0,0
123,14924,0,0
123,14925,0,0
123,14926,0,0
123,14927,0,0
123,14928,0,0
123,14929,0,0
123,14930,0,0
123,14931,0,0
123,14932,0,0
123,14933,0,0
123,14934,0,0
123,14935,0,0
123,14936,0,0
123,14937,0,0
123,14938,0,0
123,14939,0,0
123,14940,0,0
123,14941,0,0
123,14942,0,0
123,14943,0,0
123,14944,0,0
123,14945,0,0
123,14946,0,0
123,14947,0,0
123,14948,0,0
123,14949,0,0
123,14950,0,0
123,14951,0,0
123,14952,0,0
123,14953,0,0
123,14954,0,0
123,14955,0,0
123,14956,0,0
123,14957,0,0
123,14958,0,0
123,14959,0,0
123,14960,0,0
123,14961,0,0
123,14962,0,0
123,14963,0,0
123,14964,0,0
123,14965,0,0
123,14966,0,0
123,14967,0,0
123,14968,0,0
123,14969,0,0
123,14970,0,0
123,14971,0,0
123,14972,0,0
123,14973,0,0
123,14974,0,0
123,14975,0,0
123,14976,0,0
123,14977,0,0
123,14978,0,0
123,14979,0,0
123,14980,0,0
123,14981,0,0
123,14982,0,0
123,14983,0,0
123,14984,0,0
123,14985,0,0
123,14986,0,0
123,14987,0,0
123,14988,0,0
123,14989,0,0
123,14990,0,0
123,14991,0,0
123,14992,0,0
123,14993,0,0
123,14994,0,0
123,14995,0,0
123,14996,0,0
123,14997,0,0
123,14998,0,0
123,14999,0,0
123,15000,0,0
123,15001,0,0
123,15002,0,0
123,15003,0,0
123,15004,0,0
123,15005,0,0
123,15006,0,0
123,15007,0,0
123,15008,0,0
123,15009,0,0
123,15010,0,0
123,15011,0,0
123,15012,0,0
123,15013,0,0
123,15014,0,0
123,15015,0,0
123,15016,0,0
123,15017,0,0
123,15018,0,0
123,15019,0,0
123,15020,0,0
123,15021,0,0
123,15022,0,0
123,15023,0,0
123,15024,0,0
123,15025,0,0
123,15026,0,0
123,15027,0,0
123,15028,0,0
123,15029,0,0
123,15030,0,0
123,15031,0,0
123,15032,0,0
123,15033,0,0
123,15034,0,0
123,15035,0,0
123,15036,0,0
123,15037,0,0
123,15038,0,0
123,15039,0,0
123,15040,0,0
123,15041,0,0
123,15042,0,0
123,15043,0,0
123,15044,0,0
123,15045,0,0
123,15046,0,0
123,15047,0,0
123,15048,0,0
123,15049,0,0
123,15050,0,0
123,15051,0,0
123,15052,0,0
123,15053,0,0
123,15054,0,0
123,15055,0,0
123,15056,0,0
123,15057,0,0
123,15058,0,0
123,15059,0,0
123,15060,0,0
123,15061,0,0
123,15062,0,0
123,15063,0,0
123,15064,0,0
123,15065,0,0
123,15066,0,0
123,15067,0,0
123,15068,0,0
123,15069,0,0
123,15070,0,0
123,15071,0,0
123,15072,0,0
123,15073,0,0
123,15074,0,0
123,15075,0,0
123,15076,0,0
123,15077,0,0
123,15078,0,0
123,15079,0,0
123,15080,0,0
123,15081,0,0
123,15082,0,0
123,15083,0,0
123,15084,0,0
123,15085,0,0
123,15086,0,0
123,15087,0,0
123,15088,0,0
123,15089,0,0
123,15090,0,0
123,15091,0,0
123,15092,0,0
123,15093,0,0
123,15094,0,0
123,15095,0,0
123,15096,0,0
123,15097,0,0
123,15098,0,0
123,15099,0,0
123,15100,0,0
123,15101,0,0
123,15102,0,0
123,15103,0,0
123,15104,0,0
123,15105,0,0
123,15106,0,0
123,15107,0,0
123,15108,0,0
123,15109,0,0
123,15110,0,0
123,15111,0,0
123,15112,0,0
123,15113,0,0
123,15114,0,0
123,15115,0,0
123,15116,0,0
123,15117,0,0
123,15118,0,0
123,15119,0,0
123,15120,0,0
123,15121,0,0
123,15122,0,0
123,15123,0,0
123,15124,0,0
123,15125,0,0
123,15126,0,0
123,15127,0,0
123,15128,0,0
123,15129,0,0
123,15130,0,0
123,15131,0,0
123,15132,0,0
123,15133,0,0
123,15134,0,0
123,15135,0,0
123,15136,0,0
123,15137,0,0
123,15138,0,0
123,15139,0,0
123,15140,0,0
123,15141,0,0
123,15142,0,0
123,15143,0,0
123,15144,0,0
123,15145,0,0
123,15146,0,0
123,15147,0,0
123,15148,0,0
123,15149,0,0
123,15150,0,0
123,15151,0,0
123,15152,0,0
123,15153,0,0
123,15154,0,0
123,15155,0,0
123,15156,0,0
123,15157,0,0
123,15158,0,0
123,15159,0,0
123,15160,0,0
123,15161,0,0
123,15162,0,0
123,15163,0,0
123,15164,0,0
123,15165,0,0
123,15166,0,0
123,15167,0,0
123,15168,0,0
123,15169,0,0
123,15170,0,0
123,15171,0,0
123,15172,0,0
123,15173,0,0
123,15174,0,0
123,15175,0,0
123,15176,0,0
123,15177,0,0
123,15178,0,0
123,15179,0,0
123,15180,0,0
123,15181,0,0
123,15182,0,0
123,15183,0,0
123,15184,0,0
123,15185,0,0
123,15186,0,0
123,15187,0,0
123,15188,0,0
123,15189,0,0
123,15190,0,0
123,15191,0,0
123,15192,0,0
123,15193,0,0
123,15194,0,0
123,15195,0,0
123,15196,0,0
123,15197,0,0
123,15198,0,0
123,15199,0,0
123,15200,0,0
123,15201,0,0
123,15202,0,0
123,15203,0,0
123,15204,0,0
123,15205,0,0
123,15206,0,0
123,15207,0,0
123,15208,0,0
123,15209,0,0
123,15210,0,0
123,15211,0,0
123,15212,0,0
123,15213,0,0
123,15214,0,0
123,15215,0,0
123,15216,0,0
123,15217,0,0
123,15218,0,0
123,15219,0,0
123,15220,0,0
123,15221,0,0
123,15222,0,0
123,15223,0,0
123,15224,0,0
123,15225,0,0
123,15226,0,0
123,15227,0,0
123,15228,0,0
123,15229,0,0
123,15230,0,0
123,15231,0,0
123,15232,0,0
123,15233,0,0
123,15234,0,0
123,15235,0,0
123,15236,0,0
123,15237,0,0
123,15238,0,0
123,15239,0,0
123,15240,0,0
123,15241,0,0
123,15242,0,0
123,15243,0,0
123,15244,0,0
123,15245,0,0
123,15246,0,0
123,15247,0,0
123,15248,0,0
123,15249,0,0
123,15250,0,0
123,15251,0,0
123,15252,0,0
123,15253,0,0
123,15254,0,0
123,15255,0,0
123,15256,0,0
123,15257,0,0
123,15258,0,0
123,15259,0,0
123,15260,0,0
123,15261,0,0
123,15262,0,0
123,15263,0,0
123,15264,0,0
123,15265,0,0
123,15266,0,0
123,15267,0,0
123,15268,0,0
123,15269,0,0
123,15270,0,0
123,15271,0,0
123,15272,0,0
123,15273,0,0
123,15274,0,0
123,15275,0,0
123,15276,0,0
123,15277,0,0
123,15278,0,0
123,15279,0,0
123,15280,0,0
123,15281,0,0
123,15282,0,0
123,15283,0,0
123,15284,0,0
123,15285,0,0
123,15286,0,0
123,15287,0,0
123,15288,0,0
123,15289,0,0
123,15290,0,0
123,15291,0,0
123,15292,0,0
123,15293,0,0
123,15294,0,0
123,15295,0,0
123,15296,0,0
123,15297,0,0
123,15298,0,0
123,15299,0,0
123,15300,0,0
123,15301,0,0
123,15302,0,0
123,15303,0,0
123,15304,0,0
123,15305,0,0
123,15306,0,0
123,15307,0,0
123,15308,0,0
123,15309,0,0
123,15310,0,0
123,15311,0,0
123,15312,0,0
123,15313,0,0
123,15314,0,0
123,15315,0,0
123,15316,0,0
123,15317,0,0
123,15318,0,0
123,15319,0,0
123,15320,0,0
123,15321,0,0
123,15322,0,0
123,15323,0,0
123,15324,0,0
123,15325,0,0
123,15326,0,0
123,15327,0,0
123,15328,0,0
123,15329,0,0
123,15330,0,0
123,15331,0,0
123,15332,0,0
123,15333,0,0
123,15334,0,0
123,15335,0,0
123,15336,0,0
123,15337,0,0
123,15338,0,0
123,15339,0,0
123,15340,0,0
123,15341,0,0
123,15342,0,0
123,15343,0,0
123,15344,0,0
123,15345,0,0
123,15346,0,0
123,15347,0,0
123,15348,0,0
123,15349,0,0
123,15350,0,0
123,15351,0,0
123,15352,0,0
123,15353,0,0
123,15354,0,0
123,15355,0,0
123,15356,0,0
123,15357,0,0
123,15358,0,0
123,15359,0,1
123,15360,0,0
123,15361,0,0
123,15362,0,0
123,15363,0,0
123,15364,0,0
123,15365,0,0
123,15366,0,0
123,15367,0,0
123,15368,0,0
123,15369,0,0
123,15370,0,0
123,15371,0,0
123,15372,0,0
123,15373,0,0
123,15374,0,0
123,15375,0,0
123,15376,0,0
123,15377,0,0
123,15378,0,0
123,15379,0,0
123,15380,0,0
123,15381,0,0
123,15382,0,0
123,15383,0,0
123,15384,0,0
123,15385,0,0
123,15386,0,0
123,15387,0,0
123,15388,0,0
123,15389,0,0
123,15390,0,0
123,15391,0,0
123,15392,0,0
123,15393,0,0
123,15394,0,0
123,15395,0,0
123,15396,0,0
123,15397,0,0
123,15398,0,0
123,15399,0,0
123,15400,0,0
123,15401,0,0
123,15402,0,0
123,15403,0,0
123,15404,0,0
123,15405,0,0
123,15406,0,0
123,15407,0,0
123,15408,0,0
123,15409,0,0
123,15410,0,0
123,15411,0,0
123,15412,0,0
123,15413,0,0
123,15414,0,0
123,15415,0,0
123,15416,0,0
123,15417,0,0
123,15418,0,0
123,15419,0,0
123,15420,0,0
123,15421,0,0
123,15422,0,0
123,15423,0,0
123,15424,0,0
123,15425,0,0
123,15426,0,0
123,15427,0,0
123,15428,0,0
123,15429,0,0
123,15430,0,0
123,15431,0,0
123,15432,0,0
123,15433,0,0
123,15434,0,0
123,15435,0,0
123,15436,0,0
123,15437,0,0
123,15438,0,0
123,15439,0,0
123,15440,0,0
123,15441,0,0
123,15442,0,0
123,15443,0,0
123,15444,0,0
123,15445,0,0
123,15446,0,0
123,15447,0,0
123,15448,0,0
123,15449,0,0
123,15450,0,0
123,15451,0,0
123,15452,0,0
123,15453,0,0
123,15454,0,0
123,15455,0,0
123,15456,0,0
123,15457,0,0
123,15458,0,0
123,15459,0,0
123,15460,0,0
123,15461,0,0
123,15462,0,0
123,15463,0,0
123,15464,0,0
123,15465,0,0
123,15466,0,0
123,15467,0,0
123,15468,0,0
123,15469,0,0
123,15470,0,0
123,15471,0,0
123,15472,0,0
123,15473,0,0
123,15474,0,0
123,15475,0,0
123,15476,0,0
123,15477,0,0
123,15478,0,0
123,15479,0,0
123,15480,0,0
123,15481,0,0
123,15482,0,0
123,15483,0,0
123,15484,0,0
123,15485,0,0
123,15486,0,0
123,15487,0,0
123,15488,0,0
123,15489,0,0
123,15490,0,0
123,15491,0,0
123,15492,0,0
123,15493,0,0
123,15494,0,0
123,15495,0,0
123,15496,0,0
123,15497,0,0
123,15498,0,0
123,15499,0,0
123,15500,0,0
123,15501,0,0
123,15502,0,0
123,15503,0,0
123,15504,0,0
123,15505,0,0
123,15506,2,2
123,15507,0,0
123,15508,0,0
123,15509,0,0
123,15510,0,0
123,15511,0,0
123,15512,0,0
123,15513,0,0
123,15514,0,0
123,15515,0,0
123,15516,0,0
123,15517,0,0
123,15518,0,0
123,15519,0,0
123,15520,0,0
123,15521,0,0
123,15522,0,0
123,15523,0,0
123,15524,0,0
123,15525,0,0
123,15526,0,0
123,15527,0,0
123,15528,0,0
123,15529,0,0
123,15530,0,0
123,15531,0,0
123,15532,0,0
123,15533,0,0
123,15534,0,0
123,15535,0,0
123,15536,0,0
123,15537,0,0
123,15538,0,0
123,15539,0,0
123,15540,0,0
123,15541,0,0
123,15542,0,0
123,15543,0,0
123,15544,0,0
123,15545,0,0
123,15546,0,0
123,15547,0,0
123,15548,0,0
123,15549,0,0
123,15550,0,0
123,15551,0,0
123,15552,0,0
123,15553,0,0
123,15554,0,0
123,15555,0,0
123,15556,0,0
123,15557,0,0
123,15558,0,0
123,15559,0,0
123,15560,0,0
123,15561,0,0
123,15562,0,0
123,15563,0,0
123,15564,0,0
123,15565,0,0
123,15566,0,0
123,15567,0,0
123,15568,0,0
123,15569,0,0
123,15570,0,0
123,15571,0,0
123,15572,0,0
123,15573,0,0
123,15574,0,0
123,15575,0,0
123,15576,0,0
123,15577,0,0
123,15578,0,0
123,15579,0,0
123,15580,0,0
123,15581,0,0
123,15582,0,0
123,15583,0,0
123,15584,0,0
123,15585,0,0
123,15586,0,0
123,15587,0,0
123,15588,0,0
123,15589,0,0
123,15590,0,0
123,15591,0,0
123,15592,0,0
123,15593,0,0
123,15594,0,0
123,15595,0,0
123,15596,0,0
123,15597,0,0
123,15598,0,0
123,15599,0,0
123,15600,0,0
123,15601,0,0
123,15602,0,0
123,15603,0,0
123,15604,0,0
123,15605,0,0
123,15606,0,0
123,15607,0,0
123,15608,0,0
123,15609,0,0
123,15610,0,0
123,15611,0,0
123,15612,0,0
123,15613,0,0
123,15614,0,0
123,15615,0,0
123,15616,0,0
123,15617,0,0
123,15618,0,0
123,15619,0,0
123,15620,0,0
123,15621,0,0
123,15622,0,0
123,15623,0,0
123,15624,0,0
123,15625,0,0
123,15626,0,0
123,15627,0,0
123,15628,0,0
123,15629,0,0
123,15630,0,0
123,15631,0,0
123,15632,2,2
123,15633,0,0
123,15634,0,0
123,15635,0,0
123,15636,0,0
123,15637,0,0
123,15638,0,0
123,15639,0,0
123,15640,0,0
123,15641,0,0
123,15642,0,0
123,15643,0,0
123,15644,0,0
123,15645,0,0
123,15646,0,0
123,15647,0,0
123,15648,0,0
123,15649,0,0
123,15650,0,0
123,15651,0,0
123,15652,0,0
123,15653,0,0
123,15654,0,0
123,15655,0,0
123,15656,0,0
123,15657,0,0
123,15658,0,0
123,15659,0,0
123,15660,0,0
123,15661,0,0
123,15662,0,0
123,15663,0,0
123,15664,0,0
123,15665,0,0
123,15666,0,0
123,15667,0,0
123,15668,0,0
123,15669,0,0
123,15670,0,0
123,15671,0,0
123,15672,0,0
123,15673,0,0
123,15674,0,0
123,15675,0,0
123,15676,0,0
123,15677,0,0
123,15678,0,0
123,15679,0,0
123,15680,0,0
123,15681,0,0
123,15682,0,0
123,15683,0,0
123,15684,0,0
123,15685,0,0
123,15686,0,0
123,15687,0,0
123,15688,0,0
123,15689,0,0
123,15690,0,0
123,15691,0,0
123,15692,0,0
123,15693,0,0
123,15694,0,0
123,15695,0,0
123,15696,0,0
123,15697,0,0
123,15698,0,0
123,15699,0,0
123,15700,0,0
123,15701,0,0
123,15702,0,0
123,15703,0,0
123,15704,0,0
123,15705,0,0
123,15706,0,0
123,15707,0,0
123,15708,0,0
123,15709,0,0
123,15710,0,0
123,15711,0,0
123,15712,0,0
123,15713,0,0
123,15714,0,0
123,15715,0,0
123,15716,0,0
123,15717,0,0
123,15718,0,0
123,15719,0,0
123,15720,0,0
123,15721,0,0
123,15722,0,0
123,15723,0,0
123,15724,0,0
123,15725,0,0
123,15726,0,0
123,15727,0,0
123,15728,0,0
123,15729,0,0
123,15730,0,0
123,15731,0,0
123,15732,0,0
123,15733,0,0
123,15734,0,0
123,15735,0,0
123,15736,0,0
123,15737,0,0
123,15738,0,0
123,15739,0,0
123,15740,0,0
123,15741,0,0
123,15742,0,0
123,15743,0,0
123,15744,0,0
123,15745,0,0
123,15746,0,0
123,15747,0,0
123,15748,0,0
123,15749,0,0
123,15750,0,0
123,15751,0,0
200,15752,2,2
200,15753,0,0
200,15754,2,2
200,15755,0,0
200,15756,2,2
200,15757,0,0
200,15758,2,2
200,15759,0,0
200,15760,2,2
200,15761,0,0
200,15762,2,2
200,15763,0,0
200,15764,2,2
200,15765,0,0
200,15766,2,2
200,15767,0,0
200,15768,0,0
200,15769,0,0
200,15770,0,0
200,15771,0,0
200,15772,0,0
200,15773,0,0
200,15774,0,0
200,15775,0,0
200,15776,0,0
200,15777,0,0
200,15778,2,2
200,15779,0,0
200,15780,2,2
200,15781,0,0
200,15782,2,2
200,15783,2,2
200,15784,0,0
200,15785,2,2
200,15786,0,0
200,15787,2,2
200,15788,2,2
200,15789,0,0
200,15790,2,2
200,15791,0,0
200,15792,0,0
200,15793,0,0
200,15794,0,0
200,15795,0,0
200,15796,0,0
200,15797,0,0
200,15798,0,0
200,15799,0,0
200,15800,0,2
200,15801,0,0
200,15802,2,2
200,15803,0,0
200,15804,2,2
200,15805,2,2
200,15806,0,0
200,15807,2,2
200,15808,0,0
200,15809,0,0
200,15810,2,2
200,15811,0,0
200,15812,2,2
200,15813,0,0
200,15814,2,2
200,15815,0,0
200,15816,0,0
200,15817,2,2
200,15818,0,0
200,15819,2,2
200,15820,0,0
200,15821,2,2
200,15822,0,0
200,15823,2,2
200,15824,0,0
200,15825,2,2
200,15826,0,0
200,15827,0,0
200,15828,2,2
200,15829,0,0
200,15830,2,2
200,15831,0,0
200,15832,2,2
200,15833,0,0
200,15834,2,2
200,15835,0,0
200,15836,2,2
200,15837,0,0
200,15838,2,2
200,15839,0,0
200,15840,2,2
200,15841,0,0
200,15842,0,0
200,15843,0,0
200,15844,0,0
200,15845,0,0
200,15846,0,0
200,15847,0,0
200,15848,0,0
200,15849,0,0
200,15850,0,0
200,15851,0,0
200,15852,0,0
200,15853,2,2
200,15854,0,0
200,15855,2,2
200,15856,2,3
200,15857,0,0
200,15858,2,2
200,15859,0,0
200,15860,2,2
200,15861,0,0
200,15862,2,2
200,15863,0,0
200,15864,2,2
200,15865,0,0
200,15866,2,2
200,15867,0,0
200,15868,2,2
200,15869,0,0
200,15870,0,0
200,15871,0,0
200,15872,2,0
200,15873,0,0
200,15874,2,2
200,15875,0,0
200,15876,2,2
200,15877,0,0
200,15878,2,2
200,15879,0,0
200,15880,2,2
200,15881,0,0
200,15882,2,2
200,15883,0,0
200,15884,0,0
200,15885,0,0
200,15886,0,0
200,15887,0,0
200,15888,0,0
200,15889,0,0
200,15890,0,0
200,15891,0,0
200,15892,0,0
200,15893,0,0
200,15894,2,2
200,15895,0,0
200,15896,2,2
200,15897,0,0
200,15898,2,2
200,15899,0,0
200,15900,2,2
200,15901,0,0
200,15902,2,2
200,15903,0,0
200,15904,2,2
200,15905,0,0
200,15906,2,2
200,15907,2,0
200,15908,2,2
200,15909,0,0
200,15910,2,2
200,15911,0,0
200,15912,2,2
200,15913,0,0
200,15914,2,2
200,15915,0,0
200,15916,2,2
200,15917,0,0
200,15918,0,0
200,15919,2,2
200,15920,0,0
200,15921,2,2
200,15922,0,0
200,15923,2,2
200,15924,0,2
200,15925,2,2
200,15926,0,0
200,15927,2,2
200,15928,0,0
200,15929,2,2
200,15930,0,0
200,15931,2,2
200,15932,0,0
200,15933,2,2
200,15934,0,0
200,15935,0,0
200,15936,2,2
200,15937,0,0
200,15938,2,2
200,15939,0,0
200,15940,2,2
200,15941,0,0
200,15942,0,0
200,15943,0,0
200,15944,0,0
200,15945,0,0
200,15946,0,0
200,15947,0,0
200,15948,0,0
200,15949,0,0
200,15950,0,0
200,15951,0,0
200,15952,0,0
200,15953,0,0
200,15954,0,0
200,15955,0,0
200,15956,0,0
200,15957,0,0
200,15958,0,0
200,15959,0,0
200,15960,0,0
200,15961,0,0
200,15962,0,0
200,15963,0,0
200,15964,0,0
200,15965,0,0
200,15966,0,0
200,15967,0,0
200,15968,0,0
200,15969,0,0
200,15970,0,0
200,15971,0,0
200,15972,0,0
200,15973,0,0
200,15974,0,0
200,15975,0,0
200,15976,0,0
200,15977,0,0
200,15978,0,0
200,15979,0,0
200,15980,0,0
200,15981,0,0
200,15982,0,2
200,15983,0,0
200,15984,0,0
200,15985,0,0
200,15986,0,0
200,15987,0,0
200,15988,0,0
200,15989,0,0
200,15990,0,0
200,15991,0,0
200,15992,0,0
200,15993,0,0
200,15994,0,0
200,15995,0,0
200,15996,0,0
200,15997,0,0
200,15998,0,0
200,15999,0,0
200,16000,2,0
200,16001,2,2
200,16002,0,0
200,16003,2,2
200,16004,2,2
200,16005,0,0
200,16006,2,2
200,16007,0,0
200,16008,2,2
200,16009,0,0
200,16010,2,2
200,16011,0,0
200,16012,2,2
200,16013,0,0
200,16014,2,2
200,16015,0,0
200,16016,2,2
200,16017,0,0
200,16018,2,2
200,16019,0,0
200,16020,2,2
200,16021,0,0
200,16022,2,2
200,16023,0,0
200,16024,2,2
200,16025,0,0
200,16026,2,2
200,16027,0,0
200,16028,2,2
200,16029,0,0
200,16030,2,2
200,16031,0,0
200,16032,2,2
200,16033,0,0
200,16034,2,2
200,16035,0,0
200,16036,2,2
200,16037,0,0
200,16038,2,2
200,16039,0,0
200,16040,2,2
200,16041,0,0
200,16042,2,2
200,16043,0,0
200,16044,0,0
200,16045,0,0
200,16046,0,0
200,16047,1,0
200,16048,0,0
200,16049,0,0
200,16050,0,0
200,16051,0,0
200,16052,0,0
200,16053,0,0
200,16054,0,0
200,16055,2,2
200,16056,0,0
200,16057,2,2
200,16058,0,0
200,16059,2,2
200,16060,0,0
200,16061,2,2
200,16062,0,0
200,16063,2,2
200,16064,0,0
200,16065,0,0
200,16066,0,0
200,16067,2,2
200,16068,0,0
200,16069,2,2
200,16070,0,0
200,16071,2,2
200,16072,0,0
200,16073,2,2
200,16074,0,0
200,16075,2,2
200,16076,2,0
200,16077,0,0
200,16078,2,2
200,16079,0,0
200,16080,0,0
200,16081,0,0
200,16082,0,0
200,16083,0,0
200,16084,0,0
200,16085,0,0
200,16086,0,0
200,16087,0,0
200,16088,0,0
200,16089,1,0
200,16090,0,0
200,16091,0,1
200,16092,0,0
200,16093,0,0
200,16094,0,0
200,16095,2,0
200,16096,0,0
200,16097,2,2
200,16098,0,0
200,16099,0,0
200,16100,0,0
200,16101,0,0
200,16102,0,0
200,16103,0,0
200,16104,0,0
200,16105,0,0
200,16106,0,0
200,16107,0,0
200,16108,0,0
200,16109,0,0
200,16110,0,0
200,16111,0,0
200,16112,0,0
200,16113,0,0
200,16114,0,0
200,16115,0,0
200,16116,0,1
200,16117,2,2
200,16118,0,0
200,16119,0,0
200,16120,0,0
200,16121,2,2
200,16122,0,1
200,16123,2,2
200,16124,0,0
200,16125,0,0
200,16126,0,0
200,16127,0,0
200,16128,0,0
200,16129,2,2
200,16130,0,0
200,16131,0,0
200,16132,0,0
200,16133,2,0
200,16134,0,0
200,16135,2,2
200,16136,0,0
200,16137,0,0
200,16138,0,0
200,16139,0,0
200,16140,0,0
200,16141,0,0
200,16142,0,0
200,16143,2,2
200,16144,2,2
200,16145,0,0
200,16146,0,0
200,16147,0,0
200,16148,0,0
200,16149,2,0
200,16150,0,0
200,16151,0,0
200,16152,0,0
200,16153,2,2
200,16154,0,0
200,16155,2,2
200,16156,0,0
200,16157,0,0
200,16158,0,0
200,16159,0,1
200,16160,0,0
200,16161,0,0
200,16162,0,0
200,16163,0,0
200,16164,0,0
200,16165,0,0
200,16166,0,0
200,16167,2,2
200,16168,0,0
200,16169,2,2
200,16170,0,0
200,16171,0,0
200,16172,0,0
200,16173,0,0
200,16174,0,0
200,16175,2,2
200,16176,0,0
200,16177,2,0
200,16178,0,0
200,16179,0,1
200,16180,0,1
200,16181,0,0
200,16182,0,0
200,16183,0,0
200,16184,0,0
200,16185,0,0
200,16186,0,1
200,16187,2,2
200,16188,0,0
200,16189,0,0
200,16190,0,0
200,16191,0,0
200,16192,0,0
200,16193,2,2
200,16194,0,0
200,16195,0,0
200,16196,0,0
200,16197,2,2
200,16198,0,0
200,16199,2,2
200,16200,0,0
200,16201,0,0
200,16202,0,0
200,16203,0,0
200,16204,0,0
200,16205,0,0
200,16206,0,0
200,16207,2,2
200,16208,0,0
200,16209,2,2
200,16210,0,0
200,16211,2,2
200,16212,0,0
200,16213,2,2
200,16214,0,1
200,16215,0,0
200,16216,0,0
200,16217,2,2
200,16218,0,0
200,16219,0,0
200,16220,0,0
200,16221,2,2
200,16222,0,0
200,16223,2,2
200,16224,0,0
200,16225,2,2
200,16226,0,0
200,16227,2,2
200,16228,0,0
200,16229,0,0
200,16230,0,0
200,16231,2,2
200,16232,0,0
200,16233,2,2
200,16234,0,0
200,16235,0,0
200,16236,0,0
200,16237,0,0
200,16238,0,0
200,16239,2,2
200,16240,0,0
200,16241,2,2
200,16242,0,0
200,16243,0,0
200,16244,0,0
200,16245,2,2
200,16246,0,0
200,16247,2,2
200,16248,0,0
200,16249,0,0
200,16250,0,0
200,16251,0,0
200,16252,0,0
200,16253,2,2
200,16254,0,0
200,16255,0,0
200,16256,0,0
200,16257,0,0
200,16258,0,0
200,16259,2,2
200,16260,0,0
200,16261,2,2
200,16262,0,0
200,16263,0,0
200,16264,0,0
200,16265,0,0
200,16266,0,0
200,16267,0,0
200,16268,0,0
200,16269,2,3
200,16270,0,0
200,16271,2,2
200,16272,0,0
200,16273,2,2
200,16274,0,0
200,16275,2,2
200,16276,0,0
200,16277,0,0
200,16278,0,0
200,16279,0,0
200,16280,0,0
200,16281,0,0
200,16282,0,0
200,16283,0,0
200,16284,0,0
200,16285,0,0
200,16286,0,0
200,16287,2,2
200,16288,0,0
200,16289,2,2
200,16290,0,0
200,16291,0,0
200,16292,0,0
200,16293,0,0
200,16294,0,0
200,16295,0,0
200,16296,2,0
200,16297,0,0
200,16298,2,2
200,16299,0,0
200,16300,0,0
200,16301,0,0
200,16302,0,0
200,16303,0,0
200,16304,0,2
200,16305,0,0
200,16306,0,0
200,16307,0,0
200,16308,0,0
200,16309,0,0
200,16310,0,0
200,16311,0,0
200,16312,0,0
200,16313,0,0
200,16314,0,0
200,16315,0,0
200,16316,0,0
200,16317,0,0
200,16318,0,0
200,16319,0,0
200,16320,0,0
200,16321,0,0
200,16322,0,0
200,16323,0,0
200,16324,0,0
200,16325,0,0
200,16326,0,0
200,16327,0,0
200,16328,0,0
200,16329,0,0
200,16330,2,0
200,16331,0,0
200,16332,2,2
200,16333,0,0
200,16334,2,2
200,16335,0,0
200,16336,2,2
200,16337,0,0
200,16338,2,2
200,16339,0,0
200,16340,2,2
200,16341,2,0
200,16342,0,0
200,16343,2,0
200,16344,0,0
200,16345,0,0
200,16346,0,0
200,16347,0,0
200,16348,0,0
200,16349,0,0
200,16350,2,0
200,16351,0,0
200,16352,2,2
200,16353,0,0
200,16354,2,2
200,16355,0,0
200,16356,2,2
200,16357,0,0
200,16358,0,0
200,16359,0,0
200,16360,0,0
200,16361,0,0
200,16362,0,0
200,16363,0,0
200,16364,0,0
200,16365,0,0
200,16366,0,0
200,16367,0,0
200,16368,0,0
200,16369,0,0
200,16370,0,0
200,16371,0,0
200,16372,0,0
200,16373,0,2
200,16374,0,2
200,16375,0,0
200,16376,0,0
200,16377,0,0
200,16378,1,0
200,16379,0,0
200,16380,2,2
200,16381,0,0
200,16382,2,2
200,16383,0,0
200,16384,2,2
200,16385,0,0
200,16386,2,2
200,16387,0,0
200,16388,2,2
200,16389,0,0
200,16390,2,2
200,16391,0,0
200,16392,2,2
200,16393,0,0
200,16394,2,2
200,16395,0,0
200,16396,2,2
200,16397,0,0
200,16398,2,2
200,16399,0,0
200,16400,2,2
200,16401,0,0
200,16402,2,2
200,16403,0,3
200,16404,2,3
200,16405,0,0
200,16406,0,0
200,16407,1,0
200,16408,2,2
200,16409,0,0
200,16410,2,2
200,16411,0,0
200,16412,0,0
200,16413,0,0
200,16414,0,0
200,16415,0,0
200,16416,0,0
200,16417,0,0
200,16418,0,0
200,16419,2,2
200,16420,0,0
200,16421,2,2
200,16422,0,0
200,16423,2,2
200,16424,0,0
200,16425,2,2
200,16426,0,0
200,16427,2,2
200,16428,0,0
200,16429,0,0
200,16430,0,0
200,16431,0,0
200,16432,0,0
200,16433,0,0
200,16434,2,2
200,16435,0,0
200,16436,2,2
200,16437,0,0
200,16438,2,2
200,16439,0,0
200,16440,2,2
200,16441,2,0
200,16442,0,0
200,16443,2,0
200,16444,0,0
200,16445,0,0
200,16446,0,0
200,16447,0,0
200,16448,0,0
200,16449,0,2
200,16450,0,0
200,16451,0,0
200,16452,0,0
200,16453,2,2
200,16454,0,0
200,16455,2,2
200,16456,0,0
200,16457,2,2
200,16458,0,0
200,16459,2,2
200,16460,0,0
200,16461,2,2
200,16462,0,0
200,16463,2,2
200,16464,0,0
200,16465,2,2
200,16466,0,0
200,16467,0,0
200,16468,0,0
200,16469,0,0
200,16470,0,0
200,16471,0,2
200,16472,0,0
200,16473,0,0
200,16474,2,2
200,16475,0,0
200,16476,0,0
200,16477,2,2
200,16478,0,0
200,16479,0,0
200,16480,0,0
200,16481,2,2
200,16482,0,0
200,16483,2,2
200,16484,0,0
200,16485,2,2
200,16486,0,0
200,16487,2,2
200,16488,0,0
200,16489,2,2
200,16490,0,0
200,16491,2,2
200,16492,0,0
200,16493,0,0
200,16494,2,2
200,16495,0,0
200,16496,2,2
200,16497,0,0
200,16498,2,2
200,16499,0,0
200,16500,2,2
200,16501,0,0
200,16502,2,2
200,16503,0,0
200,16504,0,0
200,16505,0,0
200,16506,0,0
200,16507,0,0
200,16508,0,0
200,16509,1,0
200,16510,0,0
200,16511,2,2
200,16512,0,0
200,16513,2,2
200,16514,0,0
200,16515,2,2
200,16516,0,0
200,16517,0,0
200,16518,0,0
200,16519,0,0
200,16520,0,0
200,16521,0,0
200,16522,0,0
200,16523,0,0
200,16524,0,0
200,16525,0,0
200,16526,0,0
200,16527,0,0
200,16528,0,0
200,16529,0,0
200,16530,0,0
200,16531,0,0
200,16532,0,0
200,16533,0,0
200,16534,0,0
200,16535,0,0
200,16536,0,0
200,16537,0,0
200,16538,0,0
200,16539,0,0
200,16540,0,0
200,16541,0,0
200,16542,0,0
200,16543,0,0
200,16544,0,0
200,16545,0,0
200,16546,0,0
200,16547,0,0
200,16548,0,0
200,16549,0,0
200,16550,0,0
200,16551,0,0
200,16552,0,0
200,16553,0,0
200,16554,0,0
200,16555,0,0
200,16556,0,0
200,16557,0,0
200,16558,0,0
200,16559,0,0
200,16560,0,0
200,16561,0,0
200,16562,0,0
200,16563,0,0
200,16564,0,0
200,16565,0,0
200,16566,0,0
200,16567,0,0
200,16568,2,2
200,16569,0,0
200,16570,2,2
200,16571,0,0
200,16572,2,2
200,16573,0,0
200,16574,2,2
200,16575,0,0
200,16576,2,2
200,16577,0,0
200,16578,2,2
200,16579,0,0
200,16580,2,2
200,16581,0,0
200,16582,2,2
200,16583,0,0
200,16584,2,2
200,16585,0,0
200,16586,2,2
200,16587,0,0
200,16588,2,2
200,16589,2,2
200,16590,0,0
200,16591,2,2
200,16592,0,0
200,16593,2,2
200,16594,0,0
200,16595,2,2
200,16596,0,0
200,16597,2,2
200,16598,0,0
200,16599,2,2
200,16600,0,0
200,16601,2,2
200,16602,0,0
200,16603,2,2
200,16604,0,0
200,16605,2,2
200,16606,0,0
200,16607,2,2
200,16608,0,0
200,16609,2,2
200,16610,0,0
200,16611,2,2
200,16612,0,0
200,16613,2,2
200,16614,0,0
200,16615,2,2
200,16616,0,0
200,16617,2,2
200,16618,0,0
200,16619,2,2
200,16620,0,0
200,16621,2,2
200,16622,0,0
200,16623,2,2
200,16624,2,2
200,16625,0,0
200,16626,2,0
200,16627,2,0
200,16628,0,0
200,16629,2,2
200,16630,0,0
200,16631,0,0
200,16632,3,3
200,16633,0,0
200,16634,2,2
200,16635,0,0
200,16636,2,2
200,16637,0,0
200,16638,2,2
200,16639,0,0
200,16640,2,2
200,16641,0,0
200,16642,2,2
200,16643,0,0
200,16644,2,2
200,16645,0,0
200,16646,0,0
200,16647,0,0
200,16648,0,0
200,16649,0,0
200,16650,0,0
200,16651,0,0
200,16652,0,0
200,16653,0,0
200,16654,0,0
200,16655,0,0
200,16656,0,0
200,16657,0,1
200,16658,0,0
200,16659,0,0
200,16660,1,0
200,16661,0,0
200,16662,2,2
200,16663,0,0
200,16664,2,2
200,16665,2,2
200,16666,2,2
200,16667,0,0
200,16668,2,2
200,16669,0,0
200,16670,2,2
200,16671,0,0
200,16672,0,0
200,16673,0,1
200,16674,0,0
200,16675,0,0
200,16676,0,0
200,16677,0,2
200,16678,0,0
200,16679,0,0
200,16680,2,2
200,16681,0,0
200,16682,2,2
200,16683,0,0
200,16684,2,2
200,16685,0,0
200,16686,2,2
200,16687,0,0
200,16688,0,1
200,16689,0,0
200,16690,2,2
200,16691,0,0
200,16692,2,2
200,16693,0,0
200,16694,2,2
200,16695,2,0
200,16696,0,0
200,16697,2,2
200,16698,0,0
200,16699,0,0
200,16700,0,1
200,16701,2,2
200,16702,0,0
200,16703,2,2
200,16704,0,0
200,16705,0,0
200,16706,0,0
200,16707,2,2
200,16708,0,0
200,16709,2,2
200,16710,0,0
200,16711,0,0
200,16712,0,0
200,16713,2,2
200,16714,2,0
200,16715,0,0
200,16716,0,0
200,16717,0,0
200,16718,2,2
200,16719,0,0
200,16720,2,2
200,16721,0,0
200,16722,0,2
200,16723,0,0
200,16724,2,2
200,16725,0,0
200,16726,0,0
200,16727,0,0
200,16728,2,2
200,16729,0,0
200,16730,0,1
200,16731,0,0
200,16732,2,2
200,16733,0,0
200,16734,2,2
200,16735,0,0
200,16736,0,0
200,16737,0,0
200,16738,2,2
200,16739,0,0
200,16740,2,2
200,16741,0,0
200,16742,0,0
200,16743,0,0
200,16744,2,2
200,16745,0,0
200,16746,2,2
200,16747,0,0
200,16748,0,0
200,16749,0,0
200,16750,2,2
200,16751,0,0
200,16752,2,2
200,16753,0,0
200,16754,0,0
200,16755,0,0
200,16756,2,2
200,16757,0,2
200,16758,2,2
200,16759,0,0
200,16760,0,1
200,16761,0,0
200,16762,0,0
200,16763,0,2
200,16764,0,0
200,16765,0,0
200,16766,0,0
200,16767,0,0
200,16768,2,2
200,16769,0,0
200,16770,2,2
200,16771,0,0
200,16772,0,0
200,16773,0,0
200,16774,0,0
200,16775,0,0
200,16776,0,0
200,16777,0,0
200,16778,0,0
200,16779,0,0
200,16780,0,0
200,16781,0,0
200,16782,0,0
200,16783,1,0
200,16784,0,0
200,16785,2,2
200,16786,0,0
200,16787,2,2
200,16788,0,0
200,16789,2,2
200,16790,0,0
200,16791,0,0
200,16792,0,0
200,16793,2,2
200,16794,0,0
200,16795,2,2
200,16796,0,0
200,16797,2,2
200,16798,0,0
200,16799,0,0
200,16800,0,0
200,16801,2,2
200,16802,0,0
200,16803,2,2
200,16804,0,0
200,16805,0,0
200,16806,0,0
200,16807,1,0
200,16808,0,0
200,16809,2,2
200,16810,0,0
200,16811,2,2
200,16812,0,0
200,16813,0,0
200,16814,0,0
200,16815,0,0
200,16816,0,0
200,16817,2,2
200,16818,0,0
200,16819,2,2
200,16820,0,0
200,16821,0,0
200,16822,0,0
200,16823,0,0
200,16824,0,0
200,16825,0,0
200,16826,0,0
200,16827,0,0
200,16828,0,0
200,16829,0,0
200,16830,0,0
200,16831,0,0
200,16832,0,0
200,16833,2,2
200,16834,0,0
200,16835,2,2
200,16836,0,0
200,16837,2,2
200,16838,0,0
200,16839,1,0
200,16840,0,0
200,16841,2,2
200,16842,0,0
200,16843,2,2
200,16844,0,0
200,16845,2,2
200,16846,0,0
200,16847,2,2
200,16848,0,0
200,16849,0,0
200,16850,0,0
200,16851,0,0
200,16852,0,0
200,16853,0,0
200,16854,0,0
200,16855,0,0
200,16856,0,0
200,16857,0,0
200,16858,0,0
200,16859,0,0
200,16860,0,0
200,16861,0,0
200,16862,0,0
200,16863,0,0
200,16864,0,0
200,16865,0,0
200,16866,0,0
200,16867,0,0
200,16868,0,1
200,16869,0,0
200,16870,0,0
200,16871,0,0
200,16872,0,0
200,16873,0,0
200,16874,1,0
200,16875,0,0
200,16876,0,0
200,16877,0,0
200,16878,0,0
200,16879,0,0
200,16880,0,0
200,16881,0,0
200,16882,0,0
200,16883,0,0
200,16884,0,0
200,16885,0,0
200,16886,0,0
200,16887,0,0
200,16888,2,2
200,16889,0,0
200,16890,2,2
200,16891,0,0
200,16892,2,2
200,16893,0,0
200,16894,0,0
200,16895,0,0
200,16896,0,0
200,16897,0,0
200,16898,1,0
200,16899,0,0
200,16900,2,2
200,16901,0,0
200,16902,2,2
200,16903,0,0
200,16904,2,2
200,16905,0,0
200,16906,2,2
200,16907,0,0
200,16908,2,2
200,16909,0,0
200,16910,0,1
200,16911,0,0
200,16912,2,2
200,16913,0,0
200,16914,2,2
200,16915,0,0
200,16916,2,2
200,16917,0,0
200,16918,2,2
200,16919,0,0
200,16920,0,0
200,16921,0,0
200,16922,2,2
200,16923,0,0
200,16924,2,2
200,16925,2,0
200,16926,0,0
200,16927,2,2
200,16928,0,0
200,16929,0,0
200,16930,0,0
200,16931,0,0
200,16932,0,0
200,16933,0,0
200,16934,0,0
200,16935,2,2
200,16936,0,0
200,16937,2,2
200,16938,0,0
200,16939,2,2
200,16940,0,0
200,16941,0,0
200,16942,0,0
200,16943,2,2
200,16944,0,0
200,16945,2,2
200,16946,0,0
200,16947,0,0
200,16948,0,1
200,16949,0,0
200,16950,0,0
200,16951,0,0
200,16952,0,0
200,16953,0,0
200,16954,0,0
200,16955,0,0
200,16956,0,0
200,16957,2,2
200,16958,0,0
200,16959,2,2
200,16960,0,0
200,16961,0,0
200,16962,0,0
200,16963,2,2
200,16964,2,2
200,16965,0,0
200,16966,0,0
200,16967,0,0
200,16968,0,0
200,16969,0,0
200,16970,0,0
200,16971,0,0
200,16972,0,0
200,16973,0,0
200,16974,0,1
200,16975,2,2
200,16976,0,0
200,16977,0,0
200,16978,0,0
200,16979,2,2
200,16980,0,0
200,16981,0,0
200,16982,0,0
200,16983,2,2
200,16984,0,0
200,16985,0,0
200,16986,0,0
200,16987,2,2
200,16988,0,0
200,16989,0,0
200,16990,0,0
200,16991,2,2
200,16992,0,0
200,16993,0,0
200,16994,0,0
200,16995,2,2
200,16996,0,0
200,16997,0,0
200,16998,0,0
200,16999,0,0
200,17000,0,0
200,17001,0,0
200,17002,0,0
200,17003,0,0
200,17004,0,0
200,17005,0,0
200,17006,0,0
200,17007,0,0
200,17008,0,0
200,17009,0,0
200,17010,0,0
200,17011,0,0
200,17012,0,1
200,17013,0,0
200,17014,0,0
200,17015,0,0
200,17016,0,0
200,17017,0,0
200,17018,0,1
200,17019,0,0
200,17020,0,0
200,17021,0,0
200,17022,0,0
200,17023,0,0
200,17024,0,0
200,17025,0,0
200,17026,0,0
200,17027,0,0
200,17028,0,0
200,17029,0,0
200,17030,0,0
200,17031,0,0
200,17032,0,0
200,17033,0,0
200,17034,0,0
200,17035,0,0
200,17036,0,0
200,17037,0,0
200,17038,0,0
200,17039,0,0
200,17040,0,0
200,17041,2,2
200,17042,0,0
200,17043,0,0
200,17044,0,0
200,17045,0,0
200,17046,0,0
200,17047,0,2
200,17048,0,0
200,17049,0,0
200,17050,0,0
200,17051,0,0
200,17052,0,0
200,17053,0,0
200,17054,0,0
200,17055,0,0
200,17056,0,0
200,17057,0,0
200,17058,0,0
200,17059,0,0
200,17060,0,0
200,17061,0,0
200,17062,0,0
200,17063,0,0
200,17064,0,0
200,17065,0,0
200,17066,0,0
200,17067,0,0
200,17068,0,0
200,17069,0,0
200,17070,0,0
200,17071,0,0
200,17072,0,0
200,17073,2,2
200,17074,0,0
200,17075,0,0
200,17076,0,0
200,17077,0,0
200,17078,0,0
200,17079,2,2
200,17080,0,0
200,17081,0,0
200,17082,0,0
200,17083,0,0
200,17084,0,0
200,17085,0,0
200,17086,0,0
200,17087,0,0
200,17088,0,0
200,17089,0,0
200,17090,0,0
200,17091,0,0
200,17092,0,0
200,17093,0,0
200,17094,0,0
200,17095,0,0
200,17096,0,0
200,17097,0,0
200,17098,0,0
200,17099,0,0
200,17100,0,0
200,17101,0,2
200,17102,0,0
200,17103,2,2
200,17104,0,0
200,17105,0,0
200,17106,0,0
200,17107,0,0
200,17108,0,0
200,17109,2,2
200,17110,0,0
200,17111,0,0
200,17112,0,0
200,17113,2,2
200,17114,0,0
200,17115,0,0
200,17116,0,0
200,17117,2,2
200,17118,0,0
200,17119,0,0
200,17120,0,0
200,17121,0,0
200,17122,0,0
200,17123,0,0
200,17124,0,0
200,17125,2,2
200,17126,0,0
200,17127,0,0
200,17128,0,0
200,17129,0,0
200,17130,0,0
200,17131,0,0
200,17132,0,0
200,17133,0,0
200,17134,0,0
200,17135,0,0
200,17136,0,0
200,17137,2,2
200,17138,0,0
200,17139,2,2
200,17140,0,0
200,17141,2,2
200,17142,0,0
200,17143,0,0
200,17144,0,0
200,17145,0,0
200,17146,0,0
200,17147,0,0
200,17148,0,0
200,17149,0,0
200,17150,2,2
200,17151,2,2
200,17152,2,2
200,17153,2,2
200,17154,0,0
200,17155,0,0
200,17156,0,0
200,17157,0,0
200,17158,2,2
200,17159,0,0
200,17160,2,2
200,17161,0,0
200,17162,0,0
200,17163,0,0
200,17164,0,0
200,17165,0,0
200,17166,0,0
200,17167,0,0
200,17168,0,0
200,17169,0,0
200,17170,2,2
200,17171,0,0
200,17172,2,2
200,17173,0,0
200,17174,2,2
200,17175,0,0
200,17176,2,2
200,17177,0,0
200,17178,2,2
200,17179,0,0
200,17180,1,0
200,17181,0,0
200,17182,2,2
200,17183,0,2
200,17184,2,2
200,17185,0,0
200,17186,2,2
200,17187,0,0
200,17188,2,2
200,17189,0,0
200,17190,2,2
200,17191,0,0
200,17192,1,0
200,17193,0,0
200,17194,2,2
200,17195,0,0
200,17196,2,2
200,17197,0,0
200,17198,2,2
200,17199,0,0
200,17200,2,2
200,17201,2,0
200,17202,0,0
200,17203,0,0
200,17204,0,0
200,17205,0,0
200,17206,0,0
200,17207,0,0
200,17208,2,2
200,17209,0,0
200,17210,2,2
200,17211,0,0
200,17212,2,2
200,17213,0,0
200,17214,2,2
200,17215,0,0
200,17216,0,0
200,17217,2,2
200,17218,0,3
200,17219,2,2
200,17220,0,0
200,17221,2,2
200,17222,0,0
200,17223,2,2
200,17224,0,0
200,17225,2,2
200,17226,0,0
200,17227,0,0
200,17228,0,0
200,17229,0,0
200,17230,0,0
200,17231,0,0
200,17232,0,0
200,17233,2,2
200,17234,0,0
200,17235,2,2
200,17236,2,2
200,17237,0,0
200,17238,2,2
200,17239,0,0
200,17240,2,2
200,17241,0,0
200,17242,2,2
200,17243,0,0
200,17244,2,2
200,17245,0,0
200,17246,2,2
200,17247,0,0
200,17248,2,2
200,17249,0,0
200,17250,2,2
200,17251,0,0
200,17252,2,2
200,17253,0,0
200,17254,2,2
200,17255,0,0
200,17256,2,2
200,17257,0,0
200,17258,2,2
200,17259,0,0
200,17260,2,2
200,17261,0,0
200,17262,2,2
200,17263,0,0
200,17264,2,2
200,17265,0,0
200,17266,2,2
200,17267,0,0
200,17268,2,2
200,17269,0,0
200,17270,2,2
200,17271,0,0
200,17272,2,2
200,17273,0,0
200,17274,2,2
200,17275,0,0
200,17276,2,2
200,17277,0,0
200,17278,2,2
200,17279,0,0
200,17280,2,2
200,17281,0,0
200,17282,2,2
200,17283,0,0
200,17284,2,2
200,17285,2,2
200,17286,0,0
200,17287,2,2
200,17288,0,0
200,17289,2,2
200,17290,0,0
200,17291,0,0
200,17292,0,0
200,17293,0,0
200,17294,1,0
200,17295,0,0
200,17296,0,0
200,17297,0,0
200,17298,0,0
200,17299,0,0
200,17300,0,0
200,17301,0,0
200,17302,0,0
200,17303,0,2
200,17304,0,0
200,17305,0,0
200,17306,0,0
200,17307,0,0
200,17308,0,0
200,17309,2,2
200,17310,0,0
200,17311,2,2
200,17312,0,0
200,17313,2,2
200,17314,0,0
200,17315,2,2
200,17316,0,0
200,17317,2,2
200,17318,0,0
200,17319,2,2
200,17320,0,0
200,17321,2,2
200,17322,0,0
200,17323,2,2
200,17324,0,0
200,17325,2,2
200,17326,0,0
200,17327,2,2
200,17328,0,0
200,17329,2,2
200,17330,2,0
200,17331,3,0
200,17332,0,0
200,17333,2,2
200,17334,0,0
200,17335,2,2
200,17336,0,0
200,17337,2,2
200,17338,0,0
200,17339,2,2
200,17340,0,0
200,17341,2,2
200,17342,0,0
200,17343,2,2
200,17344,0,0
200,17345,2,2
200,17346,0,0
200,17347,2,2
200,17348,0,0
200,17349,2,2
200,17350,0,0
200,17351,2,2
200,17352,0,0
200,17353,2,2
200,17354,0,0
200,17355,2,2
200,17356,0,0
200,17357,2,2
200,17358,0,0
200,17359,2,2
200,17360,0,2
200,17361,2,2
200,17362,0,0
200,17363,2,2
200,17364,0,0
200,17365,2,2
200,17366,2,0
200,17367,0,0
200,17368,2,2
200,17369,0,0
200,17370,2,2
200,17371,2,2
200,17372,2,2
200,17373,2,2
200,17374,0,0
200,17375,2,2
200,17376,0,0
200,17377,2,2
200,17378,0,0
200,17379,2,2
200,17380,2,2
200,17381,0,0
200,17382,2,2
200,17383,0,0
200,17384,2,2
200,17385,0,0
200,17386,2,2
200,17387,0,0
200,17388,2,2
200,17389,0,0
200,17390,2,2
200,17391,0,0
200,17392,2,2
200,17393,0,0
200,17394,2,2
200,17395,2,2
200,17396,0,0
200,17397,2,2
200,17398,0,0
200,17399,2,2
200,17400,0,0
200,17401,2,2
200,17402,0,0
200,17403,2,2
200,17404,0,0
200,17405,0,0
200,17406,2,2
200,17407,0,0
200,17408,2,2
200,17409,0,0
200,17410,2,2
200,17411,0,0
200,17412,2,2
200,17413,0,2
200,17414,2,2
200,17415,0,0
200,17416,2,2
200,17417,2,2
200,17418,2,2
200,17419,0,0
200,17420,2,2
200,17421,0,0
200,17422,2,2
200,17423,0,0
200,17424,2,2
200,17425,0,0
200,17426,2,2
200,17427,0,0
200,17428,2,2
200,17429,0,0
200,17430,2,2
200,17431,0,0
200,17432,2,2
200,17433,0,0
200,17434,2,2
200,17435,0,0
200,17436,2,2
200,17437,0,2
200,17438,2,2
200,17439,2,0
200,17440,0,0
200,17441,2,2
200,17442,0,0
200,17443,0,0
200,17444,0,0
200,17445,0,0
200,17446,0,0
200,17447,0,0
200,17448,0,0
200,17449,0,0
200,17450,2,2
200,17451,0,0
200,17452,2,2
200,17453,2,0
200,17454,0,0
200,17455,2,2
200,17456,0,0
200,17457,2,2
200,17458,0,0
200,17459,2,2
200,17460,0,0
200,17461,0,0
200,17462,2,2
200,17463,0,0
200,17464,2,2
200,17465,0,0
200,17466,2,2
200,17467,0,0
200,17468,2,2
200,17469,0,0
200,17470,2,2
200,17471,0,0
200,17472,2,2
200,17473,2,0
200,17474,0,0
200,17475,2,2
200,17476,0,0
200,17477,2,2
200,17478,0,0
200,17479,2,2
200,17480,0,0
200,17481,2,2
200,17482,0,0
200,17483,2,2
200,17484,0,0
200,17485,2,2
200,17486,2,0
200,17487,0,0
200,17488,2,2
200,17489,0,0
200,17490,2,2
200,17491,0,0
200,17492,2,2
200,17493,0,0
200,17494,2,2
200,17495,0,0
200,17496,2,2
200,17497,0,0
200,17498,2,2
200,17499,0,0
200,17500,2,2
200,17501,0,0
200,17502,2,2
200,17503,0,0
200,17504,2,2
200,17505,0,0
200,17506,2,2
200,17507,2,0
200,17508,0,0
200,17509,2,2
200,17510,0,0
200,17511,2,2
200,17512,0,0
200,17513,2,2
200,17514,0,0
200,17515,2,2
200,17516,0,0
200,17517,2,2
200,17518,0,0
200,17519,2,2
200,17520,0,0
200,17521,2,2
200,17522,0,0
200,17523,2,2
200,17524,0,0
200,17525,2,2
200,17526,0,0
200,17527,2,2
200,17528,0,0
200,17529,2,2
200,17530,0,0
200,17531,2,2
200,17532,0,0
200,17533,2,2
200,17534,0,0
200,17535,2,2
200,17536,0,0
200,17537,2,2
200,17538,0,0
200,17539,2,2
200,17540,0,0
200,17541,2,2
200,17542,0,0
200,17543,2,2
200,17544,0,0
200,17545,2,2
200,17546,0,0
200,17547,2,2
200,17548,0,0
200,17549,2,2
200,17550,0,0
200,17551,2,2
200,17552,0,0
200,17553,2,2
200,17554,0,0
200,17555,2,2
200,17556,0,0
200,17557,2,2
200,17558,0,0
200,17559,2,2
200,17560,0,0
200,17561,2,2
200,17562,0,0
200,17563,2,2
200,17564,0,0
200,17565,2,2
200,17566,0,0
200,17567,2,2
200,17568,0,0
200,17569,2,2
200,17570,0,0
200,17571,2,2
200,17572,0,0
200,17573,2,2
200,17574,0,0
200,17575,2,2
200,17576,0,0
200,17577,2,2
200,17578,0,0
200,17579,2,2
200,17580,0,0
200,17581,2,2
200,17582,0,0
200,17583,2,2
200,17584,0,0
200,17585,2,2
200,17586,0,0
200,17587,2,2
200,17588,0,0
200,17589,2,3
200,17590,0,0
200,17591,2,2
200,17592,0,0
200,17593,2,2
200,17594,0,0
200,17595,2,2
200,17596,0,0
200,17597,2,2
200,17598,0,0
200,17599,2,2
200,17600,0,0
200,17601,2,2
200,17602,0,0
200,17603,2,2
200,17604,0,0
200,17605,2,2
200,17606,0,0
200,17607,2,2
200,17608,0,0
200,17609,2,2
200,17610,0,0
200,17611,2,2
200,17612,0,0
200,17613,2,2
200,17614,0,0
200,17615,2,2
200,17616,0,0
200,17617,2,2
200,17618,0,0
200,17619,2,2
200,17620,0,0
200,17621,2,2
200,17622,2,0
200,17623,0,0
200,17624,2,0
200,17625,0,0
200,17626,0,0
200,17627,0,0
200,17628,0,0
200,17629,0,0
200,17630,2,2
200,17631,0,0
200,17632,2,2
200,17633,0,0
200,17634,2,2
200,17635,2,2
200,17636,0,0
200,17637,2,2
200,17638,0,0
200,17639,2,2
200,17640,0,0
200,17641,2,2
200,17642,0,0
200,17643,2,2
200,17644,0,0
200,17645,2,2
200,17646,0,0
200,17647,2,2
200,17648,0,0
200,17649,2,2
200,17650,0,0
200,17651,2,2
200,17652,0,0
200,17653,2,2
200,17654,0,0
200,17655,2,2
200,17656,0,0
200,17657,2,2
200,17658,0,0
200,17659,2,2
200,17660,0,0
200,17661,2,2
200,17662,0,0
200,17663,2,2
200,17664,0,0
200,17665,2,2
200,17666,0,0
200,17667,2,2
200,17668,0,0
200,17669,2,2
200,17670,0,0
200,17671,2,2
200,17672,0,0
200,17673,2,2
200,17674,0,0
200,17675,2,2
200,17676,0,0
200,17677,2,2
200,17678,0,0
200,17679,2,2
200,17680,0,0
200,17681,2,2
200,17682,0,0
200,17683,0,0
200,17684,0,0
200,17685,0,0
200,17686,0,0
200,17687,1,0
200,17688,0,0
200,17689,2,2
200,17690,0,0
200,17691,2,2
200,17692,0,0
200,17693,2,2
200,17694,0,0
200,17695,2,2
200,17696,0,0
200,17697,2,2
200,17698,0,0
200,17699,2,2
200,17700,2,0
200,17701,0,0
200,17702,2,2
200,17703,0,0
200,17704,2,2
200,17705,0,0
200,17706,2,2
200,17707,0,0
200,17708,2,2
200,17709,0,0
200,17710,2,2
200,17711,0,0
200,17712,2,2
200,17713,0,0
200,17714,2,2
200,17715,0,0
200,17716,2,2
200,17717,0,0
200,17718,2,2
200,17719,0,2
200,17720,2,2
200,17721,0,0
200,17722,2,2
200,17723,0,0
200,17724,2,2
200,17725,0,0
200,17726,2,2
200,17727,0,0
200,17728,2,2
200,17729,0,0
200,17730,2,2
200,17731,0,0
200,17732,0,0
200,17733,1,0
200,17734,0,0
200,17735,0,0
200,17736,0,0
200,17737,0,0
200,17738,0,0
200,17739,2,2
200,17740,0,0
200,17741,2,2
200,17742,0,0
200,17743,2,2
200,17744,0,0
200,17745,2,2
200,17746,0,0
200,17747,2,2
200,17748,0,0
200,17749,2,2
200,17750,0,0
200,17751,2,2
200,17752,0,0
200,17753,2,2
200,17754,0,0
200,17755,2,2
200,17756,0,0
200,17757,2,2
200,17758,0,0
200,17759,2,2
200,17760,0,2
200,17761,2,2
200,17762,0,0
200,17763,2,2
200,17764,0,0
200,17765,2,2
200,17766,0,0
200,17767,2,2
200,17768,0,0
200,17769,2,2
200,17770,0,0
200,17771,2,2
200,17772,2,0
200,17773,0,0
200,17774,2,2
200,17775,0,0
200,17776,2,2
200,17777,0,0
200,17778,2,2
200,17779,0,2
200,17780,2,2
200,17781,0,0
200,17782,2,2
200,17783,0,0
200,17784,2,2
200,17785,0,0
200,17786,2,2
200,17787,0,0
200,17788,2,2
200,17789,0,0
200,17790,2,2
200,17791,0,0
200,17792,2,2
200,17793,0,0
200,17794,2,2
200,17795,0,0
200,17796,2,2
200,17797,0,0
200,17798,2,2
200,17799,0,0
200,17800,2,2
200,17801,0,0
200,17802,2,2
200,17803,0,0
200,17804,2,2
200,17805,0,0
200,17806,2,2
200,17807,0,0
200,17808,2,2
200,17809,0,0
200,17810,2,2
200,17811,2,2
200,17812,0,0
200,17813,2,2
200,17814,0,0
200,17815,2,2
200,17816,0,0
200,17817,2,2
200,17818,2,0
200,17819,0,0
200,17820,0,0
200,17821,0,0
200,17822,0,0
200,17823,0,0
200,17824,0,0
200,17825,0,0
200,17826,0,0
200,17827,0,0
200,17828,0,0
200,17829,0,0
200,17830,2,2
200,17831,0,0
200,17832,2,2
200,17833,0,0
200,17834,2,2
200,17835,0,0
200,17836,2,2
200,17837,0,0
200,17838,2,2
200,17839,0,0
200,17840,2,2
200,17841,0,0
200,17842,2,2
200,17843,0,0
200,17844,2,2
200,17845,0,0
200,17846,2,2
200,17847,0,0
200,17848,2,2
200,17849,0,0
200,17850,2,2
200,17851,0,0
200,17852,2,2
200,17853,0,0
200,17854,2,2
200,17855,0,0
200,17856,2,2
200,17857,0,0
200,17858,2,2
200,17859,0,0
200,17860,2,2
200,17861,0,0
200,17862,2,2
200,17863,0,0
200,17864,2,2
200,17865,0,0
200,17866,2,2
200,17867,0,0
200,17868,2,2
200,17869,0,0
200,17870,2,2
200,17871,0,0
200,17872,2,2
200,17873,0,0
200,17874,2,2
200,17875,0,0
200,17876,2,2
200,17877,0,0
200,17878,2,2
200,17879,0,0
200,17880,2,2
200,17881,0,0
200,17882,2,2
200,17883,0,0
200,17884,2,2
200,17885,0,0
200,17886,2,2
200,17887,0,0
200,17888,2,2
200,17889,0,0
200,17890,2,2
200,17891,0,0
200,17892,2,2
200,17893,0,0
200,17894,2,2
200,17895,0,0
200,17896,2,2
200,17897,0,0
200,17898,2,2
200,17899,0,0
200,17900,2,2
200,17901,0,0
200,17902,2,2
200,17903,0,0
200,17904,2,2
200,17905,0,0
200,17906,2,2
200,17907,0,0
200,17908,2,2
200,17909,0,0
200,17910,2,2
200,17911,0,0
200,17912,2,2
200,17913,0,0
200,17914,2,2
200,17915,2,2
200,17916,0,0
200,17917,0,0
200,17918,2,2
200,17919,0,0
200,17920,0,0
200,17921,0,0
200,17922,0,2
200,17923,0,0
200,17924,0,0
200,17925,0,0
200,17926,0,0
200,17927,0,0
200,17928,0,0
200,17929,0,0
200,17930,0,0
200,17931,0,0
200,17932,1,0
200,17933,0,0
200,17934,2,2
200,17935,0,0
200,17936,2,2
200,17937,2,2
200,17938,2,2
200,17939,0,0
200,17940,2,2
200,17941,0,0
200,17942,0,0
200,17943,0,0
200,17944,2,2
200,17945,0,0
200,17946,2,2
200,17947,0,0
200,17948,2,2
200,17949,0,0
200,17950,2,2
200,17951,0,0
200,17952,2,2
200,17953,0,0
200,17954,2,2
200,17955,0,0
200,17956,0,0
200,17957,0,0
200,17958,0,0
200,17959,1,0
200,17960,0,0
200,17961,0,0
200,17962,0,0
200,17963,0,0
200,17964,0,0
200,17965,2,2
200,17966,0,0
200,17967,2,2
200,17968,0,0
200,17969,2,2
200,17970,0,0
200,17971,0,0
200,17972,0,0
200,17973,0,0
200,17974,0,0
200,17975,0,0
200,17976,1,0
200,17977,1,0
200,17978,0,0
200,17979,2,2
200,17980,2,0
200,17981,0,0
200,17982,2,0
200,17983,0,0
200,17984,0,0
200,17985,2,0
200,17986,0,0
200,17987,2,2
200,17988,0,2
200,17989,0,0
200,17990,2,2
200,17991,0,0
200,17992,2,2
200,17993,0,0
200,17994,2,2
200,17995,2,0
200,17996,0,0
200,17997,2,2
200,17998,0,0
200,17999,2,2
200,18000,0,0
200,18001,2,2
200,18002,0,0
200,18003,2,2
200,18004,0,0
200,18005,2,2
200,18006,0,0
200,18007,2,2
200,18008,0,0
200,18009,2,2
200,18010,0,0
200,18011,2,2
200,18012,0,0
200,18013,2,2
200,18014,0,0
200,18015,0,0
200,18016,2,2
200,18017,0,0
200,18018,2,2
200,18019,0,0
200,18020,2,2
200,18021,0,0
200,18022,0,0
200,18023,2,2
200,18024,0,0
200,18025,2,2
200,18026,0,0
200,18027,2,2
200,18028,0,0
200,18029,0,0
200,18030,0,0
200,18031,0,0
200,18032,0,0
200,18033,0,0
200,18034,0,0
200,18035,0,0
200,18036,0,0
200,18037,0,0
200,18038,0,0
200,18039,0,0
200,18040,1,2
200,18041,0,0
200,18042,2,2
200,18043,0,0
200,18044,2,2
200,18045,0,0
200,18046,2,2
200,18047,0,0
200,18048,2,2
200,18049,2,2
200,18050,0,0
200,18051,2,2
200,18052,2,2
200,18053,0,0
200,18054,0,0
200,18055,0,0
200,18056,0,0
200,18057,0,0
200,18058,0,0
200,18059,0,0
200,18060,2,3
200,18061,0,0
200,18062,2,2
200,18063,0,0
200,18064,2,2
200,18065,0,0
200,18066,0,0
200,18067,0,0
200,18068,2,2
200,18069,0,0
200,18070,2,2
200,18071,0,0
200,18072,2,2
200,18073,0,0
200,18074,2,2
200,18075,0,0
200,18076,0,0
200,18077,0,0
200,18078,0,0
200,18079,0,0
200,18080,0,0
200,18081,0,0
200,18082,0,0
200,18083,0,0
200,18084,1,0
200,18085,0,0
200,18086,2,2
200,18087,0,0
200,18088,2,2
200,18089,0,0
200,18090,2,2
200,18091,0,0
200,18092,2,2
200,18093,0,0
200,18094,0,0
200,18095,0,0
200,18096,0,0
200,18097,0,0
200,18098,0,0
200,18099,0,0
200,18100,0,0
200,18101,0,0
200,18102,0,0
200,18103,0,0
200,18104,1,0
200,18105,0,0
200,18106,2,2
200,18107,0,0
200,18108,2,2
200,18109,0,0
200,18110,0,0
200,18111,2,0
200,18112,0,0
200,18113,2,2
200,18114,0,0
200,18115,0,0
200,18116,0,0
200,18117,0,0
200,18118,2,0
200,18119,2,0
200,18120,0,0
200,18121,2,2
200,18122,0,0
200,18123,2,2
200,18124,0,0
200,18125,2,2
200,18126,0,0
200,18127,0,0
200,18128,0,0
200,18129,0,1
200,18130,0,0
200,18131,0,0
200,18132,0,0
200,18133,0,0
200,18134,1,1
200,18135,0,0
200,18136,2,2
200,18137,0,0
200,18138,2,2
200,18139,0,0
200,18140,2,2
200,18141,0,0
200,18142,0,0
200,18143,0,0
200,18144,0,0
200,18145,0,0
200,18146,0,0
200,18147,0,1
200,18148,0,0
200,18149,0,0
200,18150,0,0
200,18151,0,0
200,18152,0,0
200,18153,0,0
200,18154,0,0
200,18155,1,0
200,18156,0,0
200,18157,2,2
200,18158,0,0
200,18159,2,2
200,18160,0,0
200,18161,2,2
200,18162,0,0
200,18163,0,0
200,18164,0,0
200,18165,0,0
200,18166,2,0
200,18167,0,0
200,18168,2,2
200,18169,0,0
200,18170,2,2
200,18171,0,0
200,18172,2,2
200,18173,0,0
200,18174,0,0
200,18175,0,0
200,18176,1,0
200,18177,0,0
200,18178,2,2
200,18179,0,0
200,18180,2,2
200,18181,0,0
200,18182,0,0
200,18183,2,0
200,18184,2,0
200,18185,0,0
200,18186,2,2
200,18187,0,0
200,18188,0,0
200,18189,0,0
200,18190,0,0
200,18191,0,0
200,18192,2,2
200,18193,0,0
200,18194,2,2
200,18195,0,0
200,18196,0,0
200,18197,0,0
200,18198,0,0
200,18199,0,0
200,18200,1,0
200,18201,0,0
200,18202,2,2
200,18203,0,0
200,18204,2,2
200,18205,0,0
200,18206,0,0
200,18207,0,0
200,18208,0,0
200,18209,0,0
200,18210,0,0
200,18211,0,0
200,18212,0,0
200,18213,0,0
200,18214,0,0
200,18215,0,0
200,18216,0,0
200,18217,0,1
200,18218,0,0
200,18219,0,0
200,18220,2,2
200,18221,0,0
200,18222,2,2
200,18223,0,0
200,18224,0,0
200,18225,2,1
200,18226,0,0
200,18227,0,0
200,18228,2,2
200,18229,0,0
200,18230,2,2
200,18231,0,0
200,18232,0,0
200,18233,2,0
200,18234,2,2
200,18235,0,0
200,18236,2,2
200,18237,0,0
200,18238,0,0
200,18239,0,0
200,18240,0,0
200,18241,0,0
200,18242,0,0
200,18243,0,0
200,18244,0,0
200,18245,1,0
200,18246,0,0
200,18247,0,0
200,18248,0,0
200,18249,0,0
200,18250,0,0
200,18251,0,1
200,18252,0,0
200,18253,2,2
200,18254,0,0
200,18255,2,2
200,18256,0,0
200,18257,0,0
200,18258,0,0
200,18259,0,0
200,18260,0,0
200,18261,2,2
200,18262,0,0
200,18263,2,2
200,18264,0,0
200,18265,2,2
200,18266,0,0
200,18267,0,0
200,18268,0,0
200,18269,1,0
200,18270,0,0
200,18271,2,2
200,18272,0,0
200,18273,2,2
200,18274,0,0
200,18275,2,2
200,18276,0,0
200,18277,2,2
200,18278,0,0
200,18279,2,2
200,18280,0,0
200,18281,2,2
200,18282,0,0
200,18283,0,0
200,18284,0,0
200,18285,0,0
200,18286,0,0
200,18287,0,0
200,18288,0,0
200,18289,0,0
200,18290,0,0
200,18291,0,0
200,18292,0,0
200,18293,0,0
200,18294,1,0
200,18295,0,0
200,18296,2,2
200,18297,0,0
200,18298,0,0
200,18299,0,1
200,18300,0,0
200,18301,0,0
200,18302,2,2
200,18303,0,0
200,18304,2,2
200,18305,0,0
200,18306,2,2
200,18307,0,0
200,18308,2,2
200,18309,0,0
200,18310,0,0
200,18311,0,0
200,18312,0,0
200,18313,0,0
200,18314,0,0
200,18315,0,0
200,18316,2,2
200,18317,0,0
200,18318,2,2
200,18319,0,0
200,18320,2,2
200,18321,0,0
200,18322,2,2
200,18323,0,0
200,18324,0,0
200,18325,0,1
200,18326,0,0
200,18327,0,0
200,18328,0,0
200,18329,0,1
200,18330,0,0
200,18331,0,0
200,18332,0,0
200,18333,0,0
200,18334,0,0
200,18335,0,0
200,18336,0,0
200,18337,0,0
200,18338,2,2
200,18339,0,0
200,18340,0,0
200,18341,0,0
200,18342,2,2
200,18343,0,0
200,18344,2,2
200,18345,0,0
200,18346,0,0
200,18347,0,0
200,18348,0,0
200,18349,0,0
200,18350,0,0
200,18351,0,1
202,18352,0,0
202,18353,0,0
202,18354,0,0
202,18355,0,0
202,18356,0,0
202,18357,0,0
202,18358,0,0
202,18359,0,0
202,18360,0,0
202,18361,0,0
202,18362,0,0
202,18363,0,0
202,18364,0,0
202,18365,0,0
202,18366,0,0
202,18367,0,0
202,18368,0,0
202,18369,0,0
202,18370,0,0
202,18371,0,0
202,18372,0,0
202,18373,0,0
202,18374,0,0
202,18375,0,0
202,18376,0,0
202,18377,2,2
202,18378,0,0
202,18379,0,0
202,18380,0,0
202,18381,0,0
202,18382,0,0
202,18383,0,0
202,18384,0,0
202,18385,0,0
202,18386,0,0
202,18387,0,0
202,18388,0,0
202,18389,0,0
202,18390,0,0
202,18391,0,0
202,18392,0,0
202,18393,0,0
202,18394,0,0
202,18395,0,0
202,18396,0,0
202,18397,0,0
202,18398,0,0
202,18399,0,0
202,18400,0,0
202,18401,0,0
202,18402,0,0
202,18403,0,0
202,18404,0,0
202,18405,0,0
202,18406,0,0
202,18407,0,0
202,18408,0,0
202,18409,0,0
202,18410,0,0
202,18411,0,0
202,18412,0,0
202,18413,0,0
202,18414,0,0
202,18415,0,0
202,18416,0,0
202,18417,0,0
202,18418,0,0
202,18419,0,0
202,18420,0,0
202,18421,0,0
202,18422,0,0
202,18423,0,0
202,18424,0,0
202,18425,0,0
202,18426,0,0
202,18427,0,0
202,18428,0,0
202,18429,0,0
202,18430,0,0
202,18431,0,0
202,18432,0,0
202,18433,0,0
202,18434,0,0
202,18435,0,0
202,18436,0,0
202,18437,0,0
202,18438,0,0
202,18439,0,0
202,18440,0,0
202,18441,0,0
202,18442,0,0
202,18443,0,0
202,18444,0,0
202,18445,0,0
202,18446,0,0
202,18447,0,0
202,18448,0,0
202,18449,0,0
202,18450,0,0
202,18451,0,0
202,18452,0,0
202,18453,0,0
202,18454,0,0
202,18455,0,0
202,18456,0,0
202,18457,0,0
202,18458,0,0
202,18459,0,0
202,18460,0,0
202,18461,0,0
202,18462,0,0
202,18463,0,0
202,18464,0,0
202,18465,0,0
202,18466,0,0
202,18467,0,0
202,18468,0,0
202,18469,0,0
202,18470,0,0
202,18471,0,0
202,18472,0,0
202,18473,0,0
202,18474,0,0
202,18475,0,0
202,18476,0,0
202,18477,0,0
202,18478,0,0
202,18479,0,0
202,18480,0,0
202,18481,0,0
202,18482,0,0
202,18483,0,0
202,18484,0,0
202,18485,0,0
202,18486,0,0
202,18487,0,0
202,18488,0,0
202,18489,0,0
202,18490,0,0
202,18491,0,0
202,18492,0,0
202,18493,0,0
202,18494,0,0
202,18495,0,0
202,18496,0,0
202,18497,0,0
202,18498,0,0
202,18499,0,0
202,18500,0,0
202,18501,0,0
202,18502,0,0
202,18503,0,0
202,18504,0,0
202,18505,0,0
202,18506,0,0
202,18507,0,0
202,18508,0,0
202,18509,0,0
202,18510,0,0
202,18511,0,0
202,18512,0,0
202,18513,0,0
202,18514,0,0
202,18515,0,0
202,18516,0,0
202,18517,0,0
202,18518,0,0
202,18519,0,0
202,18520,0,0
202,18521,0,0
202,18522,0,0
202,18523,0,0
202,18524,0,0
202,18525,0,0
202,18526,0,0
202,18527,0,0
202,18528,0,0
202,18529,0,0
202,18530,0,0
202,18531,0,0
202,18532,0,0
202,18533,0,0
202,18534,0,0
202,18535,0,0
202,18536,0,0
202,18537,0,0
202,18538,0,0
202,18539,0,0
202,18540,0,0
202,18541,0,0
202,18542,0,0
202,18543,0,0
202,18544,0,0
202,18545,0,0
202,18546,0,0
202,18547,0,0
202,18548,0,0
202,18549,0,0
202,18550,0,0
202,18551,0,0
202,18552,0,0
202,18553,2,2
202,18554,0,0
202,18555,0,0
202,18556,0,0
202,18557,0,0
202,18558,0,0
202,18559,0,0
202,18560,0,0
202,18561,0,0
202,18562,0,0
202,18563,0,0
202,18564,0,0
202,18565,0,0
202,18566,0,0
202,18567,0,0
202,18568,2,2
202,18569,0,0
202,18570,0,0
202,18571,0,0
202,18572,0,0
202,18573,0,0
202,18574,0,0
202,18575,0,0
202,18576,0,0
202,18577,0,0
202,18578,0,0
202,18579,0,0
202,18580,0,0
202,18581,0,0
202,18582,0,0
202,18583,0,0
202,18584,0,0
202,18585,0,0
202,18586,0,0
202,18587,2,2
202,18588,0,0
202,18589,0,0
202,18590,0,0
202,18591,0,0
202,18592,0,0
202,18593,0,0
202,18594,0,0
202,18595,0,0
202,18596,0,0
202,18597,0,0
202,18598,0,0
202,18599,0,0
202,18600,0,0
202,18601,0,0
202,18602,0,0
202,18603,0,0
202,18604,0,0
202,18605,0,0
202,18606,0,0
202,18607,0,0
202,18608,0,0
202,18609,0,0
202,18610,0,0
202,18611,0,0
202,18612,0,0
202,18613,0,0
202,18614,0,0
202,18615,0,0
202,18616,0,0
202,18617,0,0
202,18618,0,0
202,18619,0,0
202,18620,0,0
202,18621,0,0
202,18622,0,0
202,18623,0,0
202,18624,0,0
202,18625,0,0
202,18626,0,0
202,18627,0,0
202,18628,0,0
202,18629,0,0
202,18630,0,0
202,18631,0,0
202,18632,0,0
202,18633,0,0
202,18634,0,0
202,18635,0,0
202,18636,0,0
202,18637,0,0
202,18638,0,0
202,18639,0,0
202,18640,0,0
202,18641,0,0
202,18642,0,0
202,18643,0,0
202,18644,0,0
202,18645,0,0
202,18646,0,0
202,18647,2,2
202,18648,0,0
202,18649,0,0
202,18650,0,0
202,18651,0,0
202,18652,0,0
202,18653,0,0
202,18654,0,0
202,18655,0,0
202,18656,0,0
202,18657,0,0
202,18658,0,0
202,18659,0,0
202,18660,0,0
202,18661,0,0
202,18662,0,0
202,18663,0,0
202,18664,0,0
202,18665,0,0
202,18666,0,0
202,18667,0,0
202,18668,0,0
202,18669,0,0
202,18670,0,0
202,18671,0,0
202,18672,0,0
202,18673,0,0
202,18674,0,0
202,18675,0,0
202,18676,0,0
202,18677,0,0
202,18678,0,0
202,18679,0,0
202,18680,0,0
202,18681,0,0
202,18682,0,0
202,18683,0,0
202,18684,0,0
202,18685,0,0
202,18686,0,0
202,18687,0,0
202,18688,0,0
202,18689,0,0
202,18690,0,0
202,18691,0,0
202,18692,0,0
202,18693,0,0
202,18694,0,0
202,18695,0,0
202,18696,0,0
202,18697,0,0
202,18698,0,0
202,18699,0,0
202,18700,0,0
202,18701,0,0
202,18702,0,0
202,18703,0,0
202,18704,0,0
202,18705,0,0
202,18706,0,0
202,18707,1,0
202,18708,0,0
202,18709,0,0
202,18710,0,0
202,18711,0,0
202,18712,0,0
202,18713,0,0
202,18714,0,0
202,18715,0,0
202,18716,0,0
202,18717,0,0
202,18718,0,0
202,18719,0,0
202,18720,0,0
202,18721,0,0
202,18722,0,0
202,18723,0,0
202,18724,0,0
202,18725,0,0
202,18726,0,0
202,18727,0,0
202,18728,0,0
202,18729,0,0
202,18730,0,0
202,18731,0,0
202,18732,0,0
202,18733,2,2
202,18734,0,0
202,18735,0,0
202,18736,0,0
202,18737,0,0
202,18738,0,0
202,18739,0,0
202,18740,0,0
202,18741,0,0
202,18742,0,0
202,18743,0,0
202,18744,0,0
202,18745,0,0
202,18746,0,0
202,18747,0,0
202,18748,0,0
202,18749,0,0
202,18750,0,0
202,18751,0,0
202,18752,0,0
202,18753,0,0
202,18754,0,0
202,18755,0,0
202,18756,0,0
202,18757,0,0
202,18758,0,0
202,18759,0,0
202,18760,0,0
202,18761,0,0
202,18762,0,0
202,18763,0,0
202,18764,0,0
202,18765,0,0
202,18766,0,0
202,18767,0,0
202,18768,0,0
202,18769,2,2
202,18770,0,0
202,18771,0,0
202,18772,0,0
202,18773,0,0
202,18774,0,0
202,18775,0,0
202,18776,0,0
202,18777,0,0
202,18778,0,0
202,18779,0,0
202,18780,0,0
202,18781,0,0
202,18782,0,0
202,18783,0,0
202,18784,0,0
202,18785,0,0
202,18786,0,0
202,18787,0,0
202,18788,0,0
202,18789,0,0
202,18790,0,0
202,18791,0,0
202,18792,0,0
202,18793,0,0
202,18794,0,0
202,18795,0,0
202,18796,0,0
202,18797,0,0
202,18798,0,0
202,18799,0,0
202,18800,0,0
202,18801,0,0
202,18802,0,0
202,18803,0,0
202,18804,0,0
202,18805,0,0
202,18806,0,0
202,18807,0,0
202,18808,0,0
202,18809,0,0
202,18810,0,0
202,18811,0,0
202,18812,0,0
202,18813,0,0
202,18814,0,0
202,18815,0,0
202,18816,0,0
202,18817,0,0
202,18818,0,0
202,18819,0,0
202,18820,0,0
202,18821,0,0
202,18822,0,0
202,18823,0,0
202,18824,0,0
202,18825,0,0
202,18826,0,0
202,18827,0,0
202,18828,0,0
202,18829,0,0
202,18830,0,0
202,18831,0,0
202,18832,0,0
202,18833,0,0
202,18834,0,0
202,18835,0,0
202,18836,0,0
202,18837,0,0
202,18838,0,0
202,18839,0,0
202,18840,0,0
202,18841,0,0
202,18842,0,0
202,18843,0,0
202,18844,0,0
202,18845,0,0
202,18846,0,0
202,18847,0,0
202,18848,0,0
202,18849,0,0
202,18850,0,0
202,18851,0,0
202,18852,0,0
202,18853,0,0
202,18854,0,0
202,18855,0,0
202,18856,0,0
202,18857,0,0
202,18858,0,0
202,18859,0,0
202,18860,0,0
202,18861,0,0
202,18862,0,0
202,18863,0,0
202,18864,0,0
202,18865,0,0
202,18866,0,0
202,18867,0,0
202,18868,0,0
202,18869,0,0
202,18870,0,0
202,18871,0,0
202,18872,0,0
202,18873,0,0
202,18874,0,0
202,18875,0,0
202,18876,0,0
202,18877,0,0
202,18878,0,0
202,18879,0,0
202,18880,0,0
202,18881,0,0
202,18882,0,0
202,18883,0,0
202,18884,0,0
202,18885,0,0
202,18886,0,0
202,18887,0,0
202,18888,0,0
202,18889,0,0
202,18890,0,0
202,18891,0,0
202,18892,0,0
202,18893,0,0
202,18894,2,2
202,18895,0,0
202,18896,0,0
202,18897,0,0
202,18898,0,0
202,18899,0,0
202,18900,0,0
202,18901,0,0
202,18902,0,0
202,18903,0,0
202,18904,0,0
202,18905,0,0
202,18906,2,2
202,18907,0,0
202,18908,0,0
202,18909,0,0
202,18910,0,0
202,18911,0,0
202,18912,2,2
202,18913,0,0
202,18914,0,0
202,18915,0,0
202,18916,0,0
202,18917,0,0
202,18918,2,2
202,18919,0,0
202,18920,0,0
202,18921,0,0
202,18922,0,0
202,18923,0,0
202,18924,2,0
202,18925,0,0
202,18926,0,0
202,18927,0,0
202,18928,0,0
202,18929,0,0
202,18930,0,0
202,18931,0,0
202,18932,0,0
202,18933,0,0
202,18934,0,0
202,18935,0,0
202,18936,2,2
202,18937,0,0
202,18938,0,0
202,18939,0,0
202,18940,0,0
202,18941,0,0
202,18942,0,0
202,18943,0,0
202,18944,0,0
202,18945,0,0
202,18946,0,0
202,18947,0,0
202,18948,0,0
202,18949,0,0
202,18950,0,0
202,18951,0,0
202,18952,0,0
202,18953,0,0
202,18954,2,2
202,18955,0,0
202,18956,0,0
202,18957,0,0
202,18958,0,0
202,18959,0,0
202,18960,0,0
202,18961,0,0
202,18962,0,0
202,18963,0,0
202,18964,0,0
202,18965,0,0
202,18966,0,0
202,18967,0,0
202,18968,0,0
202,18969,0,0
202,18970,0,0
202,18971,0,0
202,18972,2,2
202,18973,0,0
202,18974,0,0
202,18975,0,0
202,18976,0,0
202,18977,0,0
202,18978,0,0
202,18979,0,0
202,18980,0,0
202,18981,0,0
202,18982,0,0
202,18983,0,0
202,18984,0,0
202,18985,0,0
202,18986,0,0
202,18987,0,0
202,18988,0,0
202,18989,0,0
202,18990,0,0
202,18991,0,0
202,18992,0,0
202,18993,0,0
202,18994,0,0
202,18995,0,0
202,18996,0,0
202,18997,0,0
202,18998,0,0
202,18999,0,0
202,19000,0,0
202,19001,0,0
202,19002,0,0
202,19003,0,0
202,19004,0,0
202,19005,0,0
202,19006,0,0
202,19007,0,0
202,19008,0,0
202,19009,0,0
202,19010,0,0
202,19011,0,0
202,19012,0,0
202,19013,0,0
202,19014,0,0
202,19015,0,0
202,19016,0,0
202,19017,0,0
202,19018,0,0
202,19019,0,0
202,19020,0,0
202,19021,0,0
202,19022,0,0
202,19023,0,0
202,19024,0,0
202,19025,0,0
202,19026,0,0
202,19027,0,0
202,19028,0,0
202,19029,1,0
202,19030,1,0
202,19031,1,0
202,19032,0,0
202,19033,0,0
202,19034,0,0
202,19035,0,0
202,19036,0,0
202,19037,0,3
202,19038,1,1
202,19039,0,0
202,19040,0,0
202,19041,1,0
202,19042,0,0
202,19043,0,0
202,19044,1,1
202,19045,0,0
202,19046,0,0
202,19047,0,0
202,19048,2,2
202,19049,0,0
202,19050,0,0
202,19051,0,0
202,19052,0,0
202,19053,1,1
202,19054,0,0
202,19055,0,0
202,19056,1,1
202,19057,0,0
202,19058,0,0
202,19059,1,1
202,19060,2,2
202,19061,0,0
202,19062,0,0
202,19063,0,0
202,19064,1,1
202,19065,0,0
202,19066,0,0
202,19067,0,0
202,19068,1,1
202,19069,0,0
202,19070,0,0
202,19071,0,0
202,19072,0,0
202,19073,0,0
202,19074,1,1
202,19075,0,0
202,19076,0,0
202,19077,0,0
202,19078,1,1
202,19079,0,0
202,19080,0,0
202,19081,1,1
202,19082,0,0
202,19083,0,0
202,19084,0,0
202,19085,0,0
202,19086,0,0
202,19087,0,0
202,19088,0,0
202,19089,0,0
202,19090,0,0
202,19091,0,0
202,19092,0,0
202,19093,0,0
202,19094,0,0
202,19095,0,0
202,19096,1,1
202,19097,0,0
202,19098,0,0
202,19099,0,0
202,19100,1,1
202,19101,0,0
202,19102,0,0
202,19103,0,0
202,19104,0,0
202,19105,0,0
202,19106,0,0
202,19107,0,0
202,19108,0,0
202,19109,0,0
202,19110,0,0
202,19111,0,0
202,19112,0,0
202,19113,0,0
202,19114,0,0
202,19115,0,0
202,19116,0,0
202,19117,0,0
202,19118,0,0
202,19119,0,0
202,19120,0,0
202,19121,0,0
202,19122,0,0
202,19123,0,0
202,19124,0,0
202,19125,0,0
202,19126,0,0
202,19127,0,0
202,19128,0,0
202,19129,0,0
202,19130,0,0
202,19131,0,0
202,19132,1,1
202,19133,0,0
202,19134,0,0
202,19135,0,0
202,19136,0,0
202,19137,0,0
202,19138,0,0
202,19139,0,0
202,19140,0,0
202,19141,0,0
202,19142,0,0
202,19143,0,0
202,19144,0,0
202,19145,0,0
202,19146,0,0
202,19147,0,0
202,19148,0,0
202,19149,0,0
202,19150,0,0
202,19151,0,0
202,19152,0,0
202,19153,0,0
202,19154,0,0
202,19155,0,0
202,19156,0,0
202,19157,0,0
202,19158,0,0
202,19159,0,0
202,19160,0,0
202,19161,0,0
202,19162,0,0
202,19163,0,0
202,19164,0,0
202,19165,0,0
202,19166,0,0
202,19167,0,0
202,19168,0,0
202,19169,0,0
202,19170,0,0
202,19171,0,0
202,19172,0,0
202,19173,0,0
202,19174,0,0
202,19175,0,0
202,19176,0,0
202,19177,0,0
202,19178,0,0
202,19179,0,0
202,19180,0,0
202,19181,0,0
202,19182,0,0
202,19183,0,0
202,19184,0,0
202,19185,0,0
202,19186,0,0
202,19187,0,0
202,19188,0,0
202,19189,0,0
202,19190,0,0
202,19191,0,0
202,19192,0,0
202,19193,0,0
202,19194,0,0
202,19195,0,0
202,19196,0,0
202,19197,0,0
202,19198,0,0
202,19199,0,0
202,19200,0,0
202,19201,0,0
202,19202,0,0
202,19203,0,0
202,19204,0,0
202,19205,0,0
202,19206,0,0
202,19207,0,0
202,19208,0,0
202,19209,0,0
202,19210,0,0
202,19211,0,0
202,19212,0,0
202,19213,0,0
202,19214,0,0
202,19215,0,0
202,19216,0,0
202,19217,0,0
202,19218,0,0
202,19219,0,0
202,19220,0,0
202,19221,0,0
202,19222,0,0
202,19223,0,0
202,19224,0,0
202,19225,0,0
202,19226,0,0
202,19227,0,0
202,19228,0,0
202,19229,0,0
202,19230,0,0
202,19231,0,0
202,19232,0,0
202,19233,0,0
202,19234,0,0
202,19235,0,0
202,19236,0,0
202,19237,0,0
202,19238,0,0
202,19239,0,0
202,19240,0,0
202,19241,0,0
202,19242,0,0
202,19243,0,0
202,19244,0,0
202,19245,0,0
202,19246,0,0
202,19247,0,0
202,19248,0,0
202,19249,0,0
202,19250,0,0
202,19251,0,0
202,19252,0,0
202,19253,0,0
202,19254,0,0
202,19255,0,0
202,19256,0,0
202,19257,0,0
202,19258,0,0
202,19259,0,0
202,19260,0,0
202,19261,0,0
202,19262,0,0
202,19263,0,0
202,19264,0,0
202,19265,0,0
202,19266,0,0
202,19267,0,0
202,19268,0,1
202,19269,0,1
202,19270,0,0
202,19271,0,0
202,19272,0,0
202,19273,0,1
202,19274,0,0
202,19275,0,0
202,19276,0,0
202,19277,0,0
202,19278,0,0
202,19279,0,0
202,19280,0,0
202,19281,0,0
202,19282,0,0
202,19283,0,0
202,19284,0,0
202,19285,0,0
202,19286,0,0
202,19287,0,0
202,19288,0,0
202,19289,0,0
202,19290,0,0
202,19291,0,0
202,19292,0,0
202,19293,0,0
202,19294,0,0
202,19295,0,0
202,19296,0,0
202,19297,0,1
202,19298,0,0
202,19299,0,0
202,19300,0,0
202,19301,0,0
202,19302,0,0
202,19303,0,0
202,19304,0,0
202,19305,0,0
202,19306,0,0
202,19307,0,0
202,19308,0,0
202,19309,0,0
202,19310,0,0
202,19311,0,0
202,19312,0,0
202,19313,0,0
202,19314,0,0
202,19315,0,0
202,19316,0,0
202,19317,0,0
202,19318,0,0
202,19319,0,0
202,19320,0,0
202,19321,0,0
202,19322,0,0
202,19323,0,0
202,19324,0,0
202,19325,0,0
202,19326,0,0
202,19327,0,0
202,19328,0,0
202,19329,0,0
202,19330,0,0
202,19331,0,0
202,19332,0,1
202,19333,0,0
202,19334,0,0
202,19335,0,0
202,19336,0,0
202,19337,0,0
202,19338,0,0
202,19339,0,0
202,19340,0,0
202,19341,0,0
202,19342,0,0
202,19343,0,0
202,19344,0,0
202,19345,0,0
202,19346,0,0
202,19347,0,0
202,19348,0,0
202,19349,0,0
202,19350,0,0
202,19351,0,0
202,19352,0,0
202,19353,0,0
202,19354,0,0
202,19355,0,0
202,19356,0,0
202,19357,0,0
202,19358,0,0
202,19359,0,0
202,19360,0,0
202,19361,0,0
202,19362,0,0
202,19363,0,0
202,19364,0,0
202,19365,0,0
202,19366,0,0
202,19367,0,0
202,19368,0,0
202,19369,0,0
202,19370,0,0
202,19371,0,0
202,19372,0,0
202,19373,0,0
202,19374,0,0
202,19375,0,0
202,19376,0,0
202,19377,0,0
202,19378,0,0
202,19379,0,0
202,19380,0,0
202,19381,0,0
202,19382,0,0
202,19383,0,0
202,19384,0,0
202,19385,0,0
202,19386,1,1
202,19387,0,0
202,19388,1,0
202,19389,1,1
202,19390,0,0
202,19391,1,0
202,19392,0,0
202,19393,1,2
202,19394,0,0
202,19395,1,1
202,19396,0,0
202,19397,1,1
202,19398,1,1
202,19399,0,0
202,19400,1,0
202,19401,0,0
202,19402,1,0
202,19403,1,1
202,19404,0,0
202,19405,1,0
202,19406,1,0
202,19407,0,0
202,19408,1,0
202,19409,0,0
202,19410,1,1
202,19411,1,0
202,19412,0,0
202,19413,0,0
202,19414,0,0
202,19415,0,0
202,19416,0,0
202,19417,0,0
202,19418,0,0
202,19419,0,0
202,19420,0,0
202,19421,0,0
202,19422,0,0
202,19423,0,0
202,19424,0,0
202,19425,0,0
202,19426,0,0
202,19427,0,0
202,19428,0,0
202,19429,0,0
202,19430,0,0
202,19431,0,0
202,19432,0,0
202,19433,0,0
202,19434,0,0
202,19435,0,0
202,19436,0,0
202,19437,0,0
202,19438,0,0
202,19439,0,0
202,19440,1,0
202,19441,1,0
202,19442,0,0
202,19443,1,0
202,19444,1,0
202,19445,0,0
202,19446,1,0
202,19447,1,0
202,19448,0,0
202,19449,1,0
202,19450,1,0
202,19451,0,0
202,19452,1,1
202,19453,0,0
202,19454,1,1
202,19455,0,0
202,19456,1,0
202,19457,1,1
202,19458,0,0
202,19459,1,0
202,19460,1,0
202,19461,0,0
202,19462,0,0
202,19463,0,0
202,19464,0,0
202,19465,0,0
202,19466,0,0
202,19467,0,0
202,19468,0,0
202,19469,0,0
202,19470,0,0
202,19471,0,0
202,19472,0,0
202,19473,0,0
202,19474,0,0
202,19475,0,0
202,19476,0,0
202,19477,0,0
202,19478,0,0
202,19479,0,1
202,19480,0,0
202,19481,0,0
202,19482,0,0
202,19483,0,0
202,19484,0,0
202,19485,0,0
202,19486,0,1
202,19487,0,0
202,19488,0,0
202,19489,0,0
202,19490,0,0
202,19491,0,0
202,19492,0,0
202,19493,0,0
202,19494,0,0
202,19495,0,0
202,19496,0,0
202,19497,0,0
202,19498,0,0
202,19499,0,0
202,19500,0,0
202,19501,0,1
202,19502,0,0
202,19503,0,0
202,19504,0,0
202,19505,0,0
202,19506,0,0
202,19507,0,0
202,19508,0,0
202,19509,0,0
202,19510,0,0
202,19511,0,1
202,19512,0,0
202,19513,0,0
202,19514,0,0
202,19515,0,0
202,19516,0,0
202,19517,0,0
202,19518,0,0
202,19519,0,0
202,19520,0,0
202,19521,0,1
202,19522,0,0
202,19523,0,0
202,19524,0,0
202,19525,0,0
202,19526,0,0
202,19527,0,0
202,19528,0,0
202,19529,0,0
202,19530,0,0
202,19531,0,0
202,19532,0,1
202,19533,0,0
202,19534,0,0
202,19535,0,0
202,19536,0,0
202,19537,0,1
202,19538,0,1
202,19539,0,0
202,19540,0,0
202,19541,0,0
202,19542,0,0
202,19543,0,0
202,19544,0,0
202,19545,0,0
202,19546,0,0
202,19547,0,0
202,19548,0,0
202,19549,0,1
202,19550,0,0
202,19551,0,0
202,19552,0,0
202,19553,0,0
202,19554,0,0
202,19555,0,0
202,19556,0,0
202,19557,0,0
202,19558,0,0
202,19559,0,0
202,19560,0,0
202,19561,0,0
202,19562,0,0
202,19563,0,0
202,19564,0,0
202,19565,0,0
202,19566,0,0
202,19567,0,0
202,19568,0,0
202,19569,0,0
202,19570,0,0
202,19571,0,0
202,19572,0,0
202,19573,0,0
202,19574,0,0
202,19575,0,0
202,19576,0,0
202,19577,0,0
202,19578,0,0
202,19579,0,0
202,19580,0,0
202,19581,0,0
202,19582,0,1
202,19583,0,0
202,19584,0,0
202,19585,0,0
202,19586,0,0
202,19587,0,0
202,19588,0,0
202,19589,0,0
202,19590,0,0
202,19591,0,0
202,19592,0,0
202,19593,0,0
202,19594,0,0
202,19595,0,0
202,19596,0,0
202,19597,0,0
202,19598,0,0
202,19599,0,0
202,19600,0,0
202,19601,0,0
202,19602,0,0
202,19603,0,0
202,19604,0,0
202,19605,0,0
202,19606,0,0
202,19607,0,1
202,19608,0,0
202,19609,0,0
202,19610,0,0
202,19611,0,0
202,19612,0,0
202,19613,0,0
202,19614,0,1
202,19615,0,0
202,19616,0,0
202,19617,0,0
202,19618,0,0
202,19619,0,0
202,19620,0,0
202,19621,0,0
202,19622,0,0
202,19623,0,0
202,19624,0,0
202,19625,0,0
202,19626,0,0
202,19627,0,0
202,19628,0,0
202,19629,0,0
202,19630,0,0
202,19631,0,0
202,19632,0,0
202,19633,0,0
202,19634,0,0
202,19635,0,0
202,19636,0,0
202,19637,0,0
202,19638,0,0
202,19639,0,0
202,19640,0,0
202,19641,0,0
202,19642,0,0
202,19643,0,0
202,19644,0,0
202,19645,0,0
202,19646,0,0
202,19647,0,0
202,19648,0,0
202,19649,0,0
202,19650,0,0
202,19651,0,0
202,19652,0,0
202,19653,0,0
202,19654,0,0
202,19655,0,1
202,19656,0,0
202,19657,0,0
202,19658,2,0
202,19659,0,0
202,19660,0,0
202,19661,0,0
202,19662,0,0
202,19663,0,0
202,19664,0,0
202,19665,0,0
202,19666,0,0
202,19667,0,0
202,19668,0,0
202,19669,0,0
202,19670,0,0
202,19671,0,0
202,19672,0,0
202,19673,0,0
202,19674,0,0
202,19675,0,0
202,19676,0,0
202,19677,0,0
202,19678,0,0
202,19679,0,0
202,19680,0,0
202,19681,0,0
202,19682,0,0
202,19683,0,0
202,19684,0,0
202,19685,0,0
202,19686,0,0
202,19687,0,0
202,19688,0,0
202,19689,0,0
202,19690,0,0
202,19691,1,0
202,19692,3,1
202,19693,1,0
202,19694,1,0
202,19695,0,0
202,19696,1,0
202,19697,0,0
202,19698,0,0
202,19699,0,0
202,19700,0,0
202,19701,0,0
202,19702,0,0
202,19703,0,0
202,19704,0,0
202,19705,0,0
202,19706,0,0
202,19707,0,0
202,19708,0,0
202,19709,0,0
202,19710,0,0
202,19711,0,0
202,19712,0,0
202,19713,0,0
202,19714,0,0
202,19715,0,0
202,19716,0,0
202,19717,0,0
202,19718,0,0
202,19719,0,0
202,19720,0,0
202,19721,0,0
202,19722,0,0
202,19723,0,0
202,19724,0,0
202,19725,0,0
202,19726,0,0
202,19727,0,0
202,19728,0,0
202,19729,0,0
202,19730,0,0
202,19731,0,0
202,19732,0,0
202,19733,0,0
202,19734,0,0
202,19735,0,0
202,19736,0,0
202,19737,0,0
202,19738,0,0
202,19739,0,0
202,19740,0,0
202,19741,0,0
202,19742,0,0
202,19743,0,0
202,19744,0,0
202,19745,0,0
202,19746,0,0
202,19747,0,0
202,19748,0,0
202,19749,0,0
202,19750,0,0
202,19751,0,0
202,19752,0,0
202,19753,0,0
202,19754,0,0
202,19755,0,0
202,19756,0,0
202,19757,1,3
202,19758,1,2
202,19759,0,0
202,19760,0,0
202,19761,0,0
202,19762,0,0
202,19763,0,0
202,19764,0,0
202,19765,0,0
202,19766,0,0
202,19767,0,0
202,19768,0,0
202,19769,0,0
202,19770,0,0
202,19771,0,0
202,19772,0,0
202,19773,0,0
202,19774,0,0
202,19775,0,0
202,19776,0,0
202,19777,0,0
202,19778,0,0
202,19779,0,0
202,19780,0,0
202,19781,0,0
202,19782,0,0
202,19783,0,0
202,19784,0,0
202,19785,0,0
202,19786,0,0
202,19787,0,0
202,19788,0,0
202,19789,0,0
202,19790,0,0
202,19791,0,0
202,19792,0,0
202,19793,0,0
202,19794,0,0
202,19795,0,0
202,19796,0,0
202,19797,0,0
202,19798,0,0
202,19799,0,0
202,19800,0,0
202,19801,0,0
202,19802,0,0
202,19803,0,0
202,19804,0,0
202,19805,0,0
202,19806,0,0
202,19807,0,0
202,19808,0,0
202,19809,0,0
202,19810,0,0
202,19811,0,0
202,19812,0,0
202,19813,0,0
202,19814,0,0
202,19815,0,0
202,19816,0,0
202,19817,0,0
202,19818,0,0
202,19819,0,0
202,19820,0,0
202,19821,0,0
202,19822,0,0
202,19823,0,0
202,19824,0,0
202,19825,0,0
202,19826,0,0
202,19827,0,0
202,19828,0,0
202,19829,0,0
202,19830,0,0
202,19831,0,0
202,19832,0,0
202,19833,0,0
202,19834,0,0
202,19835,0,0
202,19836,0,0
202,19837,0,0
202,19838,0,0
202,19839,0,0
202,19840,0,0
202,19841,0,0
202,19842,0,0
202,19843,0,0
202,19844,0,0
202,19845,0,0
202,19846,0,0
202,19847,0,0
202,19848,0,0
202,19849,0,0
202,19850,0,0
202,19851,0,0
202,19852,0,0
202,19853,0,0
202,19854,0,0
202,19855,0,0
202,19856,0,0
202,19857,0,0
202,19858,0,0
202,19859,0,0
202,19860,0,0
202,19861,0,0
202,19862,0,0
202,19863,0,0
202,19864,0,0
202,19865,0,0
202,19866,0,0
202,19867,0,0
202,19868,0,0
202,19869,0,0
202,19870,0,0
202,19871,0,0
202,19872,0,0
202,19873,0,0
202,19874,0,0
202,19875,0,0
202,19876,0,0
202,19877,0,0
202,19878,0,0
202,19879,0,0
202,19880,0,0
202,19881,0,0
202,19882,0,0
202,19883,0,0
202,19884,0,0
202,19885,0,0
202,19886,0,0
202,19887,0,0
202,19888,0,0
202,19889,0,0
202,19890,0,0
202,19891,0,0
202,19892,0,0
202,19893,0,0
202,19894,0,0
202,19895,0,0
202,19896,0,0
202,19897,0,0
202,19898,0,0
202,19899,0,0
202,19900,0,0
202,19901,0,0
202,19902,0,0
202,19903,0,0
202,19904,0,0
202,19905,0,0
202,19906,0,0
202,19907,0,0
202,19908,0,0
202,19909,0,0
202,19910,0,0
202,19911,0,0
202,19912,0,0
202,19913,0,0
202,19914,0,0
202,19915,0,0
202,19916,0,0
202,19917,0,0
202,19918,0,0
202,19919,0,0
202,19920,0,0
202,19921,0,0
202,19922,0,0
202,19923,0,0
202,19924,0,0
202,19925,0,0
202,19926,0,0
202,19927,0,0
202,19928,0,0
202,19929,0,0
202,19930,0,0
202,19931,0,0
202,19932,0,0
202,19933,0,0
202,19934,0,0
202,19935,0,0
202,19936,0,0
202,19937,0,0
202,19938,0,0
202,19939,0,0
202,19940,0,0
202,19941,0,0
202,19942,0,0
202,19943,0,0
202,19944,0,0
202,19945,0,0
202,19946,0,0
202,19947,0,0
202,19948,0,0
202,19949,0,0
202,19950,0,0
202,19951,0,0
202,19952,0,0
202,19953,0,0
202,19954,0,0
202,19955,0,0
202,19956,0,0
202,19957,0,0
202,19958,0,0
202,19959,0,0
202,19960,0,0
202,19961,0,0
202,19962,0,0
202,19963,0,0
202,19964,0,0
202,19965,0,0
202,19966,0,0
202,19967,0,0
202,19968,0,0
202,19969,0,0
202,19970,0,0
202,19971,0,0
202,19972,0,0
202,19973,0,0
202,19974,0,0
202,19975,0,0
202,19976,0,0
202,19977,0,0
202,19978,0,0
202,19979,0,0
202,19980,0,0
202,19981,0,0
202,19982,0,0
202,19983,0,0
202,19984,0,0
202,19985,0,0
202,19986,0,0
202,19987,0,0
202,19988,0,0
202,19989,0,0
202,19990,0,0
202,19991,0,0
202,19992,0,0
202,19993,0,0
202,19994,0,0
202,19995,0,0
202,19996,0,0
202,19997,0,0
202,19998,0,0
202,19999,0,0
202,20000,0,0
202,20001,0,0
202,20002,0,0
202,20003,0,0
202,20004,0,0
202,20005,0,0
202,20006,0,0
202,20007,0,0
202,20008,0,0
202,20009,0,0
202,20010,0,0
202,20011,0,0
202,20012,0,0
202,20013,0,0
202,20014,0,0
202,20015,0,0
202,20016,0,0
202,20017,0,0
202,20018,0,0
202,20019,0,0
202,20020,0,0
202,20021,0,0
202,20022,0,0
202,20023,0,0
202,20024,0,0
202,20025,0,0
202,20026,0,0
202,20027,0,0
202,20028,0,0
202,20029,0,0
202,20030,0,0
202,20031,0,0
202,20032,0,0
202,20033,0,0
202,20034,0,0
202,20035,0,0
202,20036,0,0
202,20037,0,0
202,20038,0,0
202,20039,0,0
202,20040,0,0
202,20041,0,0
202,20042,0,0
202,20043,0,0
202,20044,0,0
202,20045,0,0
202,20046,0,0
202,20047,0,0
202,20048,0,0
202,20049,0,0
202,20050,0,0
202,20051,0,0
202,20052,0,0
202,20053,0,0
202,20054,0,0
202,20055,0,0
202,20056,0,0
202,20057,0,0
202,20058,0,0
202,20059,0,0
202,20060,0,0
202,20061,0,0
202,20062,0,0
202,20063,0,0
202,20064,0,0
202,20065,0,3
202,20066,0,0
202,20067,0,0
202,20068,0,0
202,20069,0,1
202,20070,0,0
202,20071,0,0
202,20072,0,3
202,20073,0,0
202,20074,0,0
202,20075,0,0
202,20076,0,0
202,20077,0,0
202,20078,0,0
202,20079,0,0
202,20080,0,0
202,20081,0,0
202,20082,0,0
202,20083,0,0
202,20084,0,0
202,20085,0,0
202,20086,0,0
202,20087,0,0
202,20088,0,0
202,20089,0,0
202,20090,0,0
202,20091,0,3
202,20092,0,3
202,20093,0,0
202,20094,0,0
202,20095,0,0
202,20096,0,0
202,20097,0,0
202,20098,0,0
202,20099,0,0
202,20100,0,0
202,20101,0,0
202,20102,0,0
202,20103,0,3
202,20104,0,3
202,20105,0,3
202,20106,0,3
202,20107,0,3
202,20108,0,0
202,20109,0,0
202,20110,0,0
202,20111,0,0
202,20112,0,0
202,20113,0,0
202,20114,0,0
202,20115,0,0
202,20116,0,0
202,20117,0,0
202,20118,0,0
202,20119,0,0
202,20120,0,0
202,20121,0,0
202,20122,0,0
202,20123,0,0
202,20124,0,0
202,20125,0,0
202,20126,0,0
202,20127,0,0
202,20128,0,0
202,20129,0,0
202,20130,0,0
202,20131,0,0
202,20132,0,0
202,20133,0,0
202,20134,0,0
202,20135,0,3
202,20136,0,0
202,20137,0,0
202,20138,0,0
202,20139,0,0
202,20140,0,0
202,20141,0,0
202,20142,0,0
202,20143,0,0
202,20144,0,0
202,20145,0,0
202,20146,0,1
202,20147,0,0
202,20148,0,0
202,20149,0,0
202,20150,0,0
202,20151,0,0
202,20152,0,0
202,20153,0,0
202,20154,0,0
202,20155,0,0
202,20156,0,0
202,20157,0,0
202,20158,0,0
202,20159,2,2
202,20160,0,0
202,20161,0,0
202,20162,0,0
202,20163,0,0
202,20164,0,0
202,20165,0,0
202,20166,0,0
202,20167,0,0
202,20168,0,0
202,20169,0,0
202,20170,0,0
202,20171,0,0
202,20172,0,0
202,20173,0,0
202,20174,0,0
202,20175,0,0
202,20176,0,0
202,20177,0,0
202,20178,0,0
202,20179,0,0
202,20180,0,0
202,20181,0,0
202,20182,0,0
202,20183,0,0
202,20184,0,0
202,20185,0,0
202,20186,0,0
202,20187,0,0
202,20188,0,0
202,20189,0,0
202,20190,0,0
202,20191,0,0
202,20192,0,0
202,20193,0,0
202,20194,0,0
202,20195,0,0
202,20196,0,0
202,20197,0,0
202,20198,0,0
202,20199,0,0
202,20200,0,0
202,20201,0,0
202,20202,0,0
202,20203,0,0
202,20204,0,0
202,20205,0,0
202,20206,0,0
202,20207,0,0
202,20208,0,0
202,20209,0,0
202,20210,0,0
202,20211,0,0
202,20212,0,0
202,20213,0,0
202,20214,0,0
202,20215,0,0
202,20216,0,0
202,20217,0,0
202,20218,0,0
202,20219,0,0
202,20220,0,0
202,20221,0,0
202,20222,0,0
202,20223,0,0
202,20224,0,0
202,20225,0,0
202,20226,0,0
202,20227,0,0
202,20228,0,0
202,20229,0,0
202,20230,0,0
202,20231,0,0
202,20232,0,0
202,20233,0,0
202,20234,0,0
202,20235,0,0
202,20236,0,0
202,20237,0,0
202,20238,0,0
202,20239,0,0
202,20240,0,0
202,20241,0,0
202,20242,0,0
202,20243,0,0
202,20244,0,0
202,20245,0,0
202,20246,0,0
202,20247,0,0
202,20248,0,0
202,20249,0,0
202,20250,0,0
202,20251,0,0
202,20252,0,0
202,20253,0,0
202,20254,0,0
202,20255,0,0
202,20256,0,0
202,20257,0,0
202,20258,0,0
202,20259,0,0
202,20260,0,0
202,20261,0,0
202,20262,0,0
202,20263,0,0
202,20264,0,0
202,20265,0,0
202,20266,0,0
202,20267,0,0
202,20268,0,0
202,20269,0,0
202,20270,0,0
202,20271,0,0
202,20272,0,0
202,20273,0,0
202,20274,0,0
202,20275,0,0
202,20276,0,0
202,20277,0,0
202,20278,0,0
202,20279,0,0
202,20280,0,0
202,20281,0,0
202,20282,0,0
202,20283,0,0
202,20284,0,0
202,20285,0,0
202,20286,0,0
202,20287,0,0
202,20288,0,0
202,20289,0,0
202,20290,0,0
202,20291,0,0
202,20292,0,0
202,20293,0,0
202,20294,0,0
202,20295,0,0
202,20296,0,0
202,20297,0,0
202,20298,0,0
202,20299,0,0
202,20300,0,0
202,20301,0,0
202,20302,0,0
202,20303,1,2
202,20304,0,0
202,20305,0,0
202,20306,0,0
202,20307,0,0
202,20308,0,0
202,20309,0,0
202,20310,0,0
202,20311,0,0
202,20312,0,0
202,20313,0,0
202,20314,0,0
202,20315,0,0
202,20316,0,0
202,20317,0,0
202,20318,0,0
202,20319,0,0
202,20320,0,0
202,20321,0,0
202,20322,0,0
202,20323,0,0
202,20324,0,0
202,20325,0,0
202,20326,0,0
202,20327,0,0
202,20328,0,0
202,20329,0,0
202,20330,0,0
202,20331,0,0
202,20332,0,0
202,20333,0,0
202,20334,0,0
202,20335,0,0
202,20336,0,0
202,20337,0,0
202,20338,0,0
202,20339,0,0
202,20340,0,0
202,20341,0,0
202,20342,0,0
202,20343,0,0
202,20344,0,0
202,20345,0,0
202,20346,0,0
202,20347,0,0
202,20348,0,0
202,20349,0,0
202,20350,0,0
202,20351,0,0
202,20352,0,0
202,20353,0,0
202,20354,0,0
202,20355,0,0
202,20356,0,0
202,20357,0,0
202,20358,0,0
202,20359,0,0
202,20360,0,0
202,20361,0,0
202,20362,0,0
202,20363,0,0
202,20364,0,0
202,20365,0,0
202,20366,0,0
202,20367,0,0
202,20368,0,0
202,20369,0,0
202,20370,0,0
202,20371,0,0
202,20372,0,0
202,20373,0,0
202,20374,0,0
202,20375,0,0
202,20376,0,0
202,20377,0,0
202,20378,0,0
202,20379,0,0
202,20380,0,0
202,20381,0,0
202,20382,0,0
202,20383,0,0
202,20384,0,0
202,20385,0,0
202,20386,0,0
202,20387,0,0
202,20388,0,0
202,20389,0,0
202,20390,0,0
202,20391,0,0
202,20392,0,0
202,20393,0,0
202,20394,0,0
202,20395,0,0
202,20396,0,0
202,20397,0,0
202,20398,0,0
202,20399,0,0
202,20400,0,0
202,20401,0,0
202,20402,0,0
202,20403,0,0
202,20404,0,0
202,20405,0,0
202,20406,0,0
202,20407,0,0
202,20408,0,0
202,20409,0,0
202,20410,0,0
202,20411,0,0
202,20412,0,0
202,20413,0,0
202,20414,0,0
202,20415,0,0
202,20416,0,0
202,20417,0,0
202,20418,0,0
202,20419,0,0
202,20420,0,0
202,20421,0,0
202,20422,0,0
202,20423,0,0
202,20424,0,0
202,20425,0,0
202,20426,0,0
202,20427,0,0
202,20428,0,0
202,20429,0,0
202,20430,0,0
202,20431,0,0
202,20432,0,0
202,20433,0,0
202,20434,0,0
202,20435,0,0
202,20436,0,0
202,20437,0,0
202,20438,0,0
202,20439,0,0
202,20440,0,0
202,20441,0,0
202,20442,0,0
202,20443,0,0
202,20444,0,0
202,20445,0,0
202,20446,0,0
202,20447,0,0
202,20448,0,0
202,20449,0,0
202,20450,0,0
202,20451,0,0
202,20452,0,0
202,20453,0,0
202,20454,0,0
202,20455,0,0
202,20456,0,0
202,20457,0,0
202,20458,0,0
202,20459,0,0
202,20460,0,0
202,20461,0,0
202,20462,0,0
202,20463,0,0
202,20464,0,0
202,20465,0,0
202,20466,0,0
202,20467,0,0
202,20468,0,0
202,20469,0,0
202,20470,0,0
202,20471,0,0
202,20472,0,0
202,20473,0,0
202,20474,0,0
202,20475,0,0
202,20476,0,0
202,20477,0,0
202,20478,0,0
202,20479,0,0
202,20480,0,0
202,20481,0,0
202,20482,0,0
202,20483,0,0
202,20484,0,0
202,20485,0,0
202,20486,0,0
210,20487,0,0
210,20488,0,0
210,20489,2,2
210,20490,0,0
210,20491,0,0
210,20492,0,0
210,20493,0,0
210,20494,0,0
210,20495,0,0
210,20496,0,0
210,20497,0,0
210,20498,0,0
210,20499,0,0
210,20500,0,0
210,20501,0,0
210,20502,0,0
210,20503,2,2
210,20504,0,0
210,20505,0,0
210,20506,0,0
210,20507,0,0
210,20508,0,0
210,20509,0,0
210,20510,0,0
210,20511,0,0
210,20512,0,0
210,20513,0,0
210,20514,2,2
210,20515,0,0
210,20516,0,0
210,20517,0,0
210,20518,0,0
210,20519,0,0
210,20520,0,0
210,20521,3,2
210,20522,0,0
210,20523,0,0
210,20524,0,1
210,20525,0,0
210,20526,0,0
210,20527,0,0
210,20528,0,0
210,20529,0,0
210,20530,0,0
210,20531,0,0
210,20532,0,0
210,20533,2,2
210,20534,0,0
210,20535,0,0
210,20536,0,0
210,20537,0,0
210,20538,0,0
210,20539,2,2
210,20540,0,0
210,20541,0,3
210,20542,0,0
210,20543,0,0
210,20544,0,0
210,20545,0,0
210,20546,0,0
210,20547,0,0
210,20548,0,0
210,20549,0,0
210,20550,0,0
210,20551,0,0
210,20552,0,0
210,20553,0,0
210,20554,0,0
210,20555,0,0
210,20556,0,0
210,20557,0,3
210,20558,2,2
210,20559,0,0
210,20560,0,0
210,20561,0,0
210,20562,0,0
210,20563,0,0
210,20564,0,0
210,20565,0,0
210,20566,0,0
210,20567,2,2
210,20568,0,0
210,20569,0,0
210,20570,0,0
210,20571,0,0
210,20572,0,0
210,20573,0,0
210,20574,0,0
210,20575,0,0
210,20576,0,0
210,20577,0,0
210,20578,0,0
210,20579,0,0
210,20580,0,0
210,20581,0,0
210,20582,0,0
210,20583,0,0
210,20584,0,0
210,20585,0,0
210,20586,0,0
210,20587,0,1
210,20588,0,0
210,20589,0,0
210,20590,0,0
210,20591,0,0
210,20592,0,0
210,20593,0,0
210,20594,2,2
210,20595,0,0
210,20596,0,0
210,20597,0,0
210,20598,0,0
210,20599,0,0
210,20600,0,0
210,20601,0,0
210,20602,0,0
210,20603,0,0
210,20604,0,0
210,20605,0,0
210,20606,0,0
210,20607,0,0
210,20608,0,0
210,20609,0,0
210,20610,0,0
210,20611,0,0
210,20612,0,0
210,20613,0,0
210,20614,0,0
210,20615,0,0
210,20616,0,0
210,20617,0,0
210,20618,0,0
210,20619,0,0
210,20620,0,0
210,20621,0,0
210,20622,0,0
210,20623,0,0
210,20624,0,0
210,20625,0,0
210,20626,0,0
210,20627,0,0
210,20628,0,0
210,20629,0,0
210,20630,0,0
210,20631,0,0
210,20632,0,0
210,20633,2,0
210,20634,2,2
210,20635,0,0
210,20636,0,0
210,20637,0,0
210,20638,0,0
210,20639,0,0
210,20640,0,0
210,20641,0,0
210,20642,0,0
210,20643,0,0
210,20644,0,0
210,20645,0,0
210,20646,0,0
210,20647,0,0
210,20648,0,0
210,20649,0,0
210,20650,0,0
210,20651,0,0
210,20652,0,0
210,20653,0,0
210,20654,0,0
210,20655,0,0
210,20656,0,0
210,20657,0,0
210,20658,0,0
210,20659,0,0
210,20660,0,0
210,20661,0,0
210,20662,0,0
210,20663,0,0
210,20664,0,0
210,20665,0,0
210,20666,0,0
210,20667,0,0
210,20668,0,0
210,20669,0,0
210,20670,0,0
210,20671,0,0
210,20672,2,2
210,20673,2,2
210,20674,0,0
210,20675,2,2
210,20676,0,0
210,20677,2,2
210,20678,0,0
210,20679,0,0
210,20680,2,0
210,20681,0,0
210,20682,2,0
210,20683,0,0
210,20684,0,0
210,20685,2,0
210,20686,0,0
210,20687,0,0
210,20688,2,2
210,20689,2,2
210,20690,0,0
210,20691,0,0
210,20692,0,0
210,20693,0,3
210,20694,2,3
210,20695,0,0
210,20696,0,0
210,20697,0,0
210,20698,0,0
210,20699,0,0
210,20700,0,0
210,20701,0,0
210,20702,0,0
210,20703,0,0
210,20704,0,0
210,20705,0,0
210,20706,0,0
210,20707,0,0
210,20708,0,0
210,20709,0,0
210,20710,0,0
210,20711,0,0
210,20712,0,0
210,20713,0,0
210,20714,0,0
210,20715,0,0
210,20716,0,0
210,20717,0,0
210,20718,0,0
210,20719,0,0
210,20720,0,0
210,20721,0,0
210,20722,0,0
210,20723,0,0
210,20724,0,0
210,20725,0,0
210,20726,0,0
210,20727,0,0
210,20728,0,0
210,20729,0,0
210,20730,0,0
210,20731,0,0
210,20732,0,0
210,20733,0,0
210,20734,0,0
210,20735,0,0
210,20736,0,0
210,20737,0,0
210,20738,0,0
210,20739,0,0
210,20740,0,0
210,20741,0,0
210,20742,0,0
210,20743,0,0
210,20744,0,1
210,20745,0,0
210,20746,0,0
210,20747,0,0
210,20748,0,0
210,20749,0,0
210,20750,0,0
210,20751,0,0
210,20752,0,0
210,20753,0,0
210,20754,0,0
210,20755,0,1
210,20756,0,0
210,20757,0,0
210,20758,0,0
210,20759,0,0
210,20760,0,0
210,20761,0,0
210,20762,0,0
210,20763,0,0
210,20764,0,0
210,20765,0,0
210,20766,0,0
210,20767,0,0
210,20768,0,0
210,20769,0,0
210,20770,0,0
210,20771,0,0
210,20772,0,0
210,20773,0,0
210,20774,0,0
210,20775,0,0
210,20776,0,0
210,20777,0,0
210,20778,0,0
210,20779,0,0
210,20780,0,0
210,20781,0,0
210,20782,0,0
210,20783,2,2
210,20784,2,0
210,20785,0,0
210,20786,0,0
210,20787,0,0
210,20788,0,0
210,20789,0,0
210,20790,0,0
210,20791,0,0
210,20792,0,0
210,20793,0,0
210,20794,2,2
210,20795,0,0
210,20796,0,0
210,20797,0,0
210,20798,0,0
210,20799,1,0
210,20800,0,0
210,20801,0,0
210,20802,0,0
210,20803,0,0
210,20804,0,0
210,20805,0,0
210,20806,0,0
210,20807,0,0
210,20808,0,0
210,20809,0,0
210,20810,0,0
210,20811,0,0
210,20812,0,0
210,20813,0,0
210,20814,0,0
210,20815,0,0
210,20816,0,0
210,20817,0,0
210,20818,0,0
210,20819,0,0
210,20820,2,2
210,20821,0,0
210,20822,0,0
210,20823,0,2
210,20824,0,0
210,20825,0,0
210,20826,0,3
210,20827,0,0
210,20828,0,0
210,20829,0,0
210,20830,0,0
210,20831,0,0
210,20832,0,0
210,20833,0,0
210,20834,2,2
210,20835,0,0
210,20836,0,0
210,20837,0,0
210,20838,0,0
210,20839,0,0
210,20840,0,1
210,20841,0,0
210,20842,0,0
210,20843,0,0
210,20844,0,0
210,20845,2,2
210,20846,0,0
210,20847,0,0
210,20848,0,0
210,20849,0,0
210,20850,0,0
210,20851,0,1
210,20852,0,0
210,20853,0,0
210,20854,0,0
210,20855,0,0
210,20856,0,0
210,20857,0,0
210,20858,0,0
210,20859,0,0
210,20860,0,0
210,20861,0,0
210,20862,0,0
210,20863,0,0
210,20864,0,0
210,20865,0,0
210,20866,0,0
210,20867,0,0
210,20868,2,0
210,20869,0,0
210,20870,0,0
210,20871,0,0
210,20872,2,2
210,20873,0,0
210,20874,0,0
210,20875,0,0
210,20876,0,0
210,20877,0,0
210,20878,0,0
210,20879,0,0
210,20880,0,0
210,20881,0,0
210,20882,0,0
210,20883,0,0
210,20884,0,0
210,20885,1,0
210,20886,0,0
210,20887,0,0
210,20888,0,0
210,20889,0,0
210,20890,0,0
210,20891,0,0
210,20892,0,0
210,20893,0,0
210,20894,0,0
210,20895,0,0
210,20896,0,0
210,20897,0,0
210,20898,0,0
210,20899,0,0
210,20900,0,0
210,20901,2,0
210,20902,0,0
210,20903,0,0
210,20904,0,0
210,20905,0,0
210,20906,0,0
210,20907,0,0
210,20908,0,0
210,20909,0,0
210,20910,0,0
210,20911,0,0
210,20912,0,0
210,20913,0,0
210,20914,0,0
210,20915,0,0
210,20916,0,0
210,20917,0,0
210,20918,0,0
210,20919,0,0
210,20920,0,0
210,20921,0,0
210,20922,0,0
210,20923,0,0
210,20924,0,0
210,20925,2,2
210,20926,0,0
210,20927,0,0
210,20928,0,0
210,20929,0,0
210,20930,0,0
210,20931,0,0
210,20932,0,0
210,20933,2,2
210,20934,0,0
210,20935,0,0
210,20936,0,0
210,20937,0,0
210,20938,0,0
210,20939,0,0
210,20940,0,0
210,20941,0,0
210,20942,0,0
210,20943,0,0
210,20944,0,0
210,20945,0,0
210,20946,0,0
210,20947,0,0
210,20948,0,0
210,20949,0,0
210,20950,0,0
210,20951,0,0
210,20952,0,0
210,20953,0,0
210,20954,0,0
210,20955,0,0
210,20956,0,0
210,20957,0,0
210,20958,0,0
210,20959,0,0
210,20960,0,0
210,20961,0,0
210,20962,0,0
210,20963,0,0
210,20964,0,0
210,20965,2,2
210,20966,0,0
210,20967,0,0
210,20968,0,0
210,20969,0,0
210,20970,0,0
210,20971,0,0
210,20972,0,0
210,20973,0,0
210,20974,0,0
210,20975,0,0
210,20976,0,0
210,20977,0,0
210,20978,0,0
210,20979,0,0
210,20980,2,2
210,20981,0,0
210,20982,0,0
210,20983,0,0
210,20984,0,0
210,20985,0,0
210,20986,0,0
210,20987,0,0
210,20988,0,0
210,20989,0,0
210,20990,0,0
210,20991,0,0
210,20992,0,0
210,20993,0,0
210,20994,0,0
210,20995,0,0
210,20996,0,0
210,20997,0,0
210,20998,0,0
210,20999,0,0
210,21000,0,0
210,21001,0,0
210,21002,0,0
210,21003,0,0
210,21004,0,0
210,21005,0,0
210,21006,0,0
210,21007,0,0
210,21008,0,0
210,21009,0,0
210,21010,0,0
210,21011,0,0
210,21012,0,0
210,21013,0,0
210,21014,0,0
210,21015,0,0
210,21016,0,0
210,21017,2,2
210,21018,0,0
210,21019,0,0
210,21020,0,0
210,21021,0,0
210,21022,0,0
210,21023,0,0
210,21024,0,0
210,21025,0,0
210,21026,0,0
210,21027,0,0
210,21028,0,0
210,21029,0,0
210,21030,0,0
210,21031,0,0
210,21032,0,0
210,21033,0,0
210,21034,0,0
210,21035,0,0
210,21036,0,0
210,21037,0,0
210,21038,0,0
210,21039,0,0
210,21040,0,0
210,21041,0,0
210,21042,0,0
210,21043,0,0
210,21044,0,0
210,21045,0,0
210,21046,0,0
210,21047,0,0
210,21048,0,0
210,21049,0,0
210,21050,0,0
210,21051,0,0
210,21052,0,0
210,21053,0,0
210,21054,0,0
210,21055,0,0
210,21056,0,0
210,21057,0,0
210,21058,0,0
210,21059,0,0
210,21060,0,0
210,21061,0,0
210,21062,0,0
210,21063,0,0
210,21064,0,0
210,21065,0,0
210,21066,0,0
210,21067,0,0
210,21068,0,0
210,21069,0,0
210,21070,0,0
210,21071,0,0
210,21072,0,0
210,21073,0,0
210,21074,0,0
210,21075,0,0
210,21076,0,0
210,21077,0,0
210,21078,0,0
210,21079,0,0
210,21080,0,0
210,21081,0,0
210,21082,0,0
210,21083,0,0
210,21084,0,0
210,21085,0,0
210,21086,0,0
210,21087,0,0
210,21088,0,0
210,21089,0,0
210,21090,0,0
210,21091,0,0
210,21092,0,0
210,21093,0,0
210,21094,0,0
210,21095,0,0
210,21096,0,0
210,21097,0,0
210,21098,0,0
210,21099,0,0
210,21100,0,0
210,21101,0,0
210,21102,0,0
210,21103,0,0
210,21104,0,0
210,21105,0,0
210,21106,2,2
210,21107,2,2
210,21108,2,2
210,21109,2,2
210,21110,2,2
210,21111,2,2
210,21112,0,0
210,21113,2,2
210,21114,0,0
210,21115,0,0
210,21116,0,0
210,21117,0,0
210,21118,0,0
210,21119,0,0
210,21120,0,0
210,21121,0,0
210,21122,0,0
210,21123,0,0
210,21124,0,0
210,21125,0,0
210,21126,0,0
210,21127,0,0
210,21128,0,0
210,21129,0,0
210,21130,0,0
210,21131,0,0
210,21132,0,0
210,21133,0,0
210,21134,0,0
210,21135,0,0
210,21136,0,0
210,21137,0,0
210,21138,0,0
210,21139,0,0
210,21140,0,0
210,21141,0,0
210,21142,0,0
210,21143,0,0
210,21144,0,0
210,21145,0,0
210,21146,0,0
210,21147,0,0
210,21148,0,0
210,21149,0,0
210,21150,0,0
210,21151,0,0
210,21152,0,0
210,21153,2,2
210,21154,0,0
210,21155,0,0
210,21156,0,0
210,21157,0,0
210,21158,2,2
210,21159,0,0
210,21160,0,0
210,21161,0,0
210,21162,0,0
210,21163,0,0
210,21164,0,0
210,21165,0,0
210,21166,0,0
210,21167,0,0
210,21168,0,0
210,21169,0,1
210,21170,0,0
210,21171,0,0
210,21172,0,0
210,21173,0,0
210,21174,0,0
210,21175,0,0
210,21176,0,0
210,21177,0,0
210,21178,0,0
210,21179,0,0
210,21180,0,0
210,21181,0,0
210,21182,0,0
210,21183,2,0
210,21184,0,0
210,21185,2,2
210,21186,0,0
210,21187,0,0
210,21188,0,0
210,21189,0,0
210,21190,0,0
210,21191,0,0
210,21192,0,0
210,21193,0,0
210,21194,0,0
210,21195,0,0
210,21196,0,0
210,21197,0,0
210,21198,0,0
210,21199,0,0
210,21200,0,0
210,21201,0,0
210,21202,0,0
210,21203,0,1
210,21204,0,0
210,21205,0,0
210,21206,0,0
210,21207,0,0
210,21208,0,0
210,21209,2,2
210,21210,0,0
210,21211,0,0
210,21212,0,0
210,21213,0,0
210,21214,0,0
210,21215,0,0
210,21216,0,0
210,21217,0,0
210,21218,0,0
210,21219,0,0
210,21220,0,1
210,21221,1,2
210,21222,0,0
210,21223,0,0
210,21224,0,0
210,21225,0,0
210,21226,0,0
210,21227,0,0
210,21228,0,0
210,21229,0,0
210,21230,0,0
210,21231,0,0
210,21232,0,0
210,21233,0,0
210,21234,0,0
210,21235,0,0
210,21236,0,0
210,21237,0,0
210,21238,0,0
210,21239,0,0
210,21240,0,0
210,21241,0,0
210,21242,0,0
210,21243,2,2
210,21244,0,0
210,21245,2,2
210,21246,0,0
210,21247,0,0
210,21248,0,0
210,21249,0,0
210,21250,0,0
210,21251,0,0
210,21252,0,0
210,21253,0,0
210,21254,0,0
210,21255,0,0
210,21256,0,0
210,21257,0,0
210,21258,0,0
210,21259,0,0
210,21260,0,0
210,21261,0,0
210,21262,0,0
210,21263,0,0
210,21264,0,0
210,21265,0,0
210,21266,0,0
210,21267,0,0
210,21268,0,0
210,21269,0,0
210,21270,0,0
210,21271,0,0
210,21272,0,0
210,21273,0,0
210,21274,0,0
210,21275,0,0
210,21276,0,0
210,21277,0,0
210,21278,0,0
210,21279,2,2
210,21280,0,0
210,21281,3,0
210,21282,0,0
210,21283,0,0
210,21284,0,0
210,21285,0,0
210,21286,0,0
210,21287,0,0
210,21288,0,0
210,21289,0,0
210,21290,0,0
210,21291,0,0
210,21292,0,0
210,21293,0,0
210,21294,3,2
210,21295,0,0
210,21296,0,3
210,21297,2,0
210,21298,0,0
210,21299,0,0
210,21300,0,0
210,21301,0,0
210,21302,0,0
210,21303,0,0
210,21304,0,0
210,21305,0,0
210,21306,0,0
210,21307,0,0
210,21308,2,2
210,21309,0,0
210,21310,0,0
210,21311,0,0
210,21312,0,0
210,21313,2,2
210,21314,0,0
210,21315,0,0
210,21316,0,0
210,21317,0,0
210,21318,0,0
210,21319,0,0
210,21320,0,0
210,21321,0,0
210,21322,0,0
210,21323,0,0
210,21324,0,0
210,21325,0,0
210,21326,0,0
210,21327,0,0
210,21328,0,0
210,21329,0,0
210,21330,0,0
210,21331,0,0
210,21332,0,0
210,21333,0,0
210,21334,0,0
210,21335,0,0
210,21336,0,0
210,21337,0,0
210,21338,0,0
210,21339,0,0
210,21340,0,0
210,21341,0,0
210,21342,0,0
210,21343,0,0
210,21344,0,0
210,21345,0,0
210,21346,0,0
210,21347,0,0
210,21348,0,0
210,21349,0,0
210,21350,0,0
210,21351,0,0
210,21352,0,0
210,21353,0,0
210,21354,0,0
210,21355,0,0
210,21356,0,0
210,21357,0,0
210,21358,0,0
210,21359,0,0
210,21360,0,0
210,21361,0,0
210,21362,0,0
210,21363,0,0
210,21364,0,0
210,21365,0,0
210,21366,0,0
210,21367,0,0
210,21368,2,3
210,21369,0,0
210,21370,0,0
210,21371,2,2
210,21372,0,0
210,21373,0,0
210,21374,2,2
210,21375,0,0
210,21376,0,0
210,21377,2,0
210,21378,2,2
210,21379,0,0
210,21380,0,0
210,21381,0,0
210,21382,0,0
210,21383,2,2
210,21384,0,0
210,21385,0,0
210,21386,0,0
210,21387,0,0
210,21388,0,0
210,21389,0,0
210,21390,0,0
210,21391,0,0
210,21392,0,0
210,21393,0,0
210,21394,0,0
210,21395,0,0
210,21396,0,0
210,21397,1,0
210,21398,2,2
210,21399,0,0
210,21400,0,0
210,21401,0,0
210,21402,0,0
210,21403,0,0
210,21404,0,0
210,21405,0,0
210,21406,0,0
210,21407,0,0
210,21408,0,0
210,21409,0,0
210,21410,0,0
210,21411,0,0
210,21412,0,0
210,21413,0,0
210,21414,0,0
210,21415,0,0
210,21416,0,0
210,21417,0,0
210,21418,0,0
210,21419,0,0
210,21420,0,0
210,21421,0,0
210,21422,0,0
210,21423,0,0
210,21424,0,0
210,21425,0,0
210,21426,0,0
210,21427,0,0
210,21428,0,0
210,21429,0,0
210,21430,0,0
210,21431,0,0
210,21432,0,0
210,21433,2,2
210,21434,0,0
210,21435,0,0
210,21436,0,0
210,21437,0,0
210,21438,0,0
210,21439,0,0
210,21440,0,0
210,21441,0,0
210,21442,0,0
210,21443,0,0
210,21444,0,0
210,21445,0,0
210,21446,0,0
210,21447,0,0
210,21448,0,0
210,21449,0,0
210,21450,0,0
210,21451,0,0
210,21452,2,0
210,21453,0,0
210,21454,0,0
210,21455,0,0
210,21456,0,0
210,21457,0,0
210,21458,0,0
210,21459,0,0
210,21460,0,0
210,21461,0,0
210,21462,0,0
210,21463,0,0
210,21464,0,0
210,21465,0,0
210,21466,0,0
210,21467,0,0
210,21468,0,0
210,21469,0,0
210,21470,0,0
210,21471,0,0
210,21472,0,0
210,21473,0,0
210,21474,0,0
210,21475,0,0
210,21476,0,0
210,21477,2,2
210,21478,0,0
210,21479,0,0
210,21480,0,0
210,21481,0,0
210,21482,0,0
210,21483,0,0
210,21484,0,0
210,21485,0,0
210,21486,0,0
210,21487,0,0
210,21488,0,0
210,21489,0,0
210,21490,0,0
210,21491,0,0
210,21492,2,0
210,21493,0,0
210,21494,0,0
210,21495,0,0
210,21496,0,0
210,21497,0,0
210,21498,0,0
210,21499,0,0
210,21500,0,0
210,21501,2,2
210,21502,0,0
210,21503,0,0
210,21504,0,0
210,21505,0,0
210,21506,0,0
210,21507,0,0
210,21508,0,0
210,21509,0,0
210,21510,0,0
210,21511,0,0
210,21512,0,0
210,21513,0,0
210,21514,0,0
210,21515,0,0
210,21516,0,0
210,21517,0,0
210,21518,0,0
210,21519,0,0
210,21520,0,0
210,21521,0,0
210,21522,0,0
210,21523,0,0
210,21524,0,0
210,21525,0,0
210,21526,0,0
210,21527,0,0
210,21528,0,0
210,21529,0,0
210,21530,0,0
210,21531,0,0
210,21532,0,0
210,21533,0,0
210,21534,0,1
210,21535,0,0
210,21536,0,0
210,21537,0,0
210,21538,0,0
210,21539,0,0
210,21540,0,0
210,21541,0,0
210,21542,0,0
210,21543,0,0
210,21544,0,0
210,21545,0,0
210,21546,0,0
210,21547,0,0
210,21548,0,0
210,21549,0,0
210,21550,0,0
210,21551,0,0
210,21552,0,1
210,21553,0,0
210,21554,0,0
210,21555,0,0
210,21556,0,0
210,21557,0,0
210,21558,2,2
210,21559,0,0
210,21560,2,2
210,21561,0,0
210,21562,0,0
210,21563,0,0
210,21564,0,0
210,21565,0,0
210,21566,0,0
210,21567,0,0
210,21568,0,0
210,21569,0,0
210,21570,0,0
210,21571,0,0
210,21572,0,1
210,21573,0,0
210,21574,0,0
210,21575,0,0
210,21576,0,0
210,21577,0,0
210,21578,0,0
210,21579,0,0
210,21580,0,0
210,21581,0,0
210,21582,0,0
210,21583,0,0
210,21584,0,0
210,21585,0,0
210,21586,0,0
210,21587,0,0
210,21588,0,0
210,21589,0,0
210,21590,0,0
210,21591,0,0
210,21592,0,0
210,21593,0,0
210,21594,0,0
210,21595,0,0
210,21596,0,0
210,21597,0,0
210,21598,0,0
210,21599,0,0
210,21600,0,0
210,21601,0,0
210,21602,0,0
210,21603,0,0
210,21604,2,2
210,21605,0,0
210,21606,0,0
210,21607,0,0
210,21608,0,0
210,21609,0,0
210,21610,0,0
210,21611,0,0
210,21612,0,0
210,21613,0,0
210,21614,0,0
210,21615,0,0
210,21616,0,0
210,21617,0,0
210,21618,0,0
210,21619,0,0
210,21620,2,0
210,21621,1,0
210,21622,0,0
210,21623,0,0
210,21624,0,0
210,21625,0,0
210,21626,0,0
210,21627,0,0
210,21628,0,0
210,21629,0,0
210,21630,0,0
210,21631,2,2
210,21632,0,0
210,21633,2,2
210,21634,0,0
210,21635,0,0
210,21636,0,0
210,21637,0,0
210,21638,0,0
210,21639,0,0
210,21640,0,0
210,21641,0,0
210,21642,0,0
210,21643,0,0
210,21644,0,0
210,21645,0,0
210,21646,0,0
210,21647,0,0
210,21648,0,0
210,21649,0,0
210,21650,0,0
210,21651,0,0
210,21652,0,0
210,21653,0,0
210,21654,2,2
210,21655,0,0
210,21656,0,0
210,21657,0,0
210,21658,0,0
210,21659,0,0
210,21660,2,1
210,21661,2,2
210,21662,0,0
210,21663,0,0
210,21664,0,0
210,21665,0,0
210,21666,2,2
210,21667,2,2
210,21668,0,2
210,21669,2,0
210,21670,2,2
210,21671,0,0
210,21672,0,0
210,21673,0,0
210,21674,0,0
210,21675,0,0
210,21676,0,0
210,21677,0,0
210,21678,0,0
210,21679,0,0
210,21680,0,0
210,21681,0,0
210,21682,0,0
210,21683,0,0
210,21684,0,0
210,21685,0,0
210,21686,0,0
210,21687,0,0
210,21688,0,0
210,21689,0,0
210,21690,0,0
210,21691,0,0
210,21692,0,0
210,21693,0,0
210,21694,0,0
210,21695,0,0
210,21696,0,0
210,21697,0,0
210,21698,0,0
210,21699,0,0
210,21700,0,0
210,21701,0,0
210,21702,0,0
210,21703,0,0
210,21704,0,0
210,21705,2,2
210,21706,0,0
210,21707,0,0
210,21708,0,0
210,21709,0,0
210,21710,2,0
210,21711,2,2
210,21712,0,0
210,21713,0,1
210,21714,0,0
210,21715,0,0
210,21716,0,0
210,21717,0,0
210,21718,0,0
210,21719,0,1
210,21720,0,0
210,21721,0,1
210,21722,0,0
210,21723,0,0
210,21724,0,0
210,21725,0,0
210,21726,0,0
210,21727,0,0
210,21728,0,0
210,21729,0,1
210,21730,0,0
210,21731,0,0
210,21732,0,1
210,21733,0,0
210,21734,0,0
210,21735,0,0
210,21736,0,0
210,21737,0,0
210,21738,0,0
210,21739,2,2
210,21740,0,3
210,21741,1,0
210,21742,0,0
210,21743,0,0
210,21744,0,0
210,21745,0,0
210,21746,0,0
210,21747,0,0
210,21748,0,0
210,21749,0,0
210,21750,0,0
210,21751,0,1
210,21752,0,0
210,21753,0,0
210,21754,0,0
210,21755,0,0
210,21756,0,0
210,21757,0,0
210,21758,0,0
210,21759,1,0
210,21760,0,0
210,21761,0,0
210,21762,0,0
210,21763,0,0
210,21764,0,3
210,21765,0,1
210,21766,0,0
210,21767,0,1
210,21768,0,0
210,21769,0,0
210,21770,0,1
210,21771,0,0
210,21772,0,0
210,21773,0,0
210,21774,0,0
210,21775,0,0
210,21776,0,0
210,21777,0,0
210,21778,0,0
210,21779,2,2
210,21780,0,0
210,21781,2,2
210,21782,0,0
210,21783,0,0
210,21784,0,0
210,21785,0,0
210,21786,0,0
210,21787,0,0
210,21788,0,0
210,21789,0,0
210,21790,0,0
210,21791,0,0
210,21792,0,0
210,21793,0,0
210,21794,0,0
210,21795,0,0
210,21796,0,0
210,21797,0,0
210,21798,0,0
210,21799,0,0
210,21800,0,0
210,21801,0,0
210,21802,0,0
210,21803,0,0
210,21804,0,0
210,21805,0,0
210,21806,0,0
210,21807,0,0
210,21808,0,0
210,21809,0,0
210,21810,0,0
210,21811,0,0
210,21812,0,0
210,21813,0,0
210,21814,0,0
210,21815,0,0
210,21816,0,0
210,21817,0,0
210,21818,0,0
210,21819,0,0
210,21820,0,0
210,21821,0,0
210,21822,0,0
210,21823,3,0
210,21824,0,0
210,21825,0,0
210,21826,0,0
210,21827,0,0
210,21828,0,0
210,21829,0,0
210,21830,0,0
210,21831,0,0
210,21832,0,0
210,21833,0,0
210,21834,0,0
210,21835,0,0
210,21836,0,0
210,21837,0,0
210,21838,0,0
210,21839,0,0
210,21840,0,0
210,21841,0,0
210,21842,0,0
210,21843,0,0
210,21844,0,0
210,21845,0,0
210,21846,0,0
210,21847,0,0
210,21848,0,0
210,21849,0,0
210,21850,0,0
210,21851,2,0
210,21852,0,0
210,21853,0,0
210,21854,0,0
210,21855,0,0
210,21856,0,0
210,21857,2,2
210,21858,0,0
210,21859,0,0
210,21860,0,0
210,21861,0,0
210,21862,0,0
210,21863,0,0
210,21864,0,0
210,21865,0,0
210,21866,2,2
210,21867,0,0
210,21868,0,0
210,21869,0,0
210,21870,0,0
210,21871,0,0
210,21872,0,0
210,21873,0,0
210,21874,0,0
210,21875,0,0
210,21876,2,2
210,21877,0,0
210,21878,0,0
210,21879,0,0
210,21880,2,2
210,21881,0,0
210,21882,0,0
210,21883,0,0
210,21884,0,3
210,21885,0,0
210,21886,0,0
210,21887,0,0
210,21888,0,0
210,21889,0,0
210,21890,0,0
210,21891,0,0
210,21892,0,0
210,21893,0,0
210,21894,0,1
210,21895,0,0
210,21896,0,0
210,21897,0,0
210,21898,0,0
210,21899,0,0
210,21900,0,0
210,21901,0,0
210,21902,0,0
210,21903,0,0
210,21904,0,0
210,21905,2,2
210,21906,0,0
210,21907,0,0
210,21908,0,0
210,21909,0,0
210,21910,0,0
210,21911,0,0
210,21912,0,0
210,21913,0,0
210,21914,0,0
210,21915,0,0
210,21916,0,0
210,21917,1,0
210,21918,0,0
210,21919,2,2
210,21920,0,0
210,21921,2,2
210,21922,0,0
210,21923,0,0
210,21924,0,0
210,21925,0,0
210,21926,0,0
210,21927,0,0
210,21928,0,0
210,21929,0,0
210,21930,0,0
210,21931,0,0
210,21932,0,0
210,21933,0,0
210,21934,0,0
210,21935,0,0
210,21936,0,0
210,21937,0,0
210,21938,0,0
210,21939,0,0
210,21940,0,0
210,21941,0,0
210,21942,0,0
210,21943,0,0
210,21944,0,0
210,21945,0,0
210,21946,0,0
210,21947,0,0
210,21948,0,0
210,21949,0,0
210,21950,0,0
210,21951,0,0
210,21952,0,0
210,21953,0,0
210,21954,0,0
210,21955,0,0
210,21956,0,0
210,21957,0,0
210,21958,0,0
210,21959,0,0
210,21960,0,0
210,21961,0,0
210,21962,1,0
210,21963,0,0
210,21964,0,0
210,21965,0,0
210,21966,0,0
210,21967,0,0
210,21968,0,0
210,21969,0,0
210,21970,0,0
210,21971,0,0
210,21972,0,0
210,21973,0,0
210,21974,0,0
210,21975,0,0
210,21976,0,0
210,21977,0,0
210,21978,0,0
210,21979,0,0
210,21980,0,0
210,21981,0,0
210,21982,0,0
210,21983,0,0
210,21984,0,0
210,21985,2,2
210,21986,0,0
210,21987,2,2
210,21988,0,0
210,21989,2,2
210,21990,0,0
210,21991,0,0
210,21992,2,2
210,21993,0,0
210,21994,2,0
210,21995,0,0
210,21996,0,0
210,21997,2,0
210,21998,0,0
210,21999,2,2
210,22000,0,0
210,22001,2,2
210,22002,0,0
210,22003,0,0
210,22004,0,0
210,22005,0,0
210,22006,0,0
210,22007,0,0
210,22008,0,0
210,22009,0,0
210,22010,0,0
210,22011,0,0
210,22012,0,0
210,22013,0,0
210,22014,0,0
210,22015,0,0
210,22016,0,0
210,22017,0,0
210,22018,0,0
210,22019,0,0
210,22020,0,0
210,22021,0,0
210,22022,0,0
210,22023,0,0
210,22024,0,0
210,22025,0,0
210,22026,0,0
210,22027,0,0
210,22028,0,0
210,22029,0,0
210,22030,2,2
210,22031,0,0
210,22032,0,0
210,22033,2,0
210,22034,0,0
210,22035,2,2
210,22036,0,0
210,22037,0,0
210,22038,0,0
210,22039,0,0
210,22040,0,0
210,22041,0,0
210,22042,3,0
210,22043,0,0
210,22044,0,0
210,22045,0,0
210,22046,1,0
210,22047,0,0
210,22048,0,0
210,22049,0,0
210,22050,0,0
210,22051,0,0
210,22052,0,0
210,22053,0,0
210,22054,0,0
210,22055,0,0
210,22056,0,0
210,22057,0,0
210,22058,0,0
210,22059,0,0
210,22060,0,0
210,22061,0,0
210,22062,0,0
210,22063,0,0
210,22064,0,0
210,22065,0,0
210,22066,0,0
210,22067,0,0
210,22068,0,0
210,22069,0,0
210,22070,0,0
210,22071,0,0
210,22072,2,2
210,22073,0,0
210,22074,0,0
210,22075,2,2
210,22076,3,0
210,22077,0,0
210,22078,0,0
210,22079,2,2
210,22080,0,0
210,22081,2,2
210,22082,2,2
210,22083,2,2
210,22084,2,3
210,22085,2,2
210,22086,2,2
210,22087,0,0
210,22088,2,0
210,22089,0,0
210,22090,2,2
210,22091,0,0
210,22092,0,0
210,22093,0,0
210,22094,2,2
210,22095,0,0
210,22096,2,2
210,22097,0,0
210,22098,2,2
210,22099,0,0
210,22100,3,0
210,22101,0,0
210,22102,0,0
210,22103,0,0
210,22104,2,2
210,22105,0,0
210,22106,0,0
210,22107,0,0
210,22108,3,1
210,22109,0,0
210,22110,0,0
210,22111,2,2
210,22112,0,0
210,22113,2,2
210,22114,0,0
210,22115,2,2
210,22116,0,0
210,22117,2,0
210,22118,2,2
210,22119,0,0
210,22120,2,2
210,22121,2,2
210,22122,0,0
210,22123,2,2
210,22124,0,0
210,22125,2,2
210,22126,0,0
210,22127,0,0
210,22128,0,0
210,22129,0,0
210,22130,2,0
210,22131,0,0
210,22132,0,0
210,22133,0,0
210,22134,0,0
210,22135,0,1
210,22136,0,0
210,22137,0,0
210,22138,0,0
210,22139,0,1
210,22140,0,0
210,22141,0,0
210,22142,0,0
210,22143,0,0
210,22144,0,1
210,22145,0,0
210,22146,0,0
210,22147,0,0
210,22148,0,0
210,22149,0,0
210,22150,0,0
210,22151,0,0
210,22152,0,0
210,22153,0,0
210,22154,0,0
210,22155,0,0
210,22156,0,0
210,22157,0,0
210,22158,0,0
210,22159,0,0
210,22160,3,0
210,22161,0,0
210,22162,0,0
210,22163,0,0
210,22164,0,0
210,22165,0,0
210,22166,0,0
210,22167,0,0
210,22168,0,0
210,22169,2,2
210,22170,0,0
210,22171,0,0
210,22172,0,0
210,22173,0,0
210,22174,0,0
210,22175,0,0
210,22176,0,0
210,22177,0,0
210,22178,0,0
210,22179,0,0
210,22180,0,0
210,22181,0,0
210,22182,0,0
210,22183,0,0
210,22184,0,0
210,22185,0,0
210,22186,0,0
210,22187,0,0
210,22188,0,0
210,22189,0,0
210,22190,0,0
210,22191,0,0
210,22192,1,0
210,22193,0,0
210,22194,0,0
210,22195,0,0
210,22196,0,0
210,22197,0,0
210,22198,2,2
210,22199,0,0
210,22200,0,0
210,22201,0,0
210,22202,0,0
210,22203,0,0
210,22204,0,0
210,22205,0,0
210,22206,0,0
210,22207,0,0
210,22208,0,0
210,22209,0,0
210,22210,0,0
210,22211,0,0
210,22212,0,0
210,22213,0,0
210,22214,0,0
210,22215,0,0
210,22216,0,0
210,22217,0,0
210,22218,0,0
210,22219,0,0
210,22220,0,0
210,22221,0,0
210,22222,0,0
210,22223,0,0
210,22224,0,0
210,22225,0,3
210,22226,2,2
210,22227,0,0
210,22228,2,2
210,22229,2,0
210,22230,0,0
210,22231,0,0
210,22232,0,0
210,22233,0,0
210,22234,0,0
210,22235,0,0
210,22236,1,0
210,22237,0,0
210,22238,0,0
210,22239,0,0
210,22240,0,0
210,22241,0,0
210,22242,0,0
210,22243,0,0
210,22244,0,0
210,22245,0,0
210,22246,0,0
210,22247,0,0
210,22248,0,0
210,22249,0,0
210,22250,0,0
210,22251,0,0
210,22252,0,0
210,22253,0,0
210,22254,0,0
210,22255,0,0
210,22256,0,0
210,22257,0,0
210,22258,0,0
210,22259,0,0
210,22260,0,0
210,22261,0,1
210,22262,0,1
210,22263,2,2
210,22264,0,0
210,22265,0,0
210,22266,0,0
210,22267,0,0
210,22268,0,0
210,22269,2,2
210,22270,0,0
210,22271,0,0
210,22272,0,0
210,22273,0,0
210,22274,0,0
210,22275,0,0
210,22276,0,0
210,22277,0,1
210,22278,0,0
210,22279,0,0
210,22280,0,0
210,22281,0,0
210,22282,0,1
210,22283,0,0
210,22284,0,0
210,22285,0,0
210,22286,2,2
210,22287,0,0
210,22288,0,0
210,22289,0,0
210,22290,0,0
210,22291,0,0
210,22292,0,0
210,22293,0,0
210,22294,0,0
210,22295,0,0
210,22296,0,0
210,22297,0,0
210,22298,0,0
210,22299,0,0
210,22300,0,0
210,22301,0,0
210,22302,0,0
210,22303,0,0
210,22304,0,0
210,22305,0,0
210,22306,2,2
210,22307,0,0
210,22308,1,0
210,22309,0,0
210,22310,2,2
210,22311,0,0
210,22312,0,0
210,22313,0,0
210,22314,0,0
210,22315,0,0
210,22316,0,0
210,22317,0,0
210,22318,0,0
210,22319,0,0
210,22320,0,0
210,22321,0,0
210,22322,0,0
210,22323,0,0
210,22324,0,0
210,22325,0,0
210,22326,0,0
210,22327,0,0
210,22328,0,0
210,22329,0,0
210,22330,0,0
210,22331,0,0
210,22332,0,0
210,22333,0,0
210,22334,0,0
210,22335,0,0
210,22336,0,0
210,22337,0,0
210,22338,0,0
210,22339,0,0
210,22340,0,0
210,22341,0,0
210,22342,0,0
210,22343,2,0
210,22344,0,0
210,22345,0,0
210,22346,0,1
210,22347,1,0
210,22348,2,2
210,22349,0,0
210,22350,0,0
210,22351,0,0
210,22352,0,0
210,22353,0,0
210,22354,0,0
210,22355,0,0
210,22356,0,0
210,22357,0,0
210,22358,0,0
210,22359,0,0
210,22360,0,0
210,22361,0,0
210,22362,0,0
210,22363,0,0
210,22364,0,0
210,22365,0,0
210,22366,0,0
210,22367,2,2
210,22368,0,0
210,22369,0,0
210,22370,0,0
210,22371,0,0
210,22372,0,0
210,22373,0,0
210,22374,2,2
210,22375,0,0
210,22376,0,0
210,22377,2,2
210,22378,0,0
210,22379,0,0
210,22380,0,0
210,22381,0,0
210,22382,0,0
210,22383,0,0
210,22384,0,0
210,22385,0,0
210,22386,0,0
210,22387,0,0
210,22388,0,0
210,22389,0,0
210,22390,0,0
210,22391,0,0
210,22392,0,0
210,22393,0,1
210,22394,0,0
210,22395,0,0
210,22396,0,1
210,22397,0,0
210,22398,2,2
210,22399,0,1
210,22400,0,0
210,22401,0,0
210,22402,0,0
210,22403,0,0
210,22404,0,0
210,22405,0,0
210,22406,0,0
210,22407,0,0
210,22408,0,0
210,22409,0,0
210,22410,0,0
210,22411,0,0
210,22412,0,0
210,22413,0,0
210,22414,0,0
210,22415,0,0
210,22416,0,0
210,22417,0,0
210,22418,0,0
210,22419,0,0
210,22420,0,0
210,22421,0,0
210,22422,0,0
210,22423,0,0
210,22424,0,0
210,22425,0,0
210,22426,0,0
210,22427,0,0
210,22428,0,0
210,22429,0,0
210,22430,0,0
210,22431,0,0
210,22432,0,0
210,22433,0,0
210,22434,0,0
210,22435,0,0
210,22436,0,0
210,22437,0,0
210,22438,0,0
210,22439,0,0
210,22440,0,0
210,22441,0,0
210,22442,0,0
210,22443,0,0
210,22444,0,0
210,22445,0,0
210,22446,0,0
210,22447,0,0
210,22448,0,3
210,22449,2,2
210,22450,0,0
210,22451,0,0
210,22452,0,1
210,22453,0,1
210,22454,0,1
210,22455,0,0
210,22456,0,0
210,22457,0,0
210,22458,0,0
210,22459,0,0
210,22460,2,1
210,22461,0,0
210,22462,2,2
210,22463,0,0
210,22464,0,0
210,22465,0,0
210,22466,0,0
210,22467,0,0
210,22468,0,0
210,22469,0,0
210,22470,0,0
210,22471,0,1
210,22472,0,0
210,22473,0,0
210,22474,0,0
210,22475,0,0
210,22476,0,0
210,22477,0,0
210,22478,0,0
210,22479,0,0
210,22480,0,0
210,22481,0,0
210,22482,0,0
210,22483,0,0
210,22484,0,0
210,22485,0,0
210,22486,0,0
210,22487,0,0
210,22488,0,0
210,22489,0,0
210,22490,0,0
210,22491,0,0
210,22492,0,0
210,22493,0,0
210,22494,0,0
210,22495,0,0
210,22496,0,0
210,22497,0,0
210,22498,2,2
210,22499,0,0
210,22500,2,2
210,22501,0,0
210,22502,0,0
210,22503,0,0
210,22504,0,0
210,22505,0,0
210,22506,0,0
210,22507,0,0
210,22508,0,0
210,22509,0,0
210,22510,0,0
210,22511,0,0
210,22512,0,0
210,22513,0,0
210,22514,2,2
210,22515,0,0
210,22516,0,0
210,22517,0,0
210,22518,0,0
210,22519,2,2
210,22520,0,0
210,22521,0,0
210,22522,0,0
210,22523,0,0
210,22524,0,0
210,22525,0,0
210,22526,0,0
210,22527,0,0
210,22528,0,0
210,22529,0,0
210,22530,0,0
210,22531,0,0
210,22532,0,0
210,22533,0,1
210,22534,0,0
210,22535,0,0
210,22536,0,0
210,22537,0,0
210,22538,0,1
210,22539,0,0
210,22540,0,0
210,22541,0,0
210,22542,0,0
210,22543,0,0
210,22544,0,0
210,22545,0,0
210,22546,0,0
210,22547,0,0
210,22548,0,0
210,22549,0,0
210,22550,0,0
210,22551,0,0
210,22552,0,0
210,22553,0,0
210,22554,0,0
210,22555,0,0
210,22556,0,0
210,22557,2,2
210,22558,0,0
210,22559,0,0
210,22560,0,0
210,22561,0,0
210,22562,0,0
210,22563,0,0
210,22564,0,0
210,22565,0,0
210,22566,0,0
210,22567,0,0
210,22568,0,0
210,22569,0,0
210,22570,0,0
210,22571,0,0
210,22572,0,0
210,22573,0,0
210,22574,0,0
210,22575,0,0
210,22576,0,0
210,22577,0,0
210,22578,0,0
210,22579,2,2
210,22580,0,0
210,22581,0,0
210,22582,0,0
210,22583,0,0
210,22584,0,0
210,22585,0,0
210,22586,0,0
210,22587,0,0
210,22588,0,0
210,22589,0,0
210,22590,0,0
210,22591,0,0
210,22592,2,2
210,22593,0,0
210,22594,0,0
210,22595,0,0
210,22596,0,0
210,22597,0,0
210,22598,0,0
210,22599,0,1
210,22600,0,0
210,22601,0,0
210,22602,0,0
210,22603,0,0
210,22604,0,1
210,22605,0,0
210,22606,0,0
210,22607,0,0
210,22608,0,0
210,22609,0,0
210,22610,0,0
210,22611,0,0
210,22612,0,0
210,22613,0,0
210,22614,0,0
210,22615,0,0
210,22616,0,0
210,22617,0,0
210,22618,0,0
210,22619,0,0
210,22620,0,0
210,22621,0,0
210,22622,0,0
210,22623,0,0
210,22624,0,0
210,22625,0,0
210,22626,0,0
210,22627,0,0
210,22628,0,0
210,22629,0,0
210,22630,2,2
210,22631,0,0
210,22632,0,0
210,22633,0,0
210,22634,0,0
210,22635,0,0
210,22636,0,0
210,22637,0,0
210,22638,0,0
210,22639,0,0
210,22640,0,0
210,22641,0,0
210,22642,0,0
210,22643,0,0
210,22644,0,0
210,22645,0,0
210,22646,0,0
210,22647,0,0
210,22648,0,0
210,22649,0,0
210,22650,0,0
210,22651,0,0
210,22652,0,0
210,22653,0,0
210,22654,0,0
210,22655,0,0
210,22656,0,1
210,22657,0,0
210,22658,0,0
210,22659,0,0
210,22660,0,0
210,22661,0,0
210,22662,0,0
210,22663,0,1
210,22664,0,0
210,22665,0,0
210,22666,0,0
210,22667,0,0
210,22668,0,0
210,22669,0,0
210,22670,0,0
210,22671,0,0
210,22672,0,0
210,22673,0,2
210,22674,0,0
210,22675,0,1
210,22676,0,0
210,22677,0,0
210,22678,0,0
210,22679,0,0
210,22680,0,0
210,22681,0,1
210,22682,0,0
210,22683,0,0
210,22684,0,0
210,22685,0,0
210,22686,0,0
210,22687,0,0
210,22688,0,0
210,22689,0,0
210,22690,0,0
210,22691,0,0
210,22692,0,0
210,22693,0,0
210,22694,0,0
210,22695,0,0
210,22696,0,0
210,22697,0,0
210,22698,0,0
210,22699,0,0
210,22700,0,0
210,22701,0,0
210,22702,0,0
210,22703,0,0
210,22704,0,0
210,22705,0,0
210,22706,0,0
210,22707,0,0
210,22708,0,0
210,22709,0,0
210,22710,0,0
210,22711,2,2
210,22712,0,0
210,22713,0,0
210,22714,0,0
210,22715,0,0
210,22716,0,0
210,22717,0,0
210,22718,0,0
210,22719,0,0
210,22720,0,0
210,22721,0,0
210,22722,0,0
210,22723,0,0
210,22724,0,0
210,22725,0,0
210,22726,0,0
210,22727,0,0
210,22728,0,0
210,22729,2,2
210,22730,0,0
210,22731,0,0
210,22732,0,0
210,22733,0,0
210,22734,2,2
210,22735,0,0
210,22736,0,0
210,22737,0,0
210,22738,0,0
210,22739,0,0
210,22740,2,2
210,22741,0,0
210,22742,0,0
210,22743,0,0
210,22744,0,0
210,22745,0,0
210,22746,0,0
210,22747,0,0
210,22748,0,1
210,22749,0,0
210,22750,0,0
210,22751,0,0
210,22752,0,0
210,22753,0,0
210,22754,0,0
210,22755,0,0
210,22756,0,0
210,22757,0,0
210,22758,0,0
210,22759,0,0
210,22760,0,1
210,22761,0,0
210,22762,0,0
210,22763,0,0
210,22764,0,0
210,22765,0,0
210,22766,0,0
210,22767,0,0
210,22768,0,0
210,22769,0,0
210,22770,0,0
210,22771,0,0
210,22772,0,0
210,22773,0,0
210,22774,0,0
210,22775,0,0
210,22776,0,0
210,22777,0,0
210,22778,0,0
210,22779,0,0
210,22780,0,0
210,22781,1,0
210,22782,0,0
210,22783,0,0
210,22784,0,0
210,22785,0,0
210,22786,0,0
210,22787,0,0
210,22788,0,0
210,22789,0,0
210,22790,0,0
210,22791,0,0
210,22792,0,0
210,22793,0,0
210,22794,0,0
210,22795,1,0
210,22796,0,0
210,22797,0,0
210,22798,0,0
210,22799,0,0
210,22800,0,0
210,22801,0,0
210,22802,0,0
210,22803,2,2
210,22804,0,0
210,22805,0,0
210,22806,0,0
210,22807,0,0
210,22808,0,0
210,22809,0,0
210,22810,0,0
210,22811,0,0
210,22812,0,0
210,22813,0,0
210,22814,0,0
210,22815,0,0
210,22816,0,0
210,22817,0,0
210,22818,0,3
210,22819,2,0
210,22820,0,0
210,22821,0,0
210,22822,0,0
210,22823,0,0
210,22824,0,0
210,22825,0,0
210,22826,0,0
210,22827,0,0
210,22828,0,0
210,22829,0,0
210,22830,0,0
210,22831,0,0
210,22832,0,0
210,22833,0,0
210,22834,0,0
210,22835,0,0
210,22836,0,0
210,22837,0,1
210,22838,0,0
210,22839,0,0
210,22840,0,0
210,22841,0,0
210,22842,0,0
210,22843,0,0
210,22844,0,0
210,22845,0,0
210,22846,0,0
210,22847,0,0
210,22848,0,0
210,22849,2,2
210,22850,0,0
210,22851,0,0
210,22852,0,1
210,22853,0,0
210,22854,0,0
210,22855,0,0
210,22856,0,0
210,22857,0,0
210,22858,0,0
210,22859,0,0
210,22860,0,0
210,22861,0,0
210,22862,0,1
210,22863,0,0
210,22864,2,2
210,22865,0,0
210,22866,0,0
210,22867,0,0
210,22868,0,0
210,22869,0,0
210,22870,2,0
210,22871,0,0
210,22872,0,0
210,22873,0,0
210,22874,0,0
210,22875,0,0
210,22876,0,0
210,22877,0,1
210,22878,0,0
210,22879,0,0
210,22880,0,0
210,22881,0,0
210,22882,0,0
210,22883,0,0
210,22884,0,0
210,22885,0,0
210,22886,1,0
210,22887,0,0
210,22888,2,2
210,22889,0,0
210,22890,0,0
210,22891,0,0
210,22892,1,0
210,22893,1,0
210,22894,0,0
210,22895,0,0
210,22896,0,1
210,22897,0,0
210,22898,0,0
210,22899,0,0
210,22900,0,0
210,22901,0,0
210,22902,0,0
210,22903,1,0
210,22904,0,0
210,22905,0,0
210,22906,0,0
210,22907,0,0
210,22908,0,0
210,22909,0,0
210,22910,0,0
210,22911,0,0
210,22912,0,0
210,22913,0,0
210,22914,0,0
210,22915,0,0
210,22916,0,0
210,22917,0,0
210,22918,0,0
210,22919,0,0
210,22920,2,2
210,22921,0,0
210,22922,2,2
210,22923,0,0
210,22924,2,2
210,22925,0,0
210,22926,0,0
210,22927,0,0
210,22928,2,2
210,22929,0,0
210,22930,2,0
210,22931,0,0
210,22932,0,0
210,22933,2,2
210,22934,0,0
210,22935,0,0
210,22936,0,0
210,22937,0,0
210,22938,0,0
210,22939,0,0
210,22940,0,0
210,22941,0,0
210,22942,0,0
210,22943,2,2
210,22944,0,0
210,22945,0,0
210,22946,0,0
210,22947,0,0
210,22948,2,2
210,22949,0,0
210,22950,0,0
210,22951,0,0
210,22952,0,0
210,22953,0,0
210,22954,0,0
210,22955,0,0
210,22956,0,0
210,22957,0,0
210,22958,0,0
210,22959,0,0
210,22960,0,0
210,22961,0,0
210,22962,0,0
210,22963,0,0
210,22964,0,0
210,22965,0,0
210,22966,0,1
210,22967,0,0
210,22968,0,0
210,22969,2,2
210,22970,0,0
210,22971,2,2
210,22972,0,0
210,22973,0,0
210,22974,0,0
210,22975,0,0
210,22976,0,0
210,22977,0,0
210,22978,0,0
210,22979,0,0
210,22980,0,0
210,22981,0,0
210,22982,0,0
210,22983,0,0
210,22984,0,0
210,22985,0,0
210,22986,0,0
210,22987,0,0
210,22988,0,0
210,22989,0,0
210,22990,0,0
210,22991,0,0
210,22992,0,0
210,22993,0,0
210,22994,0,1
210,22995,0,3
210,22996,2,2
210,22997,0,0
210,22998,0,0
210,22999,0,0
210,23000,0,0
210,23001,0,0
210,23002,0,0
210,23003,0,0
210,23004,0,0
210,23005,0,0
210,23006,0,0
210,23007,0,0
210,23008,0,0
210,23009,0,0
210,23010,0,1
210,23011,0,0
210,23012,0,0
210,23013,0,0
210,23014,0,0
210,23015,0,0
210,23016,0,0
210,23017,0,0
210,23018,0,0
210,23019,0,0
210,23020,0,0
210,23021,0,0
210,23022,0,0
210,23023,0,0
210,23024,0,0
210,23025,0,0
210,23026,0,0
210,23027,0,0
210,23028,0,0
210,23029,0,0
210,23030,0,0
210,23031,2,2
210,23032,0,0
210,23033,0,0
210,23034,0,0
210,23035,0,0
210,23036,0,0
210,23037,0,0
210,23038,0,0
210,23039,0,0
210,23040,0,0
210,23041,0,0
210,23042,0,0
210,23043,0,0
210,23044,0,0
210,23045,0,0
210,23046,0,0
210,23047,0,0
210,23048,0,0
210,23049,2,2
210,23050,0,0
210,23051,0,0
210,23052,0,0
210,23053,0,0
210,23054,0,0
210,23055,0,0
210,23056,0,1
210,23057,0,0
210,23058,0,0
210,23059,2,2
210,23060,0,0
210,23061,0,0
210,23062,0,0
210,23063,0,0
210,23064,2,2
210,23065,0,0
210,23066,2,2
210,23067,0,0
210,23068,1,0
210,23069,2,2
210,23070,2,0
210,23071,2,2
210,23072,3,0
210,23073,0,0
210,23074,0,0
210,23075,0,0
210,23076,2,0
210,23077,0,0
210,23078,0,0
210,23079,0,0
210,23080,0,1
210,23081,0,0
210,23082,2,2
210,23083,0,0
210,23084,2,0
210,23085,0,2
210,23086,0,0
210,23087,0,0
210,23088,0,0
210,23089,0,0
210,23090,2,2
210,23091,0,1
210,23092,0,0
210,23093,0,0
210,23094,0,0
210,23095,0,1
210,23096,0,0
210,23097,0,0
210,23098,0,0
210,23099,0,0
210,23100,0,0
210,23101,0,0
210,23102,2,2
210,23103,0,0
210,23104,0,0
210,23105,0,0
210,23106,2,2
210,23107,0,0
210,23108,2,2
210,23109,0,0
210,23110,0,0
210,23111,0,0
210,23112,1,0
210,23113,2,2
210,23114,0,0
210,23115,2,2
210,23116,0,0
210,23117,0,0
210,23118,0,0
210,23119,0,0
210,23120,0,0
210,23121,0,0
210,23122,0,0
210,23123,0,0
210,23124,0,0
210,23125,0,0
210,23126,2,2
210,23127,0,0
210,23128,0,0
210,23129,2,2
210,23130,0,0
210,23131,0,0
210,23132,0,0
210,23133,2,2
210,23134,0,0
212,23135,0,0
212,23136,0,0
212,23137,0,0
212,23138,0,0
212,23139,0,0
212,23140,0,0
212,23141,0,0
212,23142,0,0
212,23143,0,0
212,23144,0,0
212,23145,0,0
212,23146,0,0
212,23147,0,0
212,23148,0,0
212,23149,0,0
212,23150,0,0
212,23151,0,0
212,23152,0,0
212,23153,0,0
212,23154,0,0
212,23155,0,0
212,23156,0,0
212,23157,0,0
212,23158,0,0
212,23159,0,0
212,23160,0,0
212,23161,0,0
212,23162,0,0
212,23163,0,0
212,23164,0,0
212,23165,0,0
212,23166,0,0
212,23167,0,0
212,23168,0,0
212,23169,0,0
212,23170,0,0
212,23171,0,0
212,23172,0,0
212,23173,0,0
212,23174,0,0
212,23175,0,0
212,23176,0,0
212,23177,0,0
212,23178,0,0
212,23179,0,0
212,23180,0,0
212,23181,0,0
212,23182,0,0
212,23183,0,0
212,23184,0,0
212,23185,0,0
212,23186,0,0
212,23187,0,0
212,23188,0,0
212,23189,0,0
212,23190,0,0
212,23191,0,0
212,23192,0,0
212,23193,0,0
212,23194,0,0
212,23195,0,0
212,23196,0,0
212,23197,0,0
212,23198,0,0
212,23199,0,0
212,23200,0,0
212,23201,0,0
212,23202,0,0
212,23203,0,0
212,23204,0,0
212,23205,0,0
212,23206,0,0
212,23207,0,0
212,23208,0,0
212,23209,0,0
212,23210,0,0
212,23211,0,0
212,23212,0,0
212,23213,0,0
212,23214,0,0
212,23215,0,0
212,23216,0,0
212,23217,0,0
212,23218,0,0
212,23219,0,0
212,23220,0,0
212,23221,0,0
212,23222,0,0
212,23223,0,0
212,23224,0,0
212,23225,0,0
212,23226,0,0
212,23227,0,0
212,23228,0,0
212,23229,0,0
212,23230,0,0
212,23231,0,0
212,23232,0,0
212,23233,0,0
212,23234,0,0
212,23235,0,0
212,23236,0,0
212,23237,0,0
212,23238,0,0
212,23239,0,0
212,23240,0,0
212,23241,0,0
212,23242,0,0
212,23243,0,0
212,23244,0,0
212,23245,0,0
212,23246,0,0
212,23247,0,0
212,23248,0,0
212,23249,0,0
212,23250,0,0
212,23251,0,0
212,23252,0,0
212,23253,0,0
212,23254,0,0
212,23255,0,0
212,23256,0,0
212,23257,0,0
212,23258,0,0
212,23259,0,0
212,23260,0,0
212,23261,0,0
212,23262,0,0
212,23263,0,0
212,23264,0,0
212,23265,0,0
212,23266,0,0
212,23267,0,0
212,23268,0,0
212,23269,0,0
212,23270,0,0
212,23271,0,0
212,23272,0,0
212,23273,0,0
212,23274,0,0
212,23275,0,0
212,23276,0,0
212,23277,0,0
212,23278,0,0
212,23279,0,0
212,23280,0,0
212,23281,0,0
212,23282,0,0
212,23283,0,0
212,23284,0,0
212,23285,0,0
212,23286,0,0
212,23287,0,0
212,23288,0,0
212,23289,0,0
212,23290,0,0
212,23291,0,0
212,23292,0,0
212,23293,0,0
212,23294,0,0
212,23295,0,0
212,23296,0,0
212,23297,0,0
212,23298,0,0
212,23299,0,0
212,23300,0,0
212,23301,0,0
212,23302,0,0
212,23303,0,0
212,23304,0,0
212,23305,0,0
212,23306,0,0
212,23307,0,0
212,23308,0,0
212,23309,0,0
212,23310,0,0
212,23311,0,0
212,23312,0,0
212,23313,0,0
212,23314,0,0
212,23315,0,0
212,23316,0,0
212,23317,0,0
212,23318,0,0
212,23319,0,0
212,23320,0,0
212,23321,0,0
212,23322,0,0
212,23323,0,0
212,23324,0,0
212,23325,0,0
212,23326,0,0
212,23327,0,0
212,23328,0,0
212,23329,0,0
212,23330,0,0
212,23331,0,0
212,23332,0,0
212,23333,0,0
212,23334,0,0
212,23335,0,0
212,23336,0,0
212,23337,0,0
212,23338,0,0
212,23339,0,0
212,23340,0,0
212,23341,0,0
212,23342,0,0
212,23343,0,0
212,23344,0,0
212,23345,0,0
212,23346,0,0
212,23347,0,0
212,23348,0,0
212,23349,0,0
212,23350,0,0
212,23351,0,0
212,23352,0,0
212,23353,0,0
212,23354,0,0
212,23355,0,0
212,23356,0,0
212,23357,0,0
212,23358,0,0
212,23359,0,0
212,23360,0,0
212,23361,0,0
212,23362,0,0
212,23363,0,0
212,23364,0,0
212,23365,0,0
212,23366,0,0
212,23367,0,0
212,23368,0,0
212,23369,0,0
212,23370,0,0
212,23371,0,0
212,23372,0,0
212,23373,0,0
212,23374,0,0
212,23375,0,0
212,23376,0,0
212,23377,0,0
212,23378,0,0
212,23379,0,0
212,23380,0,0
212,23381,0,0
212,23382,0,0
212,23383,0,0
212,23384,0,0
212,23385,0,0
212,23386,0,0
212,23387,0,0
212,23388,0,0
212,23389,0,0
212,23390,0,0
212,23391,0,0
212,23392,0,0
212,23393,0,0
212,23394,0,0
212,23395,0,0
212,23396,0,0
212,23397,0,0
212,23398,0,0
212,23399,0,0
212,23400,0,0
212,23401,0,0
212,23402,0,0
212,23403,0,0
212,23404,0,0
212,23405,0,0
212,23406,0,0
212,23407,0,0
212,23408,0,0
212,23409,0,0
212,23410,0,0
212,23411,0,0
212,23412,0,0
212,23413,0,0
212,23414,0,0
212,23415,0,0
212,23416,0,0
212,23417,0,0
212,23418,0,0
212,23419,0,0
212,23420,0,0
212,23421,0,0
212,23422,0,0
212,23423,0,0
212,23424,0,0
212,23425,0,0
212,23426,0,0
212,23427,0,0
212,23428,0,0
212,23429,0,0
212,23430,0,0
212,23431,0,0
212,23432,0,0
212,23433,0,0
212,23434,0,0
212,23435,0,0
212,23436,0,0
212,23437,0,0
212,23438,0,0
212,23439,0,0
212,23440,0,0
212,23441,0,0
212,23442,0,0
212,23443,0,0
212,23444,0,0
212,23445,0,0
212,23446,0,0
212,23447,0,0
212,23448,0,0
212,23449,0,0
212,23450,0,0
212,23451,0,0
212,23452,0,0
212,23453,0,0
212,23454,0,0
212,23455,0,0
212,23456,0,0
212,23457,0,0
212,23458,0,0
212,23459,0,0
212,23460,0,0
212,23461,0,0
212,23462,0,0
212,23463,0,0
212,23464,0,0
212,23465,0,0
212,23466,0,0
212,23467,0,0
212,23468,0,0
212,23469,0,0
212,23470,0,0
212,23471,0,0
212,23472,0,0
212,23473,0,0
212,23474,0,0
212,23475,0,0
212,23476,0,0
212,23477,0,0
212,23478,0,0
212,23479,0,0
212,23480,0,0
212,23481,0,0
212,23482,0,0
212,23483,0,0
212,23484,0,0
212,23485,0,0
212,23486,0,0
212,23487,0,0
212,23488,0,0
212,23489,0,0
212,23490,0,0
212,23491,0,0
212,23492,0,0
212,23493,0,0
212,23494,0,0
212,23495,0,0
212,23496,0,0
212,23497,0,0
212,23498,0,0
212,23499,0,0
212,23500,0,0
212,23501,0,0
212,23502,0,0
212,23503,0,0
212,23504,0,0
212,23505,0,0
212,23506,0,0
212,23507,0,0
212,23508,0,0
212,23509,0,0
212,23510,0,0
212,23511,0,0
212,23512,0,0
212,23513,0,0
212,23514,0,0
212,23515,0,0
212,23516,0,0
212,23517,0,0
212,23518,0,0
212,23519,0,0
212,23520,0,0
212,23521,0,0
212,23522,0,0
212,23523,0,0
212,23524,0,0
212,23525,0,0
212,23526,0,0
212,23527,0,0
212,23528,0,0
212,23529,0,0
212,23530,0,0
212,23531,0,0
212,23532,0,0
212,23533,0,0
212,23534,0,0
212,23535,0,0
212,23536,0,0
212,23537,0,0
212,23538,0,0
212,23539,0,0
212,23540,0,0
212,23541,0,0
212,23542,0,0
212,23543,0,0
212,23544,0,0
212,23545,0,0
212,23546,0,0
212,23547,0,0
212,23548,0,0
212,23549,0,0
212,23550,0,0
212,23551,0,0
212,23552,0,0
212,23553,0,0
212,23554,0,0
212,23555,0,0
212,23556,0,0
212,23557,0,0
212,23558,0,0
212,23559,0,0
212,23560,0,0
212,23561,0,0
212,23562,0,0
212,23563,0,0
212,23564,0,0
212,23565,0,0
212,23566,0,0
212,23567,0,0
212,23568,0,0
212,23569,0,0
212,23570,0,0
212,23571,0,0
212,23572,0,0
212,23573,0,0
212,23574,0,0
212,23575,0,0
212,23576,0,0
212,23577,0,0
212,23578,0,0
212,23579,0,0
212,23580,0,0
212,23581,0,0
212,23582,0,0
212,23583,0,0
212,23584,0,0
212,23585,0,0
212,23586,0,0
212,23587,0,0
212,23588,0,0
212,23589,0,0
212,23590,0,0
212,23591,0,0
212,23592,0,0
212,23593,0,0
212,23594,0,0
212,23595,0,0
212,23596,0,0
212,23597,0,0
212,23598,0,0
212,23599,0,0
212,23600,0,0
212,23601,0,0
212,23602,0,0
212,23603,0,0
212,23604,0,0
212,23605,0,0
212,23606,0,0
212,23607,0,0
212,23608,0,0
212,23609,0,0
212,23610,0,0
212,23611,0,0
212,23612,0,0
212,23613,0,0
212,23614,0,0
212,23615,0,0
212,23616,0,0
212,23617,0,0
212,23618,0,0
212,23619,0,0
212,23620,0,0
212,23621,0,0
212,23622,0,0
212,23623,0,0
212,23624,0,0
212,23625,0,0
212,23626,0,0
212,23627,0,0
212,23628,0,0
212,23629,0,0
212,23630,0,0
212,23631,0,0
212,23632,0,0
212,23633,0,0
212,23634,0,0
212,23635,0,0
212,23636,0,0
212,23637,0,0
212,23638,0,0
212,23639,0,0
212,23640,0,0
212,23641,0,0
212,23642,0,0
212,23643,0,0
212,23644,0,0
212,23645,0,0
212,23646,0,0
212,23647,0,0
212,23648,0,0
212,23649,0,0
212,23650,0,0
212,23651,0,0
212,23652,0,0
212,23653,0,0
212,23654,0,0
212,23655,0,0
212,23656,0,0
212,23657,0,0
212,23658,0,0
212,23659,0,0
212,23660,0,0
212,23661,0,0
212,23662,0,0
212,23663,0,0
212,23664,0,0
212,23665,0,0
212,23666,0,0
212,23667,0,0
212,23668,0,0
212,23669,0,0
212,23670,0,0
212,23671,0,0
212,23672,0,0
212,23673,0,0
212,23674,0,0
212,23675,0,0
212,23676,0,0
212,23677,0,0
212,23678,0,0
212,23679,0,0
212,23680,0,0
212,23681,0,0
212,23682,0,0
212,23683,0,0
212,23684,0,0
212,23685,0,0
212,23686,0,0
212,23687,0,0
212,23688,0,0
212,23689,0,0
212,23690,0,0
212,23691,0,0
212,23692,0,0
212,23693,0,0
212,23694,0,0
212,23695,0,0
212,23696,0,0
212,23697,0,0
212,23698,0,0
212,23699,0,0
212,23700,0,0
212,23701,0,0
212,23702,0,0
212,23703,0,0
212,23704,0,0
212,23705,0,0
212,23706,0,0
212,23707,0,0
212,23708,0,0
212,23709,0,0
212,23710,0,0
212,23711,0,0
212,23712,0,0
212,23713,0,0
212,23714,0,0
212,23715,0,0
212,23716,0,0
212,23717,0,0
212,23718,0,0
212,23719,0,0
212,23720,0,0
212,23721,0,0
212,23722,0,0
212,23723,0,0
212,23724,0,0
212,23725,0,0
212,23726,0,0
212,23727,0,0
212,23728,0,0
212,23729,0,0
212,23730,0,0
212,23731,0,0
212,23732,0,0
212,23733,0,0
212,23734,0,0
212,23735,0,0
212,23736,0,0
212,23737,0,0
212,23738,0,0
212,23739,0,0
212,23740,0,0
212,23741,0,0
212,23742,0,0
212,23743,0,0
212,23744,0,0
212,23745,0,0
212,23746,0,0
212,23747,0,0
212,23748,0,0
212,23749,0,0
212,23750,0,0
212,23751,0,0
212,23752,0,0
212,23753,0,0
212,23754,0,0
212,23755,0,0
212,23756,0,0
212,23757,0,0
212,23758,0,0
212,23759,0,0
212,23760,0,0
212,23761,0,0
212,23762,0,0
212,23763,0,0
212,23764,0,0
212,23765,0,0
212,23766,0,0
212,23767,0,0
212,23768,0,0
212,23769,0,0
212,23770,0,0
212,23771,0,0
212,23772,0,0
212,23773,0,0
212,23774,0,0
212,23775,0,0
212,23776,0,0
212,23777,0,0
212,23778,0,0
212,23779,0,0
212,23780,0,0
212,23781,0,0
212,23782,0,0
212,23783,0,0
212,23784,0,0
212,23785,0,0
212,23786,0,0
212,23787,0,0
212,23788,0,0
212,23789,0,0
212,23790,0,0
212,23791,0,0
212,23792,0,0
212,23793,0,0
212,23794,0,0
212,23795,0,0
212,23796,0,0
212,23797,0,0
212,23798,0,0
212,23799,0,0
212,23800,0,0
212,23801,0,0
212,23802,0,0
212,23803,0,0
212,23804,0,0
212,23805,0,0
212,23806,0,0
212,23807,0,0
212,23808,0,0
212,23809,0,0
212,23810,0,0
212,23811,0,0
212,23812,0,0
212,23813,0,0
212,23814,0,0
212,23815,0,0
212,23816,0,0
212,23817,0,0
212,23818,0,0
212,23819,0,0
212,23820,0,0
212,23821,0,0
212,23822,0,0
212,23823,0,0
212,23824,0,0
212,23825,0,0
212,23826,0,0
212,23827,0,0
212,23828,0,0
212,23829,0,0
212,23830,0,0
212,23831,0,0
212,23832,0,0
212,23833,0,0
212,23834,0,0
212,23835,0,0
212,23836,0,0
212,23837,0,0
212,23838,0,0
212,23839,0,0
212,23840,0,0
212,23841,0,0
212,23842,0,0
212,23843,0,0
212,23844,0,0
212,23845,0,0
212,23846,0,0
212,23847,0,1
212,23848,0,0
212,23849,0,0
212,23850,0,0
212,23851,0,0
212,23852,0,0
212,23853,0,0
212,23854,0,0
212,23855,0,0
212,23856,0,0
212,23857,0,0
212,23858,0,0
212,23859,0,0
212,23860,0,0
212,23861,0,0
212,23862,0,0
212,23863,0,0
212,23864,0,0
212,23865,0,0
212,23866,0,0
212,23867,0,0
212,23868,0,0
212,23869,0,0
212,23870,0,0
212,23871,0,0
212,23872,0,0
212,23873,0,0
212,23874,0,1
212,23875,0,0
212,23876,0,0
212,23877,0,0
212,23878,0,0
212,23879,0,0
212,23880,0,0
212,23881,0,0
212,23882,0,0
212,23883,0,0
212,23884,0,0
212,23885,0,0
212,23886,0,0
212,23887,0,0
212,23888,0,0
212,23889,0,0
212,23890,0,0
212,23891,0,0
212,23892,0,0
212,23893,0,0
212,23894,0,0
212,23895,0,0
212,23896,0,0
212,23897,0,0
212,23898,0,0
212,23899,0,0
212,23900,0,0
212,23901,0,0
212,23902,0,0
212,23903,0,0
212,23904,0,0
212,23905,0,0
212,23906,0,0
212,23907,0,0
212,23908,0,0
212,23909,0,0
212,23910,0,0
212,23911,0,0
212,23912,0,0
212,23913,0,0
212,23914,0,0
212,23915,0,0
212,23916,0,0
212,23917,0,0
212,23918,0,0
212,23919,0,0
212,23920,0,0
212,23921,0,0
212,23922,0,0
212,23923,0,0
212,23924,0,0
212,23925,0,0
212,23926,0,0
212,23927,0,0
212,23928,0,0
212,23929,0,0
212,23930,0,0
212,23931,0,0
212,23932,0,0
212,23933,0,0
212,23934,0,0
212,23935,0,0
212,23936,0,0
212,23937,0,0
212,23938,0,0
212,23939,0,0
212,23940,0,0
212,23941,0,0
212,23942,0,0
212,23943,0,0
212,23944,0,0
212,23945,0,0
212,23946,0,0
212,23947,0,0
212,23948,0,0
212,23949,0,0
212,23950,0,0
212,23951,0,0
212,23952,0,0
212,23953,0,0
212,23954,0,0
212,23955,0,0
212,23956,0,0
212,23957,0,0
212,23958,0,0
212,23959,0,0
212,23960,0,0
212,23961,0,0
212,23962,0,0
212,23963,0,0
212,23964,0,0
212,23965,0,0
212,23966,0,0
212,23967,0,0
212,23968,0,0
212,23969,0,0
212,23970,0,0
212,23971,0,0
212,23972,0,0
212,23973,0,0
212,23974,0,0
212,23975,0,0
212,23976,0,0
212,23977,0,0
212,23978,0,0
212,23979,0,0
212,23980,0,0
212,23981,0,0
212,23982,0,0
212,23983,0,0
212,23984,0,0
212,23985,0,0
212,23986,0,0
212,23987,0,0
212,23988,0,0
212,23989,0,0
212,23990,0,0
212,23991,0,0
212,23992,0,0
212,23993,0,0
212,23994,0,0
212,23995,0,0
212,23996,0,0
212,23997,0,0
212,23998,0,0
212,23999,0,0
212,24000,0,0
212,24001,0,0
212,24002,0,0
212,24003,0,0
212,24004,0,0
212,24005,0,0
212,24006,0,0
212,24007,0,0
212,24008,0,0
212,24009,0,0
212,24010,0,0
212,24011,0,0
212,24012,0,0
212,24013,0,0
212,24014,0,0
212,24015,0,0
212,24016,0,0
212,24017,0,0
212,24018,0,0
212,24019,0,0
212,24020,0,0
212,24021,0,0
212,24022,0,0
212,24023,0,0
212,24024,0,0
212,24025,0,0
212,24026,0,0
212,24027,0,0
212,24028,0,0
212,24029,0,0
212,24030,0,0
212,24031,0,0
212,24032,0,0
212,24033,0,0
212,24034,0,0
212,24035,0,0
212,24036,0,0
212,24037,0,0
212,24038,0,0
212,24039,0,0
212,24040,0,0
212,24041,0,0
212,24042,0,0
212,24043,0,0
212,24044,0,0
212,24045,0,0
212,24046,0,0
212,24047,0,0
212,24048,0,0
212,24049,0,0
212,24050,0,0
212,24051,0,0
212,24052,0,0
212,24053,0,0
212,24054,0,0
212,24055,0,0
212,24056,0,0
212,24057,0,0
212,24058,0,0
212,24059,0,0
212,24060,0,0
212,24061,0,0
212,24062,0,0
212,24063,0,0
212,24064,0,0
212,24065,0,0
212,24066,0,0
212,24067,0,0
212,24068,0,0
212,24069,0,0
212,24070,0,0
212,24071,0,0
212,24072,0,0
212,24073,0,0
212,24074,0,0
212,24075,0,0
212,24076,0,0
212,24077,0,0
212,24078,0,0
212,24079,0,0
212,24080,0,0
212,24081,0,0
212,24082,0,0
212,24083,0,0
212,24084,0,0
212,24085,0,0
212,24086,0,0
212,24087,0,0
212,24088,0,0
212,24089,0,0
212,24090,0,0
212,24091,0,0
212,24092,0,0
212,24093,0,0
212,24094,0,0
212,24095,0,0
212,24096,0,0
212,24097,0,0
212,24098,0,0
212,24099,0,0
212,24100,0,0
212,24101,0,0
212,24102,0,0
212,24103,0,0
212,24104,0,0
212,24105,0,0
212,24106,0,0
212,24107,0,0
212,24108,0,0
212,24109,0,0
212,24110,0,0
212,24111,0,0
212,24112,0,0
212,24113,0,0
212,24114,0,0
212,24115,0,0
212,24116,0,0
212,24117,0,0
212,24118,0,0
212,24119,0,0
212,24120,0,0
212,24121,0,0
212,24122,0,0
212,24123,0,0
212,24124,0,0
212,24125,0,0
212,24126,0,0
212,24127,0,0
212,24128,0,0
212,24129,0,0
212,24130,0,0
212,24131,0,0
212,24132,0,0
212,24133,0,0
212,24134,0,0
212,24135,0,0
212,24136,0,0
212,24137,0,0
212,24138,0,0
212,24139,0,0
212,24140,0,0
212,24141,0,0
212,24142,0,0
212,24143,0,0
212,24144,0,0
212,24145,0,0
212,24146,0,0
212,24147,0,0
212,24148,0,0
212,24149,0,0
212,24150,0,0
212,24151,0,0
212,24152,0,0
212,24153,0,0
212,24154,0,0
212,24155,0,0
212,24156,0,0
212,24157,0,0
212,24158,0,0
212,24159,0,0
212,24160,0,0
212,24161,0,0
212,24162,0,0
212,24163,0,0
212,24164,0,0
212,24165,0,0
212,24166,0,0
212,24167,0,0
212,24168,0,0
212,24169,0,0
212,24170,0,0
212,24171,0,0
212,24172,0,0
212,24173,0,0
212,24174,0,0
212,24175,0,0
212,24176,0,0
212,24177,0,0
212,24178,0,0
212,24179,0,0
212,24180,0,0
212,24181,0,0
212,24182,0,0
212,24183,0,0
212,24184,0,0
212,24185,0,0
212,24186,0,0
212,24187,0,0
212,24188,0,0
212,24189,0,0
212,24190,0,0
212,24191,0,0
212,24192,0,0
212,24193,0,0
212,24194,0,0
212,24195,0,0
212,24196,0,0
212,24197,0,0
212,24198,0,0
212,24199,0,0
212,24200,0,0
212,24201,0,0
212,24202,0,1
212,24203,0,0
212,24204,0,0
212,24205,0,0
212,24206,0,0
212,24207,0,0
212,24208,0,0
212,24209,0,0
212,24210,0,0
212,24211,0,0
212,24212,0,0
212,24213,0,0
212,24214,0,0
212,24215,0,0
212,24216,0,0
212,24217,0,0
212,24218,0,0
212,24219,0,0
212,24220,0,0
212,24221,0,0
212,24222,0,0
212,24223,0,0
212,24224,0,0
212,24225,0,0
212,24226,0,0
212,24227,0,0
212,24228,0,0
212,24229,0,0
212,24230,0,0
212,24231,0,0
212,24232,0,0
212,24233,0,0
212,24234,0,0
212,24235,0,0
212,24236,0,0
212,24237,0,0
212,24238,0,0
212,24239,0,0
212,24240,0,0
212,24241,0,0
212,24242,0,0
212,24243,0,0
212,24244,0,0
212,24245,0,0
212,24246,0,0
212,24247,0,0
212,24248,0,0
212,24249,0,0
212,24250,0,0
212,24251,0,0
212,24252,0,0
212,24253,0,0
212,24254,0,0
212,24255,0,0
212,24256,0,0
212,24257,0,0
212,24258,0,0
212,24259,0,0
212,24260,0,0
212,24261,0,0
212,24262,0,0
212,24263,0,0
212,24264,0,0
212,24265,0,0
212,24266,0,0
212,24267,0,0
212,24268,0,0
212,24269,0,0
212,24270,0,0
212,24271,0,0
212,24272,0,0
212,24273,0,0
212,24274,0,0
212,24275,0,0
212,24276,0,0
212,24277,0,0
212,24278,0,0
212,24279,0,0
212,24280,0,0
212,24281,0,0
212,24282,0,0
212,24283,0,0
212,24284,0,0
212,24285,0,0
212,24286,0,0
212,24287,0,0
212,24288,0,0
212,24289,0,0
212,24290,0,0
212,24291,0,0
212,24292,0,0
212,24293,0,0
212,24294,0,0
212,24295,0,0
212,24296,0,0
212,24297,0,0
212,24298,0,0
212,24299,0,0
212,24300,0,0
212,24301,0,0
212,24302,0,0
212,24303,0,0
212,24304,0,0
212,24305,0,0
212,24306,0,0
212,24307,0,0
212,24308,0,0
212,24309,0,0
212,24310,0,0
212,24311,0,0
212,24312,0,0
212,24313,0,0
212,24314,0,0
212,24315,0,0
212,24316,0,0
212,24317,0,0
212,24318,0,0
212,24319,0,0
212,24320,0,0
212,24321,0,0
212,24322,0,0
212,24323,0,0
212,24324,0,0
212,24325,0,0
212,24326,0,0
212,24327,0,0
212,24328,0,0
212,24329,0,0
212,24330,0,0
212,24331,0,0
212,24332,0,0
212,24333,0,0
212,24334,0,0
212,24335,0,0
212,24336,0,0
212,24337,0,0
212,24338,0,0
212,24339,0,0
212,24340,0,0
212,24341,0,0
212,24342,0,0
212,24343,0,0
212,24344,0,0
212,24345,0,0
212,24346,0,0
212,24347,0,0
212,24348,0,0
212,24349,0,0
212,24350,0,0
212,24351,0,0
212,24352,0,0
212,24353,0,0
212,24354,0,0
212,24355,0,0
212,24356,0,0
212,24357,0,0
212,24358,0,0
212,24359,0,0
212,24360,0,0
212,24361,0,0
212,24362,0,0
212,24363,0,0
212,24364,0,0
212,24365,0,0
212,24366,0,0
212,24367,0,0
212,24368,0,0
212,24369,0,0
212,24370,0,0
212,24371,0,0
212,24372,0,0
212,24373,0,0
212,24374,0,0
212,24375,0,0
212,24376,0,0
212,24377,0,0
212,24378,0,0
212,24379,0,0
212,24380,0,0
212,24381,0,0
212,24382,0,0
212,24383,0,0
212,24384,0,0
212,24385,0,0
212,24386,0,0
212,24387,0,0
212,24388,0,0
212,24389,0,0
212,24390,0,0
212,24391,0,0
212,24392,0,0
212,24393,0,0
212,24394,0,0
212,24395,0,0
212,24396,0,0
212,24397,0,0
212,24398,0,0
212,24399,0,0
212,24400,0,0
212,24401,0,0
212,24402,0,0
212,24403,0,0
212,24404,0,0
212,24405,0,0
212,24406,0,0
212,24407,0,0
212,24408,0,0
212,24409,0,0
212,24410,0,0
212,24411,0,0
212,24412,0,0
212,24413,0,0
212,24414,0,0
212,24415,0,0
212,24416,0,0
212,24417,0,0
212,24418,0,0
212,24419,0,0
212,24420,0,0
212,24421,0,0
212,24422,0,0
212,24423,0,0
212,24424,0,0
212,24425,0,0
212,24426,0,0
212,24427,0,0
212,24428,0,0
212,24429,0,0
212,24430,0,0
212,24431,0,0
212,24432,0,0
212,24433,0,0
212,24434,0,0
212,24435,0,0
212,24436,0,0
212,24437,0,0
212,24438,0,0
212,24439,0,0
212,24440,0,0
212,24441,0,0
212,24442,0,0
212,24443,0,0
212,24444,0,0
212,24445,0,0
212,24446,0,0
212,24447,0,0
212,24448,0,0
212,24449,0,0
212,24450,0,0
212,24451,0,0
212,24452,0,0
212,24453,0,0
212,24454,0,0
212,24455,0,0
212,24456,0,0
212,24457,0,0
212,24458,0,0
212,24459,0,0
212,24460,0,0
212,24461,0,0
212,24462,0,0
212,24463,0,0
212,24464,0,0
212,24465,0,0
212,24466,0,0
212,24467,0,0
212,24468,0,0
212,24469,0,0
212,24470,0,0
212,24471,0,0
212,24472,0,0
212,24473,0,0
212,24474,0,0
212,24475,0,0
212,24476,0,0
212,24477,0,0
212,24478,0,0
212,24479,0,0
212,24480,0,0
212,24481,0,0
212,24482,0,0
212,24483,0,0
212,24484,0,0
212,24485,0,0
212,24486,0,0
212,24487,0,0
212,24488,0,0
212,24489,0,0
212,24490,0,0
212,24491,0,0
212,24492,0,0
212,24493,0,0
212,24494,0,0
212,24495,0,0
212,24496,0,0
212,24497,0,0
212,24498,0,0
212,24499,0,0
212,24500,0,0
212,24501,0,0
212,24502,0,0
212,24503,0,0
212,24504,0,0
212,24505,0,0
212,24506,0,0
212,24507,0,0
212,24508,0,0
212,24509,0,0
212,24510,0,0
212,24511,0,0
212,24512,0,0
212,24513,0,0
212,24514,0,0
212,24515,0,0
212,24516,0,0
212,24517,0,0
212,24518,0,0
212,24519,0,0
212,24520,0,0
212,24521,0,0
212,24522,0,0
212,24523,0,0
212,24524,0,0
212,24525,0,0
212,24526,0,0
212,24527,0,0
212,24528,0,0
212,24529,0,0
212,24530,0,0
212,24531,0,0
212,24532,0,0
212,24533,0,0
212,24534,0,0
212,24535,0,0
212,24536,0,0
212,24537,0,0
212,24538,0,0
212,24539,0,0
212,24540,0,0
212,24541,0,0
212,24542,0,0
212,24543,0,0
212,24544,0,0
212,24545,0,0
212,24546,0,0
212,24547,0,0
212,24548,0,0
212,24549,0,0
212,24550,0,0
212,24551,0,0
212,24552,0,0
212,24553,0,0
212,24554,0,0
212,24555,0,0
212,24556,0,0
212,24557,0,0
212,24558,0,0
212,24559,0,0
212,24560,0,0
212,24561,0,0
212,24562,0,0
212,24563,0,0
212,24564,0,0
212,24565,0,0
212,24566,0,0
212,24567,0,0
212,24568,0,0
212,24569,0,0
212,24570,0,0
212,24571,0,0
212,24572,0,0
212,24573,0,0
212,24574,0,0
212,24575,0,0
212,24576,0,0
212,24577,0,0
212,24578,0,0
212,24579,0,0
212,24580,0,0
212,24581,0,0
212,24582,0,0
212,24583,0,0
212,24584,0,0
212,24585,0,0
212,24586,0,0
212,24587,0,0
212,24588,0,0
212,24589,0,0
212,24590,0,0
212,24591,0,0
212,24592,0,0
212,24593,0,0
212,24594,0,0
212,24595,0,0
212,24596,0,0
212,24597,0,0
212,24598,0,0
212,24599,0,0
212,24600,0,0
212,24601,0,0
212,24602,0,0
212,24603,0,0
212,24604,0,0
212,24605,0,0
212,24606,0,0
212,24607,0,0
212,24608,0,0
212,24609,0,0
212,24610,0,0
212,24611,0,0
212,24612,0,0
212,24613,0,0
212,24614,0,0
212,24615,0,0
212,24616,0,0
212,24617,0,0
212,24618,0,0
212,24619,0,0
212,24620,0,0
212,24621,0,0
212,24622,0,0
212,24623,0,0
212,24624,0,0
212,24625,0,0
212,24626,0,0
212,24627,0,0
212,24628,0,0
212,24629,0,0
212,24630,0,0
212,24631,0,0
212,24632,0,0
212,24633,0,0
212,24634,0,0
212,24635,0,0
212,24636,0,0
212,24637,0,0
212,24638,0,0
212,24639,0,0
212,24640,0,0
212,24641,0,0
212,24642,0,0
212,24643,0,0
212,24644,0,0
212,24645,0,0
212,24646,0,0
212,24647,0,0
212,24648,0,0
212,24649,0,0
212,24650,0,0
212,24651,0,0
212,24652,0,0
212,24653,0,0
212,24654,0,0
212,24655,0,0
212,24656,0,0
212,24657,0,0
212,24658,0,0
212,24659,0,0
212,24660,0,0
212,24661,0,0
212,24662,0,0
212,24663,0,0
212,24664,0,0
212,24665,0,0
212,24666,0,0
212,24667,0,0
212,24668,0,0
212,24669,0,0
212,24670,0,0
212,24671,0,0
212,24672,0,0
212,24673,0,0
212,24674,0,0
212,24675,0,0
212,24676,0,0
212,24677,0,0
212,24678,0,0
212,24679,0,0
212,24680,0,0
212,24681,0,0
212,24682,0,0
212,24683,0,0
212,24684,0,0
212,24685,0,0
212,24686,0,0
212,24687,0,0
212,24688,0,0
212,24689,0,0
212,24690,0,0
212,24691,0,0
212,24692,0,0
212,24693,0,0
212,24694,0,0
212,24695,0,0
212,24696,0,0
212,24697,0,0
212,24698,0,0
212,24699,0,0
212,24700,0,0
212,24701,0,0
212,24702,0,0
212,24703,0,0
212,24704,0,0
212,24705,0,0
212,24706,0,0
212,24707,0,0
212,24708,0,0
212,24709,0,0
212,24710,0,0
212,24711,0,0
212,24712,0,0
212,24713,0,0
212,24714,0,0
212,24715,0,0
212,24716,0,0
212,24717,0,0
212,24718,0,0
212,24719,0,0
212,24720,0,0
212,24721,0,0
212,24722,0,0
212,24723,0,0
212,24724,0,0
212,24725,0,0
212,24726,0,0
212,24727,0,0
212,24728,0,0
212,24729,0,0
212,24730,0,0
212,24731,0,0
212,24732,0,0
212,24733,0,0
212,24734,0,0
212,24735,0,0
212,24736,0,0
212,24737,0,0
212,24738,0,0
212,24739,0,0
212,24740,0,0
212,24741,0,0
212,24742,0,0
212,24743,0,0
212,24744,0,0
212,24745,0,0
212,24746,0,1
212,24747,0,0
212,24748,0,0
212,24749,0,0
212,24750,0,0
212,24751,0,0
212,24752,0,0
212,24753,0,0
212,24754,0,0
212,24755,0,0
212,24756,0,0
212,24757,0,0
212,24758,0,0
212,24759,0,0
212,24760,0,0
212,24761,0,0
212,24762,0,0
212,24763,0,0
212,24764,0,0
212,24765,0,0
212,24766,0,0
212,24767,0,0
212,24768,0,0
212,24769,0,0
212,24770,0,0
212,24771,0,0
212,24772,0,0
212,24773,0,0
212,24774,0,0
212,24775,0,0
212,24776,0,0
212,24777,0,0
212,24778,0,0
212,24779,0,0
212,24780,0,0
212,24781,0,0
212,24782,0,0
212,24783,0,0
212,24784,0,0
212,24785,0,0
212,24786,0,0
212,24787,0,0
212,24788,0,0
212,24789,0,0
212,24790,0,0
212,24791,0,0
212,24792,0,0
212,24793,0,0
212,24794,0,0
212,24795,0,0
212,24796,0,0
212,24797,0,0
212,24798,0,0
212,24799,0,0
212,24800,0,0
212,24801,0,0
212,24802,0,0
212,24803,0,0
212,24804,0,0
212,24805,0,0
212,24806,0,0
212,24807,0,0
212,24808,0,0
212,24809,0,0
212,24810,0,0
212,24811,0,0
212,24812,0,0
212,24813,0,0
212,24814,0,0
212,24815,0,0
212,24816,0,0
212,24817,0,0
212,24818,0,0
212,24819,0,0
212,24820,0,0
212,24821,0,0
212,24822,0,0
212,24823,0,0
212,24824,0,0
212,24825,0,0
212,24826,0,0
212,24827,0,0
212,24828,0,0
212,24829,0,0
212,24830,0,0
212,24831,0,0
212,24832,0,0
212,24833,0,0
212,24834,0,0
212,24835,0,0
212,24836,0,0
212,24837,0,0
212,24838,0,0
212,24839,0,0
212,24840,0,0
212,24841,0,0
212,24842,0,0
212,24843,0,0
212,24844,0,0
212,24845,0,0
212,24846,0,0
212,24847,0,0
212,24848,0,0
212,24849,0,0
212,24850,0,0
212,24851,0,0
212,24852,0,0
212,24853,0,0
212,24854,0,0
212,24855,0,0
212,24856,0,0
212,24857,0,0
212,24858,0,0
212,24859,0,0
212,24860,0,0
212,24861,0,0
212,24862,0,0
212,24863,0,0
212,24864,0,0
212,24865,0,0
212,24866,0,0
212,24867,0,0
212,24868,0,0
212,24869,0,0
212,24870,0,0
212,24871,0,0
212,24872,0,0
212,24873,0,0
212,24874,0,0
212,24875,0,0
212,24876,0,0
212,24877,0,0
212,24878,0,0
212,24879,0,0
212,24880,0,1
212,24881,0,0
212,24882,0,0
212,24883,0,0
212,24884,0,0
212,24885,0,0
212,24886,0,0
212,24887,0,0
212,24888,0,0
212,24889,0,0
212,24890,0,0
212,24891,0,0
212,24892,0,0
212,24893,0,0
212,24894,0,0
212,24895,0,0
212,24896,0,0
212,24897,0,0
212,24898,0,0
212,24899,0,0
212,24900,0,0
212,24901,0,0
212,24902,0,0
212,24903,0,0
212,24904,0,0
212,24905,0,0
212,24906,0,0
212,24907,0,0
212,24908,0,0
212,24909,0,0
212,24910,0,0
212,24911,0,0
212,24912,0,0
212,24913,0,0
212,24914,0,0
212,24915,0,0
212,24916,0,0
212,24917,0,0
212,24918,0,0
212,24919,0,0
212,24920,0,0
212,24921,0,0
212,24922,0,0
212,24923,0,0
212,24924,0,0
212,24925,0,0
212,24926,0,0
212,24927,0,0
212,24928,0,0
212,24929,0,0
212,24930,0,0
212,24931,0,0
212,24932,0,0
212,24933,0,0
212,24934,0,0
212,24935,0,0
212,24936,0,0
212,24937,0,0
212,24938,0,0
212,24939,0,0
212,24940,0,0
212,24941,0,0
212,24942,0,0
212,24943,0,0
212,24944,0,0
212,24945,0,0
212,24946,0,0
212,24947,0,0
212,24948,0,0
212,24949,0,0
212,24950,0,0
212,24951,0,0
212,24952,0,0
212,24953,0,0
212,24954,0,0
212,24955,0,0
212,24956,0,0
212,24957,0,0
212,24958,0,0
212,24959,0,0
212,24960,0,1
212,24961,0,0
212,24962,0,0
212,24963,0,0
212,24964,0,0
212,24965,0,0
212,24966,0,0
212,24967,0,0
212,24968,0,0
212,24969,0,0
212,24970,0,0
212,24971,0,0
212,24972,0,0
212,24973,0,0
212,24974,0,0
212,24975,0,0
212,24976,0,0
212,24977,0,0
212,24978,0,0
212,24979,0,0
212,24980,0,0
212,24981,0,0
212,24982,0,0
212,24983,0,0
212,24984,0,0
212,24985,0,0
212,24986,0,0
212,24987,0,0
212,24988,0,0
212,24989,0,0
212,24990,0,0
212,24991,0,0
212,24992,0,0
212,24993,0,0
212,24994,0,0
212,24995,0,0
212,24996,0,0
212,24997,0,0
212,24998,0,0
212,24999,0,0
212,25000,0,0
212,25001,0,0
212,25002,0,0
212,25003,0,0
212,25004,0,0
212,25005,0,0
212,25006,0,0
212,25007,0,0
212,25008,0,0
212,25009,0,0
212,25010,0,0
212,25011,0,0
212,25012,0,0
212,25013,0,0
212,25014,0,0
212,25015,0,0
212,25016,0,0
212,25017,0,0
212,25018,0,0
212,25019,0,0
212,25020,0,0
212,25021,0,0
212,25022,0,0
212,25023,0,0
212,25024,0,0
212,25025,0,0
212,25026,0,0
212,25027,0,0
212,25028,0,0
212,25029,0,0
212,25030,0,0
212,25031,0,0
212,25032,0,0
212,25033,0,0
212,25034,0,0
212,25035,0,0
212,25036,0,0
212,25037,0,0
212,25038,0,0
212,25039,0,0
212,25040,0,0
212,25041,0,0
212,25042,0,0
212,25043,0,0
212,25044,0,0
212,25045,0,0
212,25046,0,0
212,25047,0,0
212,25048,0,0
212,25049,0,0
212,25050,0,0
212,25051,0,0
212,25052,0,0
212,25053,0,0
212,25054,0,0
212,25055,0,0
212,25056,0,0
212,25057,0,0
212,25058,0,0
212,25059,0,0
212,25060,0,0
212,25061,0,0
212,25062,0,0
212,25063,0,0
212,25064,0,0
212,25065,0,0
212,25066,0,1
212,25067,0,0
212,25068,0,0
212,25069,0,0
212,25070,0,0
212,25071,0,0
212,25072,0,0
212,25073,0,0
212,25074,0,0
212,25075,0,0
212,25076,0,0
212,25077,0,1
212,25078,0,0
212,25079,0,0
212,25080,0,0
212,25081,0,0
212,25082,0,0
212,25083,0,0
212,25084,0,0
212,25085,0,0
212,25086,0,0
212,25087,0,0
212,25088,0,0
212,25089,0,0
212,25090,0,0
212,25091,0,0
212,25092,0,0
212,25093,0,0
212,25094,0,0
212,25095,0,0
212,25096,0,0
212,25097,0,0
212,25098,0,0
212,25099,0,0
212,25100,0,0
212,25101,0,0
212,25102,0,0
212,25103,0,0
212,25104,0,0
212,25105,0,0
212,25106,0,0
212,25107,0,0
212,25108,0,0
212,25109,0,0
212,25110,0,0
212,25111,0,0
212,25112,0,0
212,25113,0,0
212,25114,0,0
212,25115,0,0
212,25116,0,0
212,25117,0,0
212,25118,0,0
212,25119,0,0
212,25120,0,0
212,25121,0,0
212,25122,0,0
212,25123,0,0
212,25124,0,0
212,25125,0,0
212,25126,0,0
212,25127,0,0
212,25128,0,0
212,25129,0,0
212,25130,0,0
212,25131,0,0
212,25132,0,0
212,25133,0,0
212,25134,0,0
212,25135,0,0
212,25136,0,0
212,25137,0,0
212,25138,0,0
212,25139,0,0
212,25140,0,0
212,25141,0,0
212,25142,0,0
212,25143,0,0
212,25144,0,0
212,25145,0,0
212,25146,0,0
212,25147,0,0
212,25148,0,0
212,25149,0,0
212,25150,0,0
212,25151,0,0
212,25152,0,0
212,25153,0,0
212,25154,0,0
212,25155,0,0
212,25156,0,0
212,25157,0,0
212,25158,0,0
212,25159,0,0
212,25160,0,0
212,25161,0,0
212,25162,0,0
212,25163,0,0
212,25164,0,0
212,25165,0,0
212,25166,0,0
212,25167,0,0
212,25168,0,1
212,25169,0,0
212,25170,0,0
212,25171,0,0
212,25172,0,0
212,25173,0,0
212,25174,0,0
212,25175,0,1
212,25176,0,0
212,25177,0,0
212,25178,0,0
212,25179,0,0
212,25180,0,0
212,25181,0,0
212,25182,0,0
212,25183,0,0
212,25184,0,0
212,25185,0,0
212,25186,0,0
212,25187,0,0
212,25188,0,0
212,25189,0,0
212,25190,0,0
212,25191,0,0
212,25192,0,0
212,25193,0,0
212,25194,0,0
212,25195,0,0
212,25196,0,0
212,25197,0,0
212,25198,0,0
212,25199,0,0
212,25200,0,0
212,25201,0,0
212,25202,0,1
212,25203,0,0
212,25204,0,0
212,25205,0,0
212,25206,0,0
212,25207,0,0
212,25208,0,0
212,25209,0,0
212,25210,0,0
212,25211,0,0
212,25212,0,0
212,25213,0,0
212,25214,0,0
212,25215,0,0
212,25216,0,0
212,25217,0,0
212,25218,0,0
212,25219,0,0
212,25220,0,0
212,25221,0,0
212,25222,0,0
212,25223,0,0
212,25224,0,0
212,25225,0,0
212,25226,0,0
212,25227,0,0
212,25228,0,0
212,25229,0,0
212,25230,0,0
212,25231,0,0
212,25232,0,0
212,25233,0,0
212,25234,0,0
212,25235,0,0
212,25236,0,0
212,25237,0,0
212,25238,0,0
212,25239,0,0
212,25240,0,0
212,25241,0,0
212,25242,0,0
212,25243,0,0
212,25244,0,0
212,25245,0,0
212,25246,0,0
212,25247,0,0
212,25248,0,0
212,25249,0,0
212,25250,0,0
212,25251,0,0
212,25252,0,0
212,25253,0,0
212,25254,0,0
212,25255,0,0
212,25256,0,0
212,25257,0,0
212,25258,0,0
212,25259,0,0
212,25260,0,0
212,25261,0,0
212,25262,0,0
212,25263,0,0
212,25264,0,0
212,25265,0,0
212,25266,0,0
212,25267,0,0
212,25268,0,0
212,25269,0,0
212,25270,0,0
212,25271,0,0
212,25272,0,0
212,25273,0,0
212,25274,0,0
212,25275,0,0
212,25276,0,0
212,25277,0,0
212,25278,0,0
212,25279,0,0
212,25280,0,0
212,25281,0,0
212,25282,0,0
212,25283,0,0
212,25284,0,0
212,25285,0,0
212,25286,0,0
212,25287,0,0
212,25288,0,0
212,25289,0,0
212,25290,0,0
212,25291,0,0
212,25292,0,0
212,25293,0,0
212,25294,0,0
212,25295,0,0
212,25296,0,0
212,25297,0,0
212,25298,0,0
212,25299,0,0
212,25300,0,0
212,25301,0,0
212,25302,0,0
212,25303,0,0
212,25304,0,0
212,25305,0,0
212,25306,0,0
212,25307,0,0
212,25308,0,0
212,25309,0,0
212,25310,0,0
212,25311,0,0
212,25312,0,0
212,25313,0,0
212,25314,0,0
212,25315,0,0
212,25316,0,0
212,25317,0,0
212,25318,0,0
212,25319,0,0
212,25320,0,0
212,25321,0,0
212,25322,0,0
212,25323,0,0
212,25324,0,0
212,25325,0,0
212,25326,0,0
212,25327,0,0
212,25328,0,0
212,25329,0,0
212,25330,0,0
212,25331,0,0
212,25332,0,0
212,25333,0,0
212,25334,0,0
212,25335,0,0
212,25336,0,0
212,25337,0,0
212,25338,0,0
212,25339,0,0
212,25340,0,0
212,25341,0,0
212,25342,0,0
212,25343,0,0
212,25344,0,0
212,25345,0,0
212,25346,0,0
212,25347,0,0
212,25348,0,0
212,25349,0,0
212,25350,0,0
212,25351,0,0
212,25352,0,0
212,25353,0,0
212,25354,0,0
212,25355,0,0
212,25356,0,0
212,25357,0,0
212,25358,0,0
212,25359,0,0
212,25360,0,0
212,25361,0,0
212,25362,0,0
212,25363,0,0
212,25364,0,0
212,25365,0,0
212,25366,0,0
212,25367,0,0
212,25368,0,0
212,25369,0,0
212,25370,0,0
212,25371,0,0
212,25372,0,0
212,25373,0,0
212,25374,0,0
212,25375,0,0
212,25376,0,0
212,25377,0,0
212,25378,0,0
212,25379,0,0
212,25380,0,0
212,25381,0,0
212,25382,0,0
212,25383,0,0
212,25384,0,0
212,25385,0,0
212,25386,0,0
212,25387,0,0
212,25388,0,0
212,25389,0,0
212,25390,0,0
212,25391,0,0
212,25392,0,0
212,25393,0,0
212,25394,0,0
212,25395,0,0
212,25396,0,0
212,25397,0,0
212,25398,0,0
212,25399,0,0
212,25400,0,0
212,25401,0,0
212,25402,0,0
212,25403,0,0
212,25404,0,0
212,25405,0,0
212,25406,0,0
212,25407,0,0
212,25408,0,0
212,25409,0,0
212,25410,0,0
212,25411,0,0
212,25412,0,0
212,25413,0,0
212,25414,0,0
212,25415,0,0
212,25416,0,0
212,25417,0,0
212,25418,0,0
212,25419,0,0
212,25420,0,0
212,25421,0,0
212,25422,0,0
212,25423,0,0
212,25424,0,0
212,25425,0,0
212,25426,0,0
212,25427,0,0
212,25428,0,0
212,25429,0,0
212,25430,0,0
212,25431,0,0
212,25432,0,0
212,25433,0,0
212,25434,0,0
212,25435,0,0
212,25436,0,0
212,25437,0,0
212,25438,0,0
212,25439,0,0
212,25440,0,0
212,25441,0,0
212,25442,0,0
212,25443,0,0
212,25444,0,0
212,25445,0,0
212,25446,0,0
212,25447,0,0
212,25448,0,0
212,25449,0,0
212,25450,0,0
212,25451,0,0
212,25452,0,0
212,25453,0,0
212,25454,0,0
212,25455,0,0
212,25456,0,0
212,25457,0,0
212,25458,0,0
212,25459,0,0
212,25460,0,0
212,25461,0,0
212,25462,0,0
212,25463,0,0
212,25464,0,0
212,25465,0,0
212,25466,0,0
212,25467,0,0
212,25468,0,0
212,25469,0,0
212,25470,0,0
212,25471,0,0
212,25472,0,0
212,25473,0,0
212,25474,0,0
212,25475,0,0
212,25476,0,0
212,25477,0,0
212,25478,0,0
212,25479,0,0
212,25480,0,0
212,25481,0,0
212,25482,0,1
212,25483,0,0
212,25484,0,0
212,25485,0,0
212,25486,0,0
212,25487,0,0
212,25488,0,0
212,25489,0,0
212,25490,0,0
212,25491,0,0
212,25492,0,1
212,25493,0,0
212,25494,0,0
212,25495,0,0
212,25496,0,0
212,25497,0,0
212,25498,0,0
212,25499,0,0
212,25500,0,0
212,25501,0,0
212,25502,0,0
212,25503,0,0
212,25504,0,0
212,25505,0,0
212,25506,0,0
212,25507,0,0
212,25508,0,0
212,25509,0,0
212,25510,0,0
212,25511,0,0
212,25512,0,0
212,25513,0,0
212,25514,0,0
212,25515,0,0
212,25516,0,0
212,25517,0,0
212,25518,0,0
212,25519,0,0
212,25520,0,0
212,25521,0,0
212,25522,0,0
212,25523,0,0
212,25524,0,0
212,25525,0,0
212,25526,0,0
212,25527,0,0
212,25528,0,0
212,25529,0,0
212,25530,0,0
212,25531,0,0
212,25532,0,0
212,25533,0,0
212,25534,0,0
212,25535,0,0
212,25536,0,0
212,25537,0,0
212,25538,0,0
212,25539,0,0
212,25540,0,0
212,25541,0,0
212,25542,0,0
212,25543,0,0
212,25544,0,0
212,25545,0,0
212,25546,0,0
212,25547,0,0
212,25548,0,0
212,25549,0,0
212,25550,0,0
212,25551,0,0
212,25552,0,0
212,25553,0,0
212,25554,0,0
212,25555,0,0
212,25556,0,0
212,25557,0,0
212,25558,0,0
212,25559,0,0
212,25560,0,0
212,25561,0,0
212,25562,0,0
212,25563,0,0
212,25564,0,0
212,25565,0,0
212,25566,0,0
212,25567,0,0
212,25568,0,0
212,25569,0,0
212,25570,0,0
212,25571,0,0
212,25572,0,0
212,25573,0,0
212,25574,0,0
212,25575,0,0
212,25576,0,0
212,25577,0,0
212,25578,0,0
212,25579,0,0
212,25580,0,0
212,25581,0,0
212,25582,0,0
212,25583,0,0
212,25584,0,0
212,25585,0,0
212,25586,0,0
212,25587,0,0
212,25588,0,0
212,25589,0,0
212,25590,0,0
212,25591,0,0
212,25592,0,0
212,25593,0,0
212,25594,0,0
212,25595,0,0
212,25596,0,0
212,25597,0,0
212,25598,0,0
212,25599,0,0
212,25600,0,0
212,25601,0,0
212,25602,0,0
212,25603,0,0
212,25604,0,0
212,25605,0,0
212,25606,0,0
212,25607,0,0
212,25608,0,0
212,25609,0,0
212,25610,0,0
212,25611,0,0
212,25612,0,0
212,25613,0,0
212,25614,0,0
212,25615,0,0
212,25616,0,0
212,25617,0,0
212,25618,0,0
212,25619,0,0
212,25620,0,0
212,25621,0,0
212,25622,0,0
212,25623,0,0
212,25624,0,0
212,25625,0,0
212,25626,0,0
212,25627,0,0
212,25628,0,0
212,25629,0,0
212,25630,0,0
212,25631,0,0
212,25632,0,0
212,25633,0,0
212,25634,0,0
212,25635,0,0
212,25636,0,0
212,25637,0,0
212,25638,0,0
212,25639,0,0
212,25640,0,0
212,25641,0,0
212,25642,0,0
212,25643,0,0
212,25644,0,0
212,25645,0,0
212,25646,0,0
212,25647,0,0
212,25648,0,0
212,25649,0,0
212,25650,0,0
212,25651,0,0
212,25652,0,0
212,25653,0,0
212,25654,0,0
212,25655,0,0
212,25656,0,0
212,25657,0,0
212,25658,0,0
212,25659,0,0
212,25660,0,0
212,25661,0,0
212,25662,0,0
212,25663,0,0
212,25664,0,0
212,25665,0,0
212,25666,0,0
212,25667,0,0
212,25668,0,0
212,25669,0,0
212,25670,0,0
212,25671,0,0
212,25672,0,0
212,25673,0,0
212,25674,0,0
212,25675,0,0
212,25676,0,0
212,25677,0,0
212,25678,0,0
212,25679,0,0
212,25680,0,0
212,25681,0,0
212,25682,0,0
212,25683,0,0
212,25684,0,0
212,25685,0,0
212,25686,0,0
212,25687,0,0
212,25688,0,0
212,25689,0,0
212,25690,0,0
212,25691,0,0
212,25692,0,0
212,25693,0,0
212,25694,0,0
212,25695,0,0
212,25696,0,0
212,25697,0,0
212,25698,0,0
212,25699,0,0
212,25700,0,0
212,25701,0,0
212,25702,0,0
212,25703,0,0
212,25704,0,0
212,25705,0,0
212,25706,0,0
212,25707,0,0
212,25708,0,0
212,25709,0,0
212,25710,0,0
212,25711,0,0
212,25712,0,0
212,25713,0,0
212,25714,0,0
212,25715,0,0
212,25716,0,0
212,25717,0,0
212,25718,0,0
212,25719,0,0
212,25720,0,0
212,25721,0,0
212,25722,0,0
212,25723,0,0
212,25724,0,0
212,25725,0,0
212,25726,0,0
212,25727,0,0
212,25728,0,0
212,25729,0,0
212,25730,0,0
212,25731,0,0
212,25732,0,0
212,25733,0,0
212,25734,0,0
212,25735,0,0
212,25736,0,0
212,25737,0,0
212,25738,0,0
212,25739,0,0
212,25740,0,0
212,25741,0,0
212,25742,0,0
212,25743,0,0
212,25744,0,0
212,25745,0,0
212,25746,0,0
212,25747,0,0
212,25748,0,0
212,25749,0,0
212,25750,0,0
212,25751,0,0
212,25752,0,0
212,25753,0,0
212,25754,0,0
212,25755,0,0
212,25756,0,0
212,25757,0,0
212,25758,0,0
212,25759,0,0
212,25760,0,0
212,25761,0,0
212,25762,0,0
212,25763,0,0
212,25764,0,0
212,25765,0,0
212,25766,0,0
212,25767,0,0
212,25768,0,0
212,25769,0,0
212,25770,0,0
212,25771,0,0
212,25772,0,0
212,25773,0,0
212,25774,0,0
212,25775,0,0
212,25776,0,0
212,25777,0,0
212,25778,0,0
212,25779,0,2
212,25780,0,0
212,25781,0,0
212,25782,0,0
212,25783,0,0
212,25784,0,0
212,25785,0,0
212,25786,0,0
212,25787,0,0
212,25788,0,0
212,25789,0,0
212,25790,0,0
212,25791,0,0
212,25792,0,0
212,25793,0,0
212,25794,0,0
212,25795,0,0
212,25796,0,0
212,25797,0,0
212,25798,0,0
212,25799,0,0
212,25800,0,0
212,25801,0,0
212,25802,0,0
212,25803,0,0
212,25804,0,0
212,25805,0,0
212,25806,0,0
212,25807,0,0
212,25808,0,0
212,25809,0,0
212,25810,0,0
212,25811,0,0
212,25812,0,0
212,25813,0,0
212,25814,0,0
212,25815,0,0
212,25816,0,0
212,25817,0,0
212,25818,0,0
212,25819,0,0
212,25820,0,0
212,25821,0,0
212,25822,0,0
212,25823,0,0
212,25824,0,0
212,25825,0,0
212,25826,0,0
212,25827,0,0
212,25828,0,0
212,25829,0,0
212,25830,0,0
212,25831,0,0
212,25832,0,0
212,25833,0,0
212,25834,0,0
212,25835,0,0
212,25836,0,0
212,25837,0,0
212,25838,0,0
212,25839,0,0
212,25840,0,0
212,25841,0,0
212,25842,0,0
212,25843,0,0
212,25844,0,0
212,25845,0,0
212,25846,0,0
212,25847,0,0
212,25848,0,0
212,25849,0,0
212,25850,0,0
212,25851,0,0
212,25852,0,0
212,25853,0,0
212,25854,0,0
212,25855,0,0
212,25856,0,0
212,25857,0,0
212,25858,0,0
212,25859,0,0
212,25860,0,0
212,25861,0,0
212,25862,0,0
212,25863,0,0
212,25864,0,0
212,25865,0,0
212,25866,0,0
212,25867,0,0
212,25868,0,0
212,25869,0,0
212,25870,0,0
212,25871,0,0
212,25872,0,0
212,25873,0,0
212,25874,0,0
212,25875,0,0
212,25876,0,0
212,25877,0,0
212,25878,0,0
212,25879,0,0
212,25880,0,0
212,25881,0,0
213,25882,0,0
213,25883,0,0
213,25884,0,0
213,25885,0,0
213,25886,0,0
213,25887,0,0
213,25888,0,0
213,25889,0,0
213,25890,0,0
213,25891,0,0
213,25892,0,0
213,25893,0,0
213,25894,0,0
213,25895,0,0
213,25896,0,0
213,25897,0,0
213,25898,0,0
213,25899,0,0
213,25900,0,0
213,25901,0,0
213,25902,0,0
213,25903,0,0
213,25904,0,0
213,25905,0,0
213,25906,0,0
213,25907,0,0
213,25908,0,0
213,25909,0,0
213,25910,0,0
213,25911,0,0
213,25912,0,0
213,25913,0,0
213,25914,0,0
213,25915,0,0
213,25916,0,0
213,25917,0,0
213,25918,0,0
213,25919,0,0
213,25920,0,0
213,25921,0,0
213,25922,0,0
213,25923,0,0
213,25924,0,0
213,25925,0,0
213,25926,0,0
213,25927,0,0
213,25928,0,0
213,25929,0,0
213,25930,0,0
213,25931,0,0
213,25932,0,0
213,25933,0,0
213,25934,0,0
213,25935,0,0
213,25936,0,0
213,25937,0,0
213,25938,0,0
213,25939,0,0
213,25940,0,0
213,25941,0,0
213,25942,0,0
213,25943,0,0
213,25944,0,0
213,25945,0,0
213,25946,0,0
213,25947,0,0
213,25948,0,0
213,25949,0,0
213,25950,0,0
213,25951,0,0
213,25952,0,0
213,25953,0,0
213,25954,0,0
213,25955,0,0
213,25956,0,0
213,25957,0,0
213,25958,0,0
213,25959,0,0
213,25960,0,0
213,25961,0,0
213,25962,0,0
213,25963,0,0
213,25964,0,0
213,25965,0,0
213,25966,0,0
213,25967,0,0
213,25968,0,0
213,25969,0,0
213,25970,0,0
213,25971,0,0
213,25972,0,0
213,25973,0,0
213,25974,0,0
213,25975,0,0
213,25976,0,0
213,25977,0,0
213,25978,0,0
213,25979,0,0
213,25980,0,0
213,25981,0,0
213,25982,0,0
213,25983,0,0
213,25984,0,0
213,25985,0,0
213,25986,0,0
213,25987,0,0
213,25988,0,0
213,25989,0,0
213,25990,0,0
213,25991,0,0
213,25992,0,0
213,25993,3,0
213,25994,0,0
213,25995,0,0
213,25996,0,0
213,25997,0,0
213,25998,1,0
213,25999,0,0
213,26000,0,0
213,26001,0,0
213,26002,0,0
213,26003,0,0
213,26004,0,0
213,26005,0,0
213,26006,0,0
213,26007,0,0
213,26008,0,0
213,26009,0,0
213,26010,0,0
213,26011,0,0
213,26012,0,0
213,26013,0,0
213,26014,0,0
213,26015,0,0
213,26016,0,0
213,26017,0,0
213,26018,0,0
213,26019,0,0
213,26020,0,0
213,26021,0,0
213,26022,0,0
213,26023,0,0
213,26024,0,0
213,26025,0,0
213,26026,0,0
213,26027,0,0
213,26028,0,0
213,26029,0,0
213,26030,0,0
213,26031,0,0
213,26032,0,0
213,26033,0,0
213,26034,0,0
213,26035,0,0
213,26036,0,0
213,26037,0,0
213,26038,0,0
213,26039,0,0
213,26040,0,0
213,26041,0,0
213,26042,0,0
213,26043,0,0
213,26044,0,0
213,26045,0,0
213,26046,0,0
213,26047,0,0
213,26048,0,0
213,26049,0,0
213,26050,0,0
213,26051,0,0
213,26052,0,0
213,26053,0,0
213,26054,0,0
213,26055,0,0
213,26056,0,0
213,26057,0,0
213,26058,0,0
213,26059,0,0
213,26060,0,0
213,26061,0,0
213,26062,0,0
213,26063,0,0
213,26064,0,0
213,26065,0,0
213,26066,0,0
213,26067,0,0
213,26068,0,0
213,26069,0,0
213,26070,0,0
213,26071,0,0
213,26072,0,0
213,26073,0,0
213,26074,0,0
213,26075,0,0
213,26076,0,0
213,26077,0,0
213,26078,0,0
213,26079,0,0
213,26080,0,0
213,26081,0,0
213,26082,0,0
213,26083,0,0
213,26084,0,0
213,26085,3,0
213,26086,0,0
213,26087,0,0
213,26088,0,0
213,26089,0,0
213,26090,0,0
213,26091,0,0
213,26092,0,0
213,26093,0,0
213,26094,0,0
213,26095,0,0
213,26096,0,0
213,26097,0,0
213,26098,0,0
213,26099,3,0
213,26100,0,0
213,26101,3,0
213,26102,0,0
213,26103,3,0
213,26104,0,0
213,26105,2,2
213,26106,0,0
213,26107,3,0
213,26108,0,0
213,26109,3,0
213,26110,0,0
213,26111,3,0
213,26112,0,0
213,26113,0,0
213,26114,0,0
213,26115,3,0
213,26116,0,0
213,26117,3,0
213,26118,0,0
213,26119,3,0
213,26120,0,0
213,26121,3,0
213,26122,0,0
213,26123,3,0
213,26124,0,0
213,26125,3,0
213,26126,0,0
213,26127,3,0
213,26128,0,0
213,26129,3,0
213,26130,0,0
213,26131,3,0
213,26132,0,0
213,26133,3,0
213,26134,0,0
213,26135,3,0
213,26136,0,0
213,26137,2,1
213,26138,0,0
213,26139,3,0
213,26140,0,0
213,26141,3,0
213,26142,0,0
213,26143,3,0
213,26144,0,0
213,26145,0,0
213,26146,0,0
213,26147,0,0
213,26148,0,0
213,26149,0,0
213,26150,0,0
213,26151,0,0
213,26152,0,0
213,26153,3,0
213,26154,0,0
213,26155,3,0
213,26156,0,0
213,26157,2,2
213,26158,0,0
213,26159,2,2
213,26160,0,0
213,26161,2,2
213,26162,0,0
213,26163,3,0
213,26164,0,0
213,26165,0,0
213,26166,0,0
213,26167,3,0
213,26168,0,0
213,26169,3,0
213,26170,0,0
213,26171,3,0
213,26172,0,0
213,26173,3,0
213,26174,0,0
213,26175,2,2
213,26176,0,0
213,26177,3,0
213,26178,0,0
213,26179,3,0
213,26180,0,0
213,26181,3,0
213,26182,0,0
213,26183,3,0
213,26184,0,0
213,26185,3,0
213,26186,0,0
213,26187,3,0
213,26188,0,0
213,26189,2,1
213,26190,0,0
213,26191,2,2
213,26192,0,0
213,26193,3,0
213,26194,0,0
213,26195,3,0
213,26196,0,0
213,26197,0,0
213,26198,0,0
213,26199,0,0
213,26200,0,0
213,26201,0,0
213,26202,0,0
213,26203,3,0
213,26204,0,0
213,26205,2,2
213,26206,0,0
213,26207,0,0
213,26208,0,0
213,26209,3,0
213,26210,0,0
213,26211,3,0
213,26212,0,0
213,26213,3,0
213,26214,0,0
213,26215,3,0
213,26216,0,0
213,26217,3,2
213,26218,0,0
213,26219,3,0
213,26220,0,0
213,26221,0,0
213,26222,0,0
213,26223,0,0
213,26224,0,0
213,26225,3,0
213,26226,0,0
213,26227,2,0
213,26228,0,0
213,26229,2,2
213,26230,0,0
213,26231,3,0
213,26232,0,0
213,26233,3,0
213,26234,0,0
213,26235,3,0
213,26236,0,0
213,26237,3,0
213,26238,0,0
213,26239,0,0
213,26240,0,0
213,26241,0,0
213,26242,0,0
213,26243,3,0
213,26244,0,0
213,26245,2,0
213,26246,0,0
213,26247,2,1
213,26248,0,0
213,26249,3,0
213,26250,0,0
213,26251,3,0
213,26252,0,0
213,26253,3,0
213,26254,0,0
213,26255,3,0
213,26256,0,0
213,26257,3,0
213,26258,0,0
213,26259,3,0
213,26260,0,0
213,26261,3,0
213,26262,0,0
213,26263,3,0
213,26264,0,0
213,26265,3,0
213,26266,0,0
213,26267,3,0
213,26268,0,0
213,26269,2,2
213,26270,0,0
213,26271,3,0
213,26272,0,0
213,26273,0,0
213,26274,0,0
213,26275,0,0
213,26276,0,0
213,26277,3,0
213,26278,0,0
213,26279,2,2
213,26280,0,0
213,26281,3,0
213,26282,0,0
213,26283,3,0
213,26284,0,0
213,26285,3,0
213,26286,0,0
213,26287,3,0
213,26288,0,0
213,26289,3,0
213,26290,0,0
213,26291,3,0
213,26292,0,0
213,26293,3,0
213,26294,0,0
213,26295,3,0
213,26296,3,2
213,26297,0,0
213,26298,0,0
213,26299,0,0
213,26300,0,0
213,26301,3,0
213,26302,0,0
213,26303,3,0
213,26304,0,0
213,26305,3,0
213,26306,0,0
213,26307,3,0
213,26308,0,0
213,26309,3,0
213,26310,0,0
213,26311,3,0
213,26312,0,0
213,26313,3,0
213,26314,0,0
213,26315,3,0
213,26316,0,0
213,26317,3,0
213,26318,0,0
213,26319,0,0
213,26320,0,0
213,26321,0,0
213,26322,0,0
213,26323,0,0
213,26324,0,0
213,26325,3,0
213,26326,0,0
213,26327,2,2
213,26328,0,0
213,26329,3,0
213,26330,0,0
213,26331,0,0
213,26332,0,0
213,26333,0,0
213,26334,0,0
213,26335,0,0
213,26336,0,0
213,26337,3,0
213,26338,0,0
213,26339,3,0
213,26340,0,0
213,26341,2,2
213,26342,0,0
213,26343,0,0
213,26344,0,0
213,26345,0,0
213,26346,0,0
213,26347,0,0
213,26348,0,0
213,26349,0,0
213,26350,0,0
213,26351,3,0
213,26352,0,0
213,26353,3,0
213,26354,0,0
213,26355,3,0
213,26356,0,0
213,26357,2,1
213,26358,0,0
213,26359,0,0
213,26360,0,0
213,26361,0,0
213,26362,0,0
213,26363,0,0
213,26364,0,0
213,26365,0,0
213,26366,0,0
213,26367,0,0
213,26368,0,0
213,26369,0,0
213,26370,0,0
213,26371,2,0
213,26372,0,0
213,26373,2,2
213,26374,0,0
213,26375,2,2
213,26376,0,0
213,26377,3,0
213,26378,0,0
213,26379,0,0
213,26380,0,0
213,26381,3,0
213,26382,0,0
213,26383,0,0
213,26384,0,0
213,26385,0,0
213,26386,0,0
213,26387,0,0
213,26388,0,0
213,26389,3,0
213,26390,0,0
213,26391,2,2
213,26392,0,0
213,26393,0,0
213,26394,0,0
213,26395,0,0
213,26396,0,0
213,26397,0,0
213,26398,0,0
213,26399,0,0
213,26400,0,0
213,26401,3,0
213,26402,0,0
213,26403,2,2
213,26404,0,0
213,26405,0,0
213,26406,0,0
213,26407,0,0
213,26408,0,0
213,26409,0,0
213,26410,0,0
213,26411,0,0
213,26412,0,0
213,26413,0,0
213,26414,0,0
213,26415,0,0
213,26416,0,0
213,26417,0,0
213,26418,0,0
213,26419,0,0
213,26420,0,0
213,26421,3,0
213,26422,0,0
213,26423,2,2
213,26424,0,0
213,26425,2,2
213,26426,0,0
213,26427,3,0
213,26428,0,0
213,26429,0,0
213,26430,0,0
213,26431,0,0
213,26432,0,0
213,26433,3,0
213,26434,0,0
213,26435,2,0
213,26436,0,0
213,26437,2,2
213,26438,0,0
213,26439,0,0
213,26440,0,0
213,26441,0,0
213,26442,0,0
213,26443,0,0
213,26444,0,0
213,26445,0,0
213,26446,0,0
213,26447,0,0
213,26448,0,0
213,26449,0,0
213,26450,0,0
213,26451,2,2
213,26452,0,0
213,26453,2,2
213,26454,0,0
213,26455,0,0
213,26456,0,0
213,26457,0,0
213,26458,0,0
213,26459,0,0
213,26460,0,0
213,26461,0,0
213,26462,0,0
213,26463,0,0
213,26464,0,0
213,26465,0,0
213,26466,0,0
213,26467,2,0
213,26468,0,0
213,26469,2,2
213,26470,0,0
213,26471,2,2
213,26472,0,0
213,26473,0,0
213,26474,0,0
213,26475,0,0
213,26476,0,0
213,26477,0,0
213,26478,0,0
213,26479,3,0
213,26480,0,0
213,26481,2,1
213,26482,0,0
213,26483,2,0
213,26484,0,0
213,26485,0,0
213,26486,0,0
213,26487,0,0
213,26488,0,0
213,26489,0,0
213,26490,0,0
213,26491,0,0
213,26492,0,0
213,26493,0,0
213,26494,0,0
213,26495,3,0
213,26496,0,0
213,26497,2,1
213,26498,0,0
213,26499,0,0
213,26500,0,0
213,26501,0,0
213,26502,0,0
213,26503,0,0
213,26504,0,0
213,26505,0,0
213,26506,0,0
213,26507,0,0
213,26508,0,0
213,26509,0,0
213,26510,1,0
213,26511,0,0
213,26512,0,0
213,26513,0,0
213,26514,0,0
213,26515,0,0
213,26516,0,0
213,26517,0,0
213,26518,0,0
213,26519,1,0
213,26520,0,0
213,26521,0,0
213,26522,0,0
213,26523,0,0
213,26524,0,0
213,26525,0,0
213,26526,0,0
213,26527,0,0
213,26528,0,0
213,26529,0,0
213,26530,0,0
213,26531,0,0
213,26532,0,0
213,26533,0,0
213,26534,0,0
213,26535,0,0
213,26536,0,0
213,26537,0,0
213,26538,0,0
213,26539,0,0
213,26540,0,0
213,26541,0,0
213,26542,1,0
213,26543,0,0
213,26544,0,0
213,26545,0,0
213,26546,0,0
213,26547,0,0
213,26548,0,0
213,26549,0,0
213,26550,0,0
213,26551,0,0
213,26552,0,0
213,26553,0,0
213,26554,0,0
213,26555,0,0
213,26556,0,0
213,26557,0,0
213,26558,0,0
213,26559,0,0
213,26560,0,0
213,26561,0,0
213,26562,0,0
213,26563,0,0
213,26564,0,0
213,26565,0,0
213,26566,0,0
213,26567,1,0
213,26568,0,0
213,26569,0,0
213,26570,0,0
213,26571,0,0
213,26572,0,0
213,26573,1,0
213,26574,0,0
213,26575,0,0
213,26576,0,0
213,26577,0,0
213,26578,0,0
213,26579,0,0
213,26580,0,0
213,26581,0,0
213,26582,0,0
213,26583,0,0
213,26584,0,0
213,26585,0,0
213,26586,0,0
213,26587,0,0
213,26588,0,0
213,26589,0,0
213,26590,0,0
213,26591,0,0
213,26592,0,0
213,26593,0,0
213,26594,0,0
213,26595,0,0
213,26596,0,0
213,26597,0,0
213,26598,0,0
213,26599,0,0
213,26600,0,0
213,26601,0,0
213,26602,0,0
213,26603,0,0
213,26604,0,0
213,26605,0,0
213,26606,0,0
213,26607,0,0
213,26608,0,0
213,26609,0,0
213,26610,1,0
213,26611,0,0
213,26612,0,0
213,26613,0,0
213,26614,0,0
213,26615,0,0
213,26616,0,0
213,26617,0,0
213,26618,0,0
213,26619,0,0
213,26620,0,0
213,26621,0,0
213,26622,0,0
213,26623,0,0
213,26624,0,0
213,26625,0,0
213,26626,0,0
213,26627,0,0
213,26628,0,0
213,26629,0,0
213,26630,0,0
213,26631,0,0
213,26632,0,0
213,26633,0,0
213,26634,0,0
213,26635,0,0
213,26636,0,0
213,26637,0,0
213,26638,0,0
213,26639,0,0
213,26640,0,0
213,26641,0,0
213,26642,0,0
213,26643,0,0
213,26644,0,0
213,26645,0,0
213,26646,0,0
213,26647,0,0
213,26648,0,0
213,26649,0,0
213,26650,0,0
213,26651,0,0
213,26652,0,0
213,26653,0,0
213,26654,0,0
213,26655,0,0
213,26656,0,0
213,26657,0,0
213,26658,0,0
213,26659,0,0
213,26660,0,0
213,26661,0,0
213,26662,0,0
213,26663,0,0
213,26664,0,0
213,26665,0,0
213,26666,0,0
213,26667,0,0
213,26668,0,0
213,26669,0,0
213,26670,0,0
213,26671,0,0
213,26672,0,0
213,26673,0,0
213,26674,0,0
213,26675,0,0
213,26676,3,0
213,26677,0,0
213,26678,0,0
213,26679,0,0
213,26680,0,0
213,26681,0,0
213,26682,0,0
213,26683,0,0
213,26684,0,0
213,26685,0,0
213,26686,0,0
213,26687,0,0
213,26688,1,0
213,26689,0,0
213,26690,0,0
213,26691,0,0
213,26692,0,0
213,26693,0,0
213,26694,0,0
213,26695,2,2
213,26696,0,0
213,26697,0,0
213,26698,0,0
213,26699,0,0
213,26700,0,0
213,26701,0,0
213,26702,0,0
213,26703,0,0
213,26704,0,0
213,26705,0,0
213,26706,0,0
213,26707,3,0
213,26708,0,0
213,26709,2,2
213,26710,0,0
213,26711,2,0
213,26712,0,0
213,26713,3,0
213,26714,0,0
213,26715,3,0
213,26716,0,0
213,26717,3,0
213,26718,0,0
213,26719,3,0
213,26720,0,0
213,26721,3,0
213,26722,0,0
213,26723,2,2
213,26724,0,0
213,26725,2,2
213,26726,0,0
213,26727,3,0
213,26728,0,0
213,26729,3,0
213,26730,0,0
213,26731,3,0
213,26732,0,0
213,26733,2,2
213,26734,0,0
213,26735,2,2
213,26736,0,0
213,26737,2,2
213,26738,0,0
213,26739,3,0
213,26740,0,0
213,26741,3,0
213,26742,0,0
213,26743,2,0
213,26744,0,0
213,26745,0,0
213,26746,0,0
213,26747,2,0
213,26748,0,0
213,26749,3,2
213,26750,0,0
213,26751,2,2
213,26752,0,0
213,26753,2,2
213,26754,0,0
213,26755,2,2
213,26756,0,0
213,26757,3,0
213,26758,0,0
213,26759,3,0
213,26760,0,0
213,26761,3,0
213,26762,0,0
213,26763,3,0
213,26764,0,0
213,26765,2,2
213,26766,0,0
213,26767,2,2
213,26768,0,0
213,26769,2,1
213,26770,0,0
213,26771,0,0
213,26772,0,0
213,26773,0,0
213,26774,0,0
213,26775,3,0
213,26776,0,0
213,26777,3,0
213,26778,0,0
213,26779,3,0
213,26780,0,0
213,26781,2,2
213,26782,0,0
213,26783,2,1
213,26784,0,0
213,26785,2,2
213,26786,0,0
213,26787,3,0
213,26788,0,0
213,26789,3,0
213,26790,0,0
213,26791,3,0
213,26792,0,0
213,26793,3,0
213,26794,0,0
213,26795,3,0
213,26796,0,0
213,26797,2,2
213,26798,0,0
213,26799,2,1
213,26800,0,0
213,26801,3,0
213,26802,0,0
213,26803,0,0
213,26804,0,0
213,26805,0,0
213,26806,0,0
213,26807,0,0
213,26808,0,0
213,26809,2,0
213,26810,0,0
213,26811,2,2
213,26812,0,0
213,26813,0,0
213,26814,0,0
213,26815,0,0
213,26816,0,0
213,26817,0,0
213,26818,0,0
213,26819,0,0
213,26820,0,0
213,26821,1,0
213,26822,0,0
213,26823,2,2
213,26824,0,0
213,26825,0,0
213,26826,0,0
213,26827,3,0
213,26828,0,0
213,26829,3,0
213,26830,0,0
213,26831,2,2
213,26832,0,0
213,26833,3,0
213,26834,0,0
213,26835,3,0
213,26836,0,0
213,26837,3,0
213,26838,0,0
213,26839,2,2
213,26840,0,0
213,26841,2,0
213,26842,0,0
213,26843,3,0
213,26844,0,0
213,26845,3,0
213,26846,0,0
213,26847,3,0
213,26848,0,0
213,26849,3,0
213,26850,0,0
213,26851,3,2
213,26852,0,0
213,26853,3,0
213,26854,0,0
213,26855,3,0
213,26856,0,0
213,26857,3,0
213,26858,0,0
213,26859,2,2
213,26860,0,0
213,26861,3,0
213,26862,0,0
213,26863,2,0
213,26864,0,0
213,26865,3,0
213,26866,0,0
213,26867,3,0
213,26868,0,0
213,26869,3,0
213,26870,0,0
213,26871,3,0
213,26872,0,0
213,26873,2,2
213,26874,0,0
213,26875,3,0
213,26876,0,0
213,26877,3,0
213,26878,0,0
213,26879,0,0
213,26880,0,0
213,26881,0,0
213,26882,0,0
213,26883,0,0
213,26884,0,0
213,26885,3,0
213,26886,0,0
213,26887,3,0
213,26888,0,0
213,26889,2,1
213,26890,0,0
213,26891,3,0
213,26892,0,0
213,26893,0,0
213,26894,0,0
213,26895,0,0
213,26896,1,0
213,26897,0,0
213,26898,0,0
213,26899,0,0
213,26900,0,0
213,26901,3,0
213,26902,0,0
213,26903,2,2
213,26904,0,0
213,26905,0,0
213,26906,0,0
213,26907,0,0
213,26908,0,0
213,26909,0,0
213,26910,0,0
213,26911,0,0
213,26912,0,0
213,26913,0,0
213,26914,0,0
213,26915,0,0
213,26916,0,0
213,26917,0,0
213,26918,0,0
213,26919,2,1
213,26920,0,0
213,26921,2,2
213,26922,0,0
213,26923,0,0
213,26924,0,0
213,26925,0,0
213,26926,0,0
213,26927,0,0
213,26928,0,0
213,26929,0,0
213,26930,2,1
213,26931,0,0
213,26932,0,0
213,26933,0,0
213,26934,2,2
213,26935,0,0
213,26936,3,0
213,26937,0,0
213,26938,3,0
213,26939,0,0
213,26940,3,0
213,26941,0,0
213,26942,3,0
213,26943,0,0
213,26944,3,0
213,26945,0,0
213,26946,3,0
213,26947,0,0
213,26948,3,0
213,26949,0,0
213,26950,3,0
213,26951,0,0
213,26952,3,0
213,26953,0,0
213,26954,0,0
213,26955,0,0
213,26956,3,0
213,26957,0,0
213,26958,3,0
213,26959,0,0
213,26960,3,0
213,26961,0,0
213,26962,3,0
213,26963,0,0
213,26964,3,0
213,26965,0,0
213,26966,0,0
213,26967,0,0
213,26968,3,0
213,26969,0,0
213,26970,3,0
213,26971,0,0
213,26972,3,0
213,26973,0,0
213,26974,3,0
213,26975,0,0
213,26976,3,0
213,26977,0,0
213,26978,3,0
213,26979,0,0
213,26980,3,0
213,26981,0,0
213,26982,3,0
213,26983,0,0
213,26984,3,0
213,26985,0,0
213,26986,3,0
213,26987,0,0
213,26988,0,0
213,26989,0,0
213,26990,0,0
213,26991,0,0
213,26992,0,0
213,26993,0,0
213,26994,0,0
213,26995,3,0
213,26996,0,0
213,26997,0,0
213,26998,2,0
213,26999,0,0
213,27000,2,0
213,27001,0,0
213,27002,2,2
213,27003,0,0
213,27004,3,0
213,27005,0,0
213,27006,0,0
213,27007,0,0
213,27008,0,0
213,27009,0,0
213,27010,0,0
213,27011,0,0
213,27012,0,0
213,27013,0,0
213,27014,2,2
213,27015,0,0
213,27016,0,0
213,27017,0,0
213,27018,0,0
213,27019,0,0
213,27020,0,0
213,27021,0,0
213,27022,0,0
213,27023,0,0
213,27024,3,0
213,27025,0,0
213,27026,2,2
213,27027,0,0
213,27028,2,2
213,27029,0,0
213,27030,2,1
213,27031,0,0
213,27032,0,0
213,27033,0,0
213,27034,0,0
213,27035,0,0
213,27036,0,0
213,27037,0,0
213,27038,0,0
213,27039,0,0
213,27040,3,0
213,27041,0,0
213,27042,2,2
213,27043,0,0
213,27044,2,2
213,27045,0,0
213,27046,3,0
213,27047,1,0
213,27048,0,0
213,27049,0,0
213,27050,0,0
213,27051,0,0
213,27052,0,0
213,27053,0,0
213,27054,0,0
213,27055,0,0
213,27056,2,2
213,27057,0,0
213,27058,3,0
213,27059,0,0
213,27060,0,0
213,27061,1,0
213,27062,0,0
213,27063,0,0
213,27064,0,0
213,27065,0,0
213,27066,0,0
213,27067,0,0
213,27068,0,0
213,27069,0,0
213,27070,1,0
213,27071,0,0
213,27072,0,0
213,27073,0,0
213,27074,0,0
213,27075,0,0
213,27076,0,0
213,27077,0,0
213,27078,0,0
213,27079,0,0
213,27080,0,0
213,27081,0,0
213,27082,0,0
213,27083,0,0
213,27084,0,0
213,27085,0,0
213,27086,0,0
213,27087,0,0
213,27088,0,0
213,27089,0,0
213,27090,0,0
213,27091,0,0
213,27092,0,0
213,27093,0,0
213,27094,0,0
213,27095,0,0
213,27096,0,0
213,27097,0,0
213,27098,0,0
213,27099,0,0
213,27100,0,0
213,27101,0,0
213,27102,0,0
213,27103,0,0
213,27104,0,0
213,27105,0,0
213,27106,0,0
213,27107,0,0
213,27108,0,0
213,27109,0,0
213,27110,0,0
213,27111,0,0
213,27112,0,0
213,27113,0,0
213,27114,0,0
213,27115,0,0
213,27116,0,0
213,27117,0,0
213,27118,0,0
213,27119,0,0
213,27120,0,0
213,27121,0,0
213,27122,0,0
213,27123,0,0
213,27124,0,0
213,27125,0,0
213,27126,0,0
213,27127,0,0
213,27128,0,0
213,27129,0,0
213,27130,0,0
213,27131,0,0
213,27132,0,0
213,27133,0,0
213,27134,0,0
213,27135,0,0
213,27136,0,0
213,27137,0,0
213,27138,0,0
213,27139,0,0
213,27140,0,0
213,27141,0,0
213,27142,0,0
213,27143,0,0
213,27144,0,0
213,27145,0,0
213,27146,0,0
213,27147,0,0
213,27148,0,0
213,27149,0,0
213,27150,0,0
213,27151,0,0
213,27152,0,0
213,27153,0,0
213,27154,0,0
213,27155,0,0
213,27156,0,0
213,27157,0,0
213,27158,0,0
213,27159,0,0
213,27160,0,0
213,27161,0,0
213,27162,0,0
213,27163,0,0
213,27164,0,0
213,27165,0,0
213,27166,0,0
213,27167,0,0
213,27168,0,0
213,27169,0,0
213,27170,0,0
213,27171,0,0
213,27172,0,0
213,27173,0,0
213,27174,0,0
213,27175,0,0
213,27176,0,0
213,27177,0,0
213,27178,0,0
213,27179,0,0
213,27180,0,0
213,27181,0,0
213,27182,0,0
213,27183,0,0
213,27184,0,0
213,27185,0,0
213,27186,0,0
213,27187,0,0
213,27188,0,0
213,27189,0,0
213,27190,0,0
213,27191,0,0
213,27192,0,0
213,27193,0,0
213,27194,0,0
213,27195,0,0
213,27196,0,0
213,27197,0,0
213,27198,0,0
213,27199,0,0
213,27200,0,0
213,27201,0,0
213,27202,0,0
213,27203,0,0
213,27204,0,0
213,27205,0,0
213,27206,0,0
213,27207,0,0
213,27208,0,0
213,27209,0,0
213,27210,0,0
213,27211,0,0
213,27212,0,0
213,27213,0,0
213,27214,0,0
213,27215,0,0
213,27216,0,0
213,27217,0,0
213,27218,0,0
213,27219,0,0
213,27220,0,0
213,27221,0,0
213,27222,0,0
213,27223,0,0
213,27224,0,0
213,27225,0,0
213,27226,0,0
213,27227,0,0
213,27228,0,0
213,27229,0,0
213,27230,0,0
213,27231,0,0
213,27232,0,0
213,27233,0,0
213,27234,0,0
213,27235,0,0
213,27236,0,0
213,27237,0,0
213,27238,0,0
213,27239,0,0
213,27240,0,0
213,27241,0,0
213,27242,0,0
213,27243,0,0
213,27244,0,0
213,27245,0,0
213,27246,0,0
213,27247,0,0
213,27248,0,0
213,27249,0,0
213,27250,0,0
213,27251,0,0
213,27252,0,0
213,27253,0,0
213,27254,0,0
213,27255,0,0
213,27256,0,0
213,27257,0,0
213,27258,0,0
213,27259,0,0
213,27260,0,0
213,27261,0,0
213,27262,0,0
213,27263,0,0
213,27264,0,0
213,27265,0,0
213,27266,0,0
213,27267,0,0
213,27268,0,0
213,27269,0,0
213,27270,0,0
213,27271,0,0
213,27272,0,0
213,27273,0,0
213,27274,0,0
213,27275,0,0
213,27276,0,0
213,27277,3,0
213,27278,0,0
213,27279,3,0
213,27280,0,0
213,27281,2,0
213,27282,0,0
213,27283,2,0
213,27284,0,0
213,27285,3,0
213,27286,0,0
213,27287,3,0
213,27288,0,0
213,27289,3,0
213,27290,0,0
213,27291,3,0
213,27292,0,0
213,27293,2,2
213,27294,0,0
213,27295,2,0
213,27296,0,0
213,27297,2,0
213,27298,0,0
213,27299,2,1
213,27300,0,0
213,27301,3,0
213,27302,0,0
213,27303,3,2
213,27304,0,0
213,27305,3,0
213,27306,0,0
213,27307,3,0
213,27308,0,0
213,27309,3,0
213,27310,0,0
213,27311,3,0
213,27312,0,0
213,27313,3,0
213,27314,0,0
213,27315,2,1
213,27316,0,0
213,27317,2,2
213,27318,0,0
213,27319,2,0
213,27320,0,0
213,27321,3,0
213,27322,0,0
213,27323,0,0
213,27324,0,0
213,27325,0,0
213,27326,0,0
213,27327,0,0
213,27328,0,0
213,27329,3,0
213,27330,0,0
213,27331,2,2
213,27332,0,0
213,27333,2,2
213,27334,0,0
213,27335,2,1
213,27336,0,0
213,27337,2,2
213,27338,0,0
213,27339,2,2
213,27340,0,0
213,27341,0,0
213,27342,0,0
213,27343,0,0
213,27344,0,0
213,27345,0,0
213,27346,0,0
213,27347,0,0
213,27348,0,0
213,27349,3,0
213,27350,0,0
213,27351,2,2
213,27352,0,0
213,27353,0,0
213,27354,0,0
213,27355,0,0
213,27356,0,0
213,27357,0,0
213,27358,0,0
213,27359,3,0
213,27360,0,0
213,27361,2,1
213,27362,0,0
213,27363,0,0
213,27364,0,0
213,27365,2,0
213,27366,0,0
213,27367,2,0
213,27368,0,0
213,27369,3,0
213,27370,0,0
213,27371,3,0
213,27372,0,0
213,27373,3,0
213,27374,0,0
213,27375,3,0
213,27376,0,0
213,27377,3,0
213,27378,0,0
213,27379,2,2
213,27380,0,0
213,27381,2,2
213,27382,0,0
213,27383,3,0
213,27384,0,0
213,27385,3,0
213,27386,0,0
213,27387,0,0
213,27388,0,0
213,27389,0,0
213,27390,0,0
213,27391,3,0
213,27392,0,0
213,27393,2,0
213,27394,0,0
213,27395,2,2
213,27396,0,0
213,27397,3,0
213,27398,0,0
213,27399,3,0
213,27400,0,0
213,27401,3,0
213,27402,0,0
213,27403,3,0
213,27404,0,0
213,27405,3,0
213,27406,0,0
213,27407,2,2
213,27408,0,0
213,27409,3,0
213,27410,0,0
213,27411,3,0
213,27412,0,0
213,27413,0,0
213,27414,0,0
213,27415,0,0
213,27416,0,0
213,27417,0,0
213,27418,0,0
213,27419,0,0
213,27420,0,0
213,27421,3,0
213,27422,0,0
213,27423,0,0
213,27424,0,0
213,27425,3,0
213,27426,0,0
213,27427,0,0
213,27428,0,0
213,27429,0,0
213,27430,0,0
213,27431,1,0
213,27432,0,0
213,27433,2,2
213,27434,0,0
213,27435,0,0
213,27436,0,0
213,27437,0,0
213,27438,0,0
213,27439,0,0
213,27440,0,0
213,27441,0,0
213,27442,0,0
213,27443,3,0
213,27444,0,0
213,27445,2,2
213,27446,0,0
213,27447,2,2
213,27448,0,0
213,27449,2,2
213,27450,0,0
213,27451,0,0
213,27452,0,0
213,27453,0,0
213,27454,0,0
213,27455,0,0
213,27456,0,0
213,27457,0,0
213,27458,0,0
213,27459,3,0
213,27460,0,0
213,27461,2,2
213,27462,0,0
213,27463,2,0
213,27464,0,0
213,27465,0,0
213,27466,0,0
213,27467,0,0
213,27468,0,0
213,27469,0,0
213,27470,0,0
213,27471,0,0
213,27472,0,0
213,27473,0,0
213,27474,0,0
213,27475,3,0
213,27476,0,0
213,27477,0,0
213,27478,0,0
213,27479,2,2
213,27480,0,0
213,27481,0,0
213,27482,0,0
213,27483,0,0
213,27484,0,0
213,27485,2,2
213,27486,0,0
213,27487,0,0
213,27488,0,0
213,27489,0,0
213,27490,0,0
213,27491,0,0
213,27492,0,0
213,27493,0,0
213,27494,0,0
213,27495,1,0
213,27496,2,1
213,27497,0,0
213,27498,0,0
213,27499,0,0
213,27500,0,0
213,27501,3,0
213,27502,0,0
213,27503,3,0
213,27504,0,0
213,27505,0,0
213,27506,0,0
213,27507,0,0
213,27508,0,0
213,27509,0,0
213,27510,0,0
213,27511,0,0
213,27512,0,0
213,27513,3,0
213,27514,0,0
213,27515,2,2
213,27516,2,2
213,27517,3,0
213,27518,0,0
213,27519,0,0
213,27520,0,0
213,27521,0,0
213,27522,0,0
213,27523,0,0
213,27524,0,0
213,27525,3,0
213,27526,0,0
213,27527,2,2
213,27528,0,0
213,27529,0,0
213,27530,0,0
213,27531,0,0
213,27532,0,0
213,27533,0,0
213,27534,0,0
213,27535,0,0
213,27536,0,0
213,27537,0,0
213,27538,3,0
213,27539,2,2
213,27540,0,0
213,27541,3,2
213,27542,0,0
213,27543,0,0
213,27544,0,0
213,27545,0,0
213,27546,0,0
213,27547,0,0
213,27548,0,0
213,27549,0,0
213,27550,0,0
213,27551,2,2
213,27552,0,0
213,27553,3,0
213,27554,0,0
213,27555,3,0
213,27556,0,0
213,27557,0,0
213,27558,0,0
213,27559,0,0
213,27560,0,0
213,27561,0,0
213,27562,0,0
213,27563,1,0
213,27564,0,0
213,27565,2,2
213,27566,0,0
213,27567,0,0
213,27568,1,0
213,27569,0,0
213,27570,0,0
213,27571,0,0
213,27572,0,0
213,27573,0,0
213,27574,0,0
213,27575,0,0
213,27576,0,0
213,27577,0,0
213,27578,0,0
213,27579,0,0
213,27580,0,0
213,27581,0,0
213,27582,0,0
213,27583,0,0
213,27584,0,0
213,27585,0,0
213,27586,0,0
213,27587,0,0
213,27588,0,0
213,27589,0,0
213,27590,0,0
213,27591,0,0
213,27592,0,0
213,27593,0,0
213,27594,0,0
213,27595,0,0
213,27596,0,0
213,27597,0,0
213,27598,0,0
213,27599,0,0
213,27600,0,0
213,27601,0,0
213,27602,0,0
213,27603,1,0
213,27604,0,0
213,27605,0,0
213,27606,0,0
213,27607,0,0
213,27608,0,0
213,27609,0,0
213,27610,0,0
213,27611,0,0
213,27612,0,0
213,27613,0,0
213,27614,0,0
213,27615,0,0
213,27616,0,0
213,27617,0,0
213,27618,0,0
213,27619,0,0
213,27620,0,0
213,27621,0,0
213,27622,0,0
213,27623,0,0
213,27624,0,0
213,27625,0,0
213,27626,0,0
213,27627,0,0
213,27628,0,0
213,27629,0,0
213,27630,0,0
213,27631,0,0
213,27632,0,0
213,27633,0,0
213,27634,0,0
213,27635,0,0
213,27636,0,0
213,27637,0,0
213,27638,0,0
213,27639,0,0
213,27640,0,0
213,27641,0,0
213,27642,0,0
213,27643,0,0
213,27644,0,0
213,27645,0,0
213,27646,0,0
213,27647,0,0
213,27648,0,0
213,27649,0,0
213,27650,0,0
213,27651,0,0
213,27652,0,0
213,27653,0,0
213,27654,0,0
213,27655,0,0
213,27656,0,0
213,27657,0,0
213,27658,0,0
213,27659,0,0
213,27660,0,0
213,27661,0,0
213,27662,0,0
213,27663,0,0
213,27664,0,0
213,27665,0,0
213,27666,0,0
213,27667,0,0
213,27668,0,0
213,27669,0,0
213,27670,0,0
213,27671,0,0
213,27672,0,0
213,27673,0,0
213,27674,0,0
213,27675,0,0
213,27676,0,0
213,27677,0,0
213,27678,0,0
213,27679,0,0
213,27680,0,0
213,27681,0,0
213,27682,0,0
213,27683,0,0
213,27684,0,0
213,27685,0,0
213,27686,0,0
213,27687,0,0
213,27688,0,0
213,27689,0,0
213,27690,0,0
213,27691,0,0
213,27692,0,0
213,27693,0,0
213,27694,0,0
213,27695,0,0
213,27696,0,0
213,27697,0,0
213,27698,0,0
213,27699,0,0
213,27700,0,0
213,27701,0,0
213,27702,0,0
213,27703,0,0
213,27704,0,0
213,27705,0,0
213,27706,1,0
213,27707,0,0
213,27708,0,0
213,27709,0,0
213,27710,0,0
213,27711,0,0
213,27712,0,0
213,27713,0,0
213,27714,0,0
213,27715,0,0
213,27716,0,0
213,27717,0,0
213,27718,0,0
213,27719,0,0
213,27720,0,0
213,27721,0,0
213,27722,0,0
213,27723,0,0
213,27724,0,0
213,27725,0,0
213,27726,0,0
213,27727,0,0
213,27728,0,0
213,27729,0,0
213,27730,0,0
213,27731,0,0
213,27732,0,0
213,27733,0,0
213,27734,0,0
213,27735,0,0
213,27736,0,0
213,27737,0,0
213,27738,0,0
213,27739,0,0
213,27740,0,0
213,27741,0,0
213,27742,0,0
213,27743,0,0
213,27744,0,0
213,27745,0,0
213,27746,0,0
213,27747,0,0
213,27748,0,0
213,27749,0,0
213,27750,0,0
213,27751,0,0
213,27752,0,0
213,27753,0,0
213,27754,0,0
213,27755,0,0
213,27756,0,0
213,27757,0,0
213,27758,0,0
213,27759,0,0
213,27760,0,0
213,27761,0,0
213,27762,0,0
213,27763,0,0
213,27764,0,0
213,27765,0,0
213,27766,0,0
213,27767,0,0
213,27768,0,0
213,27769,0,0
213,27770,0,0
213,27771,0,0
213,27772,0,0
213,27773,0,0
213,27774,0,0
213,27775,0,0
213,27776,0,0
213,27777,0,0
213,27778,0,0
213,27779,3,0
213,27780,0,0
213,27781,3,0
213,27782,0,0
213,27783,3,0
213,27784,0,0
213,27785,2,2
213,27786,0,0
213,27787,2,2
213,27788,0,0
213,27789,2,2
213,27790,0,0
213,27791,2,1
213,27792,0,0
213,27793,3,0
213,27794,0,0
213,27795,3,2
213,27796,0,0
213,27797,3,0
213,27798,0,0
213,27799,3,0
213,27800,2,0
213,27801,2,0
213,27802,2,0
213,27803,2,2
213,27804,0,0
213,27805,3,2
213,27806,0,0
213,27807,0,0
213,27808,0,0
213,27809,3,0
213,27810,0,0
213,27811,2,1
213,27812,0,0
213,27813,2,2
213,27814,0,0
213,27815,2,2
213,27816,0,0
213,27817,3,0
213,27818,0,0
213,27819,3,0
213,27820,0,0
213,27821,3,0
213,27822,0,0
213,27823,2,2
213,27824,0,0
213,27825,3,0
213,27826,0,0
213,27827,2,1
213,27828,0,0
213,27829,3,2
213,27830,0,0
213,27831,3,0
213,27832,0,0
213,27833,2,2
213,27834,0,0
213,27835,2,0
213,27836,0,0
213,27837,2,2
213,27838,0,0
213,27839,2,0
213,27840,0,0
213,27841,2,0
213,27842,0,0
213,27843,2,0
213,27844,0,0
213,27845,3,0
213,27846,0,0
213,27847,2,0
213,27848,1,0
213,27849,2,2
213,27850,0,0
213,27851,0,0
213,27852,3,0
213,27853,0,0
213,27854,2,0
213,27855,0,0
213,27856,0,0
213,27857,0,0
213,27858,0,0
213,27859,0,0
213,27860,0,0
213,27861,0,0
213,27862,0,0
213,27863,0,0
213,27864,0,0
213,27865,0,0
213,27866,3,0
213,27867,0,0
213,27868,2,2
213,27869,0,0
213,27870,0,0
213,27871,0,0
213,27872,0,0
213,27873,0,0
213,27874,0,0
213,27875,0,0
213,27876,0,0
213,27877,0,0
213,27878,0,0
213,27879,0,0
213,27880,3,0
213,27881,0,0
213,27882,0,0
213,27883,0,0
213,27884,2,2
213,27885,0,0
213,27886,2,2
213,27887,0,0
213,27888,3,0
213,27889,0,0
213,27890,3,0
213,27891,0,0
213,27892,3,0
213,27893,0,0
213,27894,0,0
213,27895,0,0
213,27896,0,0
213,27897,0,0
213,27898,0,0
213,27899,0,0
213,27900,3,0
213,27901,0,0
213,27902,3,0
213,27903,0,0
213,27904,0,0
213,27905,0,0
213,27906,0,0
213,27907,0,0
213,27908,0,0
213,27909,0,0
213,27910,0,0
213,27911,0,0
213,27912,0,0
213,27913,0,0
213,27914,3,2
213,27915,0,0
213,27916,2,2
213,27917,0,0
213,27918,2,1
213,27919,0,0
213,27920,3,0
213,27921,0,0
213,27922,0,0
213,27923,0,0
213,27924,0,0
213,27925,0,0
213,27926,0,0
213,27927,0,0
213,27928,0,0
213,27929,0,0
213,27930,2,1
213,27931,0,0
213,27932,0,0
213,27933,0,0
213,27934,2,2
213,27935,0,0
213,27936,3,0
213,27937,0,0
213,27938,3,2
213,27939,0,0
213,27940,3,0
213,27941,0,0
213,27942,3,0
213,27943,0,0
213,27944,3,0
213,27945,0,0
213,27946,3,0
213,27947,0,0
213,27948,2,2
213,27949,0,0
213,27950,3,0
213,27951,0,0
213,27952,0,0
213,27953,0,0
213,27954,0,0
213,27955,0,0
213,27956,0,0
213,27957,0,0
213,27958,0,0
213,27959,0,0
213,27960,0,0
213,27961,0,0
213,27962,3,0
213,27963,0,0
213,27964,2,2
213,27965,0,0
213,27966,0,0
213,27967,0,0
213,27968,0,0
213,27969,0,0
213,27970,0,0
213,27971,0,0
213,27972,0,0
213,27973,0,0
213,27974,0,0
213,27975,0,0
213,27976,2,2
213,27977,0,0
213,27978,0,0
213,27979,0,0
213,27980,0,0
213,27981,0,0
213,27982,0,0
213,27983,0,0
213,27984,0,0
213,27985,0,0
213,27986,0,0
213,27987,0,0
213,27988,0,0
213,27989,0,0
213,27990,2,2
213,27991,0,0
213,27992,0,0
213,27993,0,0
213,27994,3,0
213,27995,0,0
213,27996,2,0
213,27997,0,0
213,27998,3,0
213,27999,0,0
213,28000,3,0
213,28001,0,0
213,28002,3,0
213,28003,0,0
213,28004,3,0
213,28005,0,0
213,28006,0,0
213,28007,0,0
213,28008,0,0
213,28009,0,0
213,28010,3,0
213,28011,0,0
213,28012,3,0
213,28013,0,0
213,28014,3,0
213,28015,0,0
213,28016,0,0
213,28017,0,0
213,28018,0,0
213,28019,0,0
213,28020,0,0
213,28021,0,0
213,28022,3,0
213,28023,0,0
213,28024,2,2
213,28025,0,0
213,28026,3,0
213,28027,0,0
213,28028,3,0
213,28029,0,0
213,28030,3,0
213,28031,0,0
213,28032,3,0
213,28033,0,0
213,28034,2,2
213,28035,0,0
213,28036,0,0
213,28037,0,0
213,28038,0,0
213,28039,0,0
213,28040,0,0
213,28041,0,0
213,28042,0,0
213,28043,0,0
213,28044,3,0
213,28045,0,0
213,28046,2,1
213,28047,0,0
213,28048,0,0
213,28049,0,0
213,28050,0,0
213,28051,0,0
213,28052,0,0
213,28053,0,0
213,28054,0,0
213,28055,0,0
213,28056,0,0
213,28057,0,0
213,28058,3,0
213,28059,0,0
213,28060,0,0
213,28061,0,0
213,28062,0,0
213,28063,0,0
213,28064,0,0
213,28065,0,0
213,28066,0,0
213,28067,0,0
213,28068,0,0
213,28069,0,0
213,28070,0,0
213,28071,0,0
213,28072,0,0
213,28073,0,0
213,28074,0,0
213,28075,0,0
213,28076,0,0
213,28077,0,0
213,28078,0,0
213,28079,0,0
213,28080,0,0
213,28081,0,0
213,28082,0,0
213,28083,0,0
213,28084,0,0
213,28085,0,0
213,28086,0,0
213,28087,0,0
213,28088,0,0
213,28089,0,0
213,28090,0,0
213,28091,0,0
213,28092,0,0
213,28093,0,0
213,28094,0,0
213,28095,0,0
213,28096,0,0
213,28097,0,0
213,28098,0,0
213,28099,0,0
213,28100,0,0
213,28101,0,0
213,28102,0,0
213,28103,0,0
213,28104,0,0
213,28105,0,0
213,28106,0,0
213,28107,0,0
213,28108,0,0
213,28109,0,0
213,28110,0,0
213,28111,0,0
213,28112,0,0
213,28113,0,0
213,28114,0,0
213,28115,0,0
213,28116,0,0
213,28117,0,0
213,28118,0,0
213,28119,0,0
213,28120,0,0
213,28121,0,0
213,28122,0,0
213,28123,0,0
213,28124,0,0
213,28125,0,0
213,28126,0,0
213,28127,0,0
213,28128,0,0
213,28129,0,0
213,28130,0,0
213,28131,0,0
213,28132,0,0
213,28133,0,0
213,28134,0,0
213,28135,0,0
213,28136,0,0
213,28137,0,0
213,28138,0,0
213,28139,0,0
213,28140,0,0
213,28141,0,0
213,28142,0,0
213,28143,0,0
213,28144,0,0
213,28145,0,0
213,28146,0,0
213,28147,0,0
213,28148,0,0
213,28149,0,0
213,28150,0,0
213,28151,0,0
213,28152,0,0
213,28153,0,0
213,28154,0,0
213,28155,0,0
213,28156,0,0
213,28157,0,0
213,28158,0,0
213,28159,0,0
213,28160,0,0
213,28161,0,0
213,28162,0,0
213,28163,0,0
213,28164,0,0
213,28165,0,0
213,28166,0,0
213,28167,0,0
213,28168,0,0
213,28169,0,0
213,28170,0,0
213,28171,0,0
213,28172,0,0
213,28173,0,0
213,28174,0,0
213,28175,0,0
213,28176,0,0
213,28177,0,0
213,28178,0,0
213,28179,0,0
213,28180,0,0
213,28181,0,0
213,28182,0,0
213,28183,0,0
213,28184,0,0
213,28185,0,0
213,28186,0,0
213,28187,0,0
213,28188,0,0
213,28189,0,0
213,28190,0,0
213,28191,0,0
213,28192,0,0
213,28193,0,0
213,28194,0,0
213,28195,0,0
213,28196,0,0
213,28197,0,0
213,28198,0,0
213,28199,0,0
213,28200,0,0
213,28201,0,0
213,28202,0,0
213,28203,0,0
213,28204,0,0
213,28205,0,0
213,28206,0,0
213,28207,0,0
213,28208,0,0
213,28209,0,0
213,28210,0,0
213,28211,0,0
213,28212,0,0
213,28213,0,0
213,28214,0,0
213,28215,0,0
213,28216,0,0
213,28217,0,0
213,28218,0,0
213,28219,0,0
213,28220,0,0
213,28221,0,0
213,28222,0,0
213,28223,0,0
213,28224,0,0
213,28225,0,0
213,28226,0,0
213,28227,0,0
213,28228,0,0
213,28229,0,0
213,28230,0,0
213,28231,0,0
213,28232,0,0
213,28233,0,0
213,28234,0,0
213,28235,0,0
213,28236,0,0
213,28237,0,0
213,28238,0,0
213,28239,0,0
213,28240,0,0
213,28241,0,0
213,28242,0,0
213,28243,0,0
213,28244,0,0
213,28245,0,0
213,28246,0,0
213,28247,0,0
213,28248,0,0
213,28249,0,0
213,28250,0,0
213,28251,0,0
213,28252,0,0
213,28253,0,0
213,28254,0,0
213,28255,0,0
213,28256,0,0
213,28257,0,0
213,28258,0,0
213,28259,0,0
213,28260,0,0
213,28261,0,0
213,28262,0,0
213,28263,0,0
213,28264,0,0
213,28265,0,0
213,28266,0,0
213,28267,0,0
213,28268,0,0
213,28269,0,0
213,28270,0,0
213,28271,0,0
213,28272,0,0
213,28273,0,0
213,28274,0,0
213,28275,0,0
213,28276,0,0
213,28277,0,0
213,28278,0,0
213,28279,0,0
213,28280,0,0
213,28281,0,0
213,28282,0,0
213,28283,0,0
213,28284,0,0
213,28285,0,0
213,28286,3,2
213,28287,0,0
213,28288,3,2
213,28289,0,0
213,28290,3,0
213,28291,0,0
213,28292,3,0
213,28293,0,0
213,28294,3,0
213,28295,0,0
213,28296,3,0
213,28297,0,0
213,28298,3,2
213,28299,0,0
213,28300,3,0
213,28301,0,0
213,28302,2,2
213,28303,0,0
213,28304,0,0
213,28305,0,0
213,28306,3,0
213,28307,0,0
213,28308,3,0
213,28309,0,0
213,28310,2,2
213,28311,0,0
213,28312,3,2
213,28313,0,0
213,28314,2,2
213,28315,0,0
213,28316,3,2
213,28317,0,0
213,28318,2,2
213,28319,0,0
213,28320,3,0
213,28321,0,0
213,28322,3,2
213,28323,0,0
213,28324,3,0
213,28325,0,0
213,28326,3,2
213,28327,0,0
213,28328,3,0
213,28329,0,0
213,28330,2,1
213,28331,0,0
213,28332,3,0
213,28333,0,0
213,28334,2,2
213,28335,0,0
213,28336,3,0
213,28337,0,0
213,28338,3,0
213,28339,0,0
213,28340,3,0
213,28341,0,0
213,28342,3,2
213,28343,0,0
213,28344,3,0
213,28345,0,0
213,28346,2,2
213,28347,0,0
213,28348,3,0
213,28349,0,0
213,28350,0,0
213,28351,0,0
213,28352,0,0
213,28353,0,0
213,28354,0,0
213,28355,0,0
213,28356,3,0
213,28357,0,0
213,28358,2,2
213,28359,0,0
213,28360,0,0
213,28361,0,0
213,28362,0,0
213,28363,0,0
213,28364,3,0
213,28365,0,0
213,28366,0,0
213,28367,0,0
213,28368,0,0
213,28369,0,0
213,28370,0,0
213,28371,0,0
213,28372,0,0
213,28373,0,0
213,28374,3,0
213,28375,0,0
213,28376,2,1
213,28377,0,0
213,28378,0,0
213,28379,0,0
213,28380,2,2
213,28381,0,0
213,28382,2,2
213,28383,0,0
213,28384,2,2
213,28385,0,0
213,28386,3,0
213,28387,0,0
213,28388,0,0
213,28389,0,0
213,28390,0,0
213,28391,0,0
213,28392,0,0
213,28393,0,0
213,28394,0,0
213,28395,0,0
213,28396,2,2
213,28397,0,0
213,28398,2,1
213,28399,0,0
213,28400,2,2
213,28401,0,0
213,28402,3,2
213,28403,0,0
213,28404,0,0
213,28405,0,0
213,28406,0,0
213,28407,0,0
213,28408,0,0
213,28409,0,0
213,28410,0,0
213,28411,0,0
213,28412,0,0
213,28413,0,0
213,28414,3,0
213,28415,0,0
213,28416,2,2
213,28417,3,2
213,28418,2,2
213,28419,0,0
213,28420,0,0
213,28421,3,0
213,28422,3,0
213,28423,0,0
213,28424,3,0
213,28425,0,0
213,28426,3,0
213,28427,0,0
213,28428,3,0
213,28429,0,0
213,28430,2,2
213,28431,0,0
213,28432,3,0
213,28433,0,0
213,28434,0,0
213,28435,0,0
213,28436,0,0
213,28437,0,0
213,28438,0,0
213,28439,0,0
213,28440,3,0
213,28441,0,0
213,28442,2,2
213,28443,0,0
213,28444,0,0
213,28445,0,0
213,28446,0,0
213,28447,0,0
213,28448,0,0
213,28449,0,0
213,28450,3,2
213,28451,0,0
213,28452,3,0
213,28453,0,0
213,28454,2,2
213,28455,0,0
213,28456,3,0
213,28457,0,0
213,28458,0,0
213,28459,0,0
213,28460,3,2
213,28461,0,0
213,28462,0,0
213,28463,0,0
213,28464,3,0
213,28465,3,2
213,28466,2,1
213,28467,0,0
213,28468,3,0
213,28469,0,0
213,28470,3,0
213,28471,0,0
213,28472,0,0
213,28473,0,0
213,28474,0,0
213,28475,0,0
213,28476,0,0
213,28477,0,0
213,28478,3,0
213,28479,0,0
213,28480,0,0
213,28481,0,0
213,28482,3,0
213,28483,0,0
213,28484,3,0
213,28485,0,0
213,28486,2,0
213,28487,1,0
213,28488,0,0
213,28489,0,0
213,28490,0,0
213,28491,0,0
213,28492,0,0
213,28493,0,0
213,28494,0,0
213,28495,0,0
213,28496,3,0
213,28497,0,0
213,28498,2,2
213,28499,0,0
213,28500,0,0
213,28501,0,0
213,28502,0,0
213,28503,0,0
213,28504,0,0
213,28505,0,0
213,28506,0,0
213,28507,0,0
213,28508,0,0
213,28509,0,0
213,28510,0,0
213,28511,0,0
213,28512,2,0
213,28513,0,0
213,28514,0,0
213,28515,0,0
213,28516,3,0
213,28517,0,0
213,28518,3,0
213,28519,0,0
213,28520,1,0
213,28521,0,0
213,28522,2,2
213,28523,0,0
213,28524,3,0
213,28525,0,0
213,28526,3,0
213,28527,0,0
213,28528,0,0
213,28529,0,0
213,28530,0,0
213,28531,0,0
213,28532,0,0
213,28533,0,0
213,28534,0,0
213,28535,0,0
213,28536,0,0
213,28537,0,0
213,28538,0,0
213,28539,0,0
213,28540,3,2
213,28541,0,0
213,28542,0,0
213,28543,0,0
213,28544,0,0
213,28545,0,0
213,28546,0,0
213,28547,0,0
213,28548,0,0
213,28549,0,0
213,28550,0,0
213,28551,0,0
213,28552,0,0
213,28553,0,0
213,28554,3,0
213,28555,0,0
213,28556,0,0
213,28557,0,0
213,28558,3,0
213,28559,0,0
213,28560,0,0
213,28561,0,0
213,28562,0,0
213,28563,0,0
213,28564,0,0
213,28565,0,0
213,28566,0,0
213,28567,0,0
213,28568,0,0
213,28569,0,0
213,28570,3,0
213,28571,0,0
213,28572,2,2
213,28573,0,0
213,28574,1,0
213,28575,2,2
213,28576,0,0
213,28577,0,0
213,28578,0,0
213,28579,0,0
213,28580,0,0
213,28581,0,0
213,28582,0,0
213,28583,0,0
213,28584,0,0
213,28585,0,0
213,28586,0,0
213,28587,0,0
213,28588,0,0
213,28589,0,0
213,28590,0,0
213,28591,0,0
213,28592,0,0
213,28593,0,0
213,28594,0,0
213,28595,0,0
213,28596,0,0
213,28597,0,0
213,28598,0,0
213,28599,0,0
213,28600,0,0
213,28601,0,0
213,28602,0,0
213,28603,0,0
213,28604,0,0
213,28605,0,0
213,28606,0,0
213,28607,0,0
213,28608,0,0
213,28609,0,0
213,28610,0,0
213,28611,0,0
213,28612,0,0
213,28613,0,0
213,28614,0,0
213,28615,0,0
213,28616,0,0
213,28617,0,0
213,28618,0,0
213,28619,0,0
213,28620,0,0
213,28621,0,0
213,28622,0,0
213,28623,0,0
213,28624,0,0
213,28625,0,0
213,28626,0,0
213,28627,0,0
213,28628,0,0
213,28629,0,0
213,28630,0,0
213,28631,0,0
213,28632,0,0
213,28633,0,0
213,28634,0,0
213,28635,0,0
213,28636,0,0
213,28637,0,0
213,28638,0,0
213,28639,0,0
213,28640,0,0
213,28641,0,0
213,28642,0,0
213,28643,0,0
213,28644,0,0
213,28645,0,0
213,28646,0,0
213,28647,0,0
213,28648,0,0
213,28649,0,0
213,28650,0,0
213,28651,0,0
213,28652,0,0
213,28653,0,0
213,28654,0,0
213,28655,0,0
213,28656,0,0
213,28657,0,0
213,28658,0,0
213,28659,0,0
213,28660,0,0
213,28661,0,0
213,28662,0,0
213,28663,0,0
213,28664,0,0
213,28665,0,0
213,28666,0,0
213,28667,0,0
213,28668,0,0
213,28669,0,0
213,28670,0,0
213,28671,0,0
213,28672,0,0
213,28673,0,0
213,28674,0,0
213,28675,0,0
213,28676,0,0
213,28677,0,0
213,28678,0,0
213,28679,0,0
213,28680,0,0
213,28681,0,0
213,28682,0,0
213,28683,0,0
213,28684,0,0
213,28685,0,0
213,28686,0,0
213,28687,0,0
213,28688,0,0
213,28689,0,0
213,28690,0,0
213,28691,0,0
213,28692,0,0
213,28693,0,0
213,28694,0,0
213,28695,0,0
213,28696,0,0
213,28697,0,0
213,28698,0,0
213,28699,0,0
213,28700,0,0
213,28701,0,0
213,28702,0,0
213,28703,0,0
213,28704,0,0
213,28705,0,0
213,28706,0,0
213,28707,1,0
213,28708,1,0
213,28709,0,0
213,28710,0,0
213,28711,0,0
213,28712,0,0
213,28713,0,0
213,28714,0,0
213,28715,0,0
213,28716,0,0
213,28717,0,0
213,28718,0,0
213,28719,0,0
213,28720,0,0
213,28721,0,0
213,28722,0,0
213,28723,0,0
213,28724,0,0
213,28725,0,0
213,28726,0,0
213,28727,0,0
213,28728,0,0
213,28729,0,0
213,28730,0,0
213,28731,0,0
213,28732,0,0
213,28733,0,0
213,28734,0,0
213,28735,0,0
213,28736,0,0
213,28737,0,0
213,28738,0,0
213,28739,0,0
213,28740,0,0
213,28741,0,0
213,28742,0,0
213,28743,0,0
213,28744,0,0
213,28745,0,0
213,28746,0,0
213,28747,0,0
213,28748,0,0
213,28749,0,0
213,28750,0,0
213,28751,3,2
213,28752,0,0
213,28753,0,0
213,28754,0,0
213,28755,0,0
213,28756,0,0
213,28757,0,0
213,28758,0,0
213,28759,0,0
213,28760,0,0
213,28761,0,0
213,28762,0,0
213,28763,0,0
213,28764,0,0
213,28765,0,0
213,28766,0,0
213,28767,0,0
213,28768,0,0
213,28769,0,0
213,28770,0,0
213,28771,0,0
213,28772,0,0
213,28773,0,0
213,28774,0,0
213,28775,0,0
213,28776,3,0
213,28777,0,0
213,28778,2,2
213,28779,0,0
213,28780,2,2
213,28781,0,0
213,28782,2,2
213,28783,0,0
213,28784,0,0
213,28785,0,0
213,28786,3,0
213,28787,0,0
213,28788,3,0
213,28789,0,0
213,28790,3,2
213,28791,0,0
213,28792,3,0
213,28793,0,0
213,28794,2,2
213,28795,0,0
213,28796,3,0
213,28797,0,0
213,28798,3,2
213,28799,0,0
213,28800,3,0
213,28801,0,0
213,28802,2,2
213,28803,0,0
213,28804,2,2
213,28805,0,0
213,28806,3,0
213,28807,0,0
213,28808,2,0
213,28809,0,0
213,28810,2,0
213,28811,0,0
213,28812,2,1
213,28813,2,0
213,28814,0,0
213,28815,0,0
213,28816,0,0
213,28817,0,0
213,28818,0,0
213,28819,0,0
213,28820,2,2
213,28821,0,0
213,28822,0,0
213,28823,0,0
213,28824,2,2
213,28825,0,0
213,28826,0,0
213,28827,0,0
213,28828,0,0
213,28829,0,0
213,28830,0,0
213,28831,0,0
213,28832,0,0
213,28833,2,2
213,28834,0,0
213,28835,0,0
213,28836,0,0
213,28837,2,2
213,28838,0,0
213,28839,0,0
213,28840,0,0
213,28841,0,0
213,28842,0,0
213,28843,0,0
213,28844,2,2
213,28845,0,0
213,28846,0,0
213,28847,0,0
213,28848,0,0
213,28849,0,0
213,28850,0,0
213,28851,2,1
213,28852,0,0
213,28853,0,0
213,28854,0,0
213,28855,0,0
213,28856,0,0
213,28857,0,0
213,28858,0,0
213,28859,0,0
213,28860,3,0
213,28861,0,0
213,28862,0,0
213,28863,0,0
213,28864,0,0
213,28865,0,0
213,28866,2,2
213,28867,0,0
213,28868,0,0
213,28869,0,0
213,28870,2,2
213,28871,0,0
213,28872,3,0
213,28873,0,0
213,28874,3,0
213,28875,0,0
213,28876,3,0
213,28877,0,0
213,28878,3,0
213,28879,0,0
213,28880,0,0
213,28881,0,0
213,28882,1,0
213,28883,0,0
213,28884,3,0
213,28885,0,0
213,28886,0,0
213,28887,0,0
213,28888,0,0
213,28889,0,0
213,28890,0,0
213,28891,0,0
213,28892,0,0
213,28893,0,0
213,28894,0,0
213,28895,0,0
213,28896,0,0
213,28897,0,0
213,28898,0,0
213,28899,0,0
213,28900,2,2
213,28901,0,0
213,28902,0,0
213,28903,0,0
213,28904,2,2
213,28905,0,0
213,28906,3,0
213,28907,0,0
213,28908,0,0
213,28909,0,0
213,28910,0,0
213,28911,0,0
213,28912,0,0
213,28913,0,0
213,28914,0,0
213,28915,0,0
213,28916,0,0
213,28917,0,0
213,28918,2,2
213,28919,0,0
213,28920,2,2
213,28921,0,0
213,28922,0,0
213,28923,0,0
213,28924,0,0
213,28925,0,0
213,28926,0,0
213,28927,0,0
213,28928,0,0
213,28929,0,0
213,28930,3,0
213,28931,0,0
213,28932,2,2
213,28933,0,0
213,28934,0,0
213,28935,0,0
213,28936,2,2
213,28937,0,0
213,28938,0,0
213,28939,0,0
213,28940,0,0
213,28941,0,0
213,28942,0,0
213,28943,0,0
213,28944,0,0
213,28945,0,0
213,28946,0,0
213,28947,0,0
213,28948,3,0
213,28949,0,0
213,28950,2,2
213,28951,0,0
213,28952,0,0
213,28953,0,0
213,28954,2,2
213,28955,0,0
213,28956,0,0
213,28957,0,0
213,28958,0,0
213,28959,0,0
213,28960,0,0
213,28961,0,0
213,28962,0,0
213,28963,0,0
213,28964,3,0
213,28965,0,0
213,28966,3,0
213,28967,0,0
213,28968,2,2
213,28969,0,0
213,28970,2,2
213,28971,0,0
213,28972,3,0
213,28973,0,0
213,28974,0,0
213,28975,0,0
213,28976,0,0
213,28977,0,0
213,28978,0,0
213,28979,0,0
213,28980,0,0
213,28981,0,0
213,28982,3,0
213,28983,0,0
213,28984,3,0
213,28985,0,0
213,28986,2,2
213,28987,0,0
213,28988,0,0
213,28989,0,0
213,28990,0,0
213,28991,0,0
213,28992,0,0
213,28993,0,0
213,28994,0,0
213,28995,0,0
213,28996,0,0
213,28997,0,0
213,28998,3,0
213,28999,0,0
213,29000,2,1
213,29001,0,0
213,29002,3,0
213,29003,0,0
213,29004,0,0
213,29005,0,0
213,29006,0,0
213,29007,0,0
213,29008,0,0
213,29009,0,0
213,29010,0,0
213,29011,0,0
213,29012,0,0
213,29013,0,0
213,29014,0,0
213,29015,0,0
213,29016,0,0
213,29017,0,0
213,29018,3,0
213,29019,0,0
213,29020,3,0
213,29021,0,0
213,29022,2,2
213,29023,0,0
213,29024,0,0
213,29025,0,0
213,29026,0,0
213,29027,0,0
213,29028,0,0
213,29029,0,0
213,29030,0,0
213,29031,0,0
213,29032,0,0
213,29033,0,0
213,29034,0,0
213,29035,0,0
213,29036,1,0
213,29037,0,0
213,29038,0,0
213,29039,0,0
213,29040,0,0
213,29041,0,0
213,29042,0,0
213,29043,0,0
213,29044,0,0
213,29045,0,0
213,29046,0,0
213,29047,0,0
213,29048,2,0
213,29049,0,0
213,29050,2,2
213,29051,0,0
213,29052,0,0
213,29053,0,0
213,29054,0,0
213,29055,0,0
213,29056,0,0
213,29057,0,0
213,29058,0,0
213,29059,0,0
213,29060,0,0
213,29061,0,0
213,29062,2,2
213,29063,0,0
213,29064,2,2
213,29065,0,0
213,29066,0,0
213,29067,0,0
213,29068,0,0
213,29069,0,0
213,29070,0,0
213,29071,0,0
213,29072,0,0
213,29073,0,0
213,29074,0,0
213,29075,0,0
213,29076,0,0
213,29077,0,0
213,29078,0,0
213,29079,0,0
213,29080,2,2
213,29081,0,0
213,29082,3,0
213,29083,0,0
213,29084,3,0
213,29085,0,0
213,29086,0,0
213,29087,0,0
213,29088,0,0
213,29089,0,0
213,29090,0,0
213,29091,0,0
213,29092,0,0
213,29093,0,0
213,29094,0,0
213,29095,0,0
213,29096,0,0
213,29097,0,0
213,29098,3,0
213,29099,0,0
213,29100,2,1
213,29101,0,0
213,29102,3,0
213,29103,0,0
213,29104,0,0
213,29105,0,0
213,29106,0,0
213,29107,0,0
213,29108,0,0
213,29109,0,0
213,29110,0,0
213,29111,0,0
213,29112,0,0
213,29113,0,0
213,29114,0,0
213,29115,0,0
213,29116,0,0
213,29117,0,0
213,29118,0,0
213,29119,0,0
213,29120,3,0
213,29121,0,0
213,29122,0,0
213,29123,0,0
213,29124,0,0
213,29125,1,0
213,29126,0,0
213,29127,0,0
213,29128,0,0
213,29129,0,0
213,29130,0,0
213,29131,0,0
214,29132,0,2
214,29133,0,0
214,29134,0,3
214,29135,0,2
214,29136,0,3
214,29137,0,0
214,29138,2,2
214,29139,0,2
214,29140,0,2
214,29141,0,2
214,29142,2,2
214,29143,0,2
214,29144,0,3
214,29145,0,3
214,29146,0,3
214,29147,0,0
214,29148,0,3
214,29149,0,3
214,29150,0,2
214,29151,0,0
214,29152,0,3
214,29153,0,0
214,29154,0,3
214,29155,0,3
214,29156,0,3
214,29157,0,2
214,29158,0,0
214,29159,0,0
214,29160,0,2
214,29161,0,0
214,29162,0,2
214,29163,0,3
214,29164,0,3
214,29165,0,3
214,29166,0,3
214,29167,0,3
214,29168,0,2
214,29169,0,3
214,29170,0,3
214,29171,0,3
214,29172,0,3
214,29173,0,3
214,29174,0,0
214,29175,2,2
214,29176,0,0
214,29177,0,3
214,29178,0,2
214,29179,0,0
214,29180,0,3
214,29181,0,2
214,29182,0,3
214,29183,0,0
214,29184,0,0
214,29185,0,3
214,29186,0,2
214,29187,0,2
214,29188,0,2
214,29189,0,2
214,29190,0,0
214,29191,0,0
214,29192,0,0
214,29193,0,0
214,29194,0,3
214,29195,0,2
214,29196,0,2
214,29197,0,0
214,29198,0,0
214,29199,0,0
214,29200,0,2
214,29201,0,3
214,29202,0,3
214,29203,0,3
214,29204,0,0
214,29205,0,0
214,29206,0,3
214,29207,0,3
214,29208,0,3
214,29209,0,2
214,29210,0,2
214,29211,0,3
214,29212,0,3
214,29213,0,0
214,29214,0,0
214,29215,0,2
214,29216,0,3
214,29217,0,2
214,29218,0,2
214,29219,0,0
214,29220,0,0
214,29221,0,0
214,29222,0,0
214,29223,0,0
214,29224,0,0
214,29225,0,0
214,29226,0,3
214,29227,0,3
214,29228,0,3
214,29229,0,2
214,29230,2,2
214,29231,0,3
214,29232,0,0
214,29233,2,2
214,29234,0,2
214,29235,0,0
214,29236,2,2
214,29237,0,0
214,29238,0,0
214,29239,2,2
214,29240,0,2
214,29241,0,0
214,29242,2,2
214,29243,0,2
214,29244,0,2
214,29245,0,2
214,29246,0,0
214,29247,0,3
214,29248,0,0
214,29249,0,0
214,29250,2,2
214,29251,0,0
214,29252,0,1
214,29253,0,0
214,29254,0,0
214,29255,0,0
214,29256,0,0
214,29257,0,0
214,29258,0,0
214,29259,0,0
214,29260,0,0
214,29261,0,0
214,29262,0,0
214,29263,0,0
214,29264,0,0
214,29265,0,0
214,29266,0,0
214,29267,0,0
214,29268,0,0
214,29269,0,0
214,29270,0,0
214,29271,0,0
214,29272,0,0
214,29273,0,3
214,29274,0,0
214,29275,2,2
214,29276,0,0
214,29277,0,0
214,29278,0,3
214,29279,0,0
214,29280,0,0
214,29281,0,0
214,29282,2,2
214,29283,0,0
214,29284,0,0
214,29285,0,0
214,29286,0,3
214,29287,0,3
214,29288,0,3
214,29289,0,2
214,29290,2,2
214,29291,0,2
214,29292,0,0
214,29293,0,0
214,29294,2,2
214,29295,0,3
214,29296,0,3
214,29297,0,0
214,29298,2,2
214,29299,0,0
214,29300,0,3
214,29301,0,0
214,29302,0,0
214,29303,0,2
214,29304,0,3
214,29305,0,0
214,29306,0,0
214,29307,0,3
214,29308,0,0
214,29309,0,0
214,29310,0,0
214,29311,0,0
214,29312,0,0
214,29313,0,0
214,29314,2,2
214,29315,0,0
214,29316,0,0
214,29317,0,0
214,29318,0,3
214,29319,0,0
214,29320,2,2
214,29321,0,2
214,29322,0,0
214,29323,0,2
214,29324,0,3
214,29325,0,3
214,29326,0,3
214,29327,0,2
214,29328,0,2
214,29329,0,0
214,29330,2,2
214,29331,0,2
214,29332,0,0
214,29333,2,2
214,29334,0,2
214,29335,0,3
214,29336,0,0
214,29337,2,2
214,29338,2,2
214,29339,0,0
214,29340,0,0
214,29341,0,0
214,29342,0,0
214,29343,0,0
214,29344,0,0
214,29345,0,2
214,29346,0,0
214,29347,2,2
214,29348,0,0
214,29349,0,0
214,29350,0,2
214,29351,2,2
214,29352,0,2
214,29353,0,0
214,29354,2,2
214,29355,0,0
214,29356,0,0
214,29357,0,0
214,29358,0,2
214,29359,0,2
214,29360,0,0
214,29361,0,0
214,29362,0,0
214,29363,0,0
214,29364,0,3
214,29365,0,3
214,29366,0,0
214,29367,0,3
214,29368,0,0
214,29369,0,0
214,29370,2,2
214,29371,0,0
214,29372,0,3
214,29373,0,3
214,29374,0,0
214,29375,0,0
214,29376,2,2
214,29377,0,2
214,29378,0,3
214,29379,0,2
214,29380,0,2
214,29381,0,2
214,29382,0,0
214,29383,0,2
214,29384,2,2
214,29385,0,0
214,29386,0,2
214,29387,0,0
214,29388,0,0
214,29389,0,0
214,29390,2,0
214,29391,0,2
214,29392,0,0
214,29393,0,3
214,29394,0,3
214,29395,0,0
214,29396,0,2
214,29397,0,0
214,29398,0,0
214,29399,0,3
214,29400,0,2
214,29401,0,2
214,29402,0,0
214,29403,2,2
214,29404,0,0
214,29405,0,0
214,29406,0,3
214,29407,0,3
214,29408,0,0
214,29409,0,3
214,29410,2,2
214,29411,0,2
214,29412,0,0
214,29413,0,0
214,29414,2,2
214,29415,0,2
214,29416,0,0
214,29417,0,2
214,29418,0,0
214,29419,2,2
214,29420,0,0
214,29421,0,2
214,29422,0,2
214,29423,0,0
214,29424,0,0
214,29425,2,2
214,29426,0,0
214,29427,0,0
214,29428,0,3
214,29429,0,0
214,29430,0,0
214,29431,0,2
214,29432,0,0
214,29433,0,0
214,29434,0,3
214,29435,0,3
214,29436,0,2
214,29437,0,0
214,29438,2,2
214,29439,2,2
214,29440,0,2
214,29441,0,0
214,29442,0,0
214,29443,0,0
214,29444,0,0
214,29445,0,3
214,29446,0,0
214,29447,0,0
214,29448,0,0
214,29449,0,0
214,29450,0,0
214,29451,0,3
214,29452,0,3
214,29453,0,3
214,29454,0,3
214,29455,0,0
214,29456,2,2
214,29457,0,0
214,29458,0,0
214,29459,2,2
214,29460,0,3
214,29461,0,0
214,29462,2,2
214,29463,0,0
214,29464,0,0
214,29465,2,2
214,29466,0,0
214,29467,0,0
214,29468,0,0
214,29469,0,3
214,29470,0,3
214,29471,0,0
214,29472,0,0
214,29473,0,0
214,29474,0,0
214,29475,2,2
214,29476,0,3
214,29477,0,0
214,29478,0,3
214,29479,2,0
214,29480,0,0
214,29481,0,0
214,29482,0,0
214,29483,0,0
214,29484,2,2
214,29485,0,0
214,29486,0,0
214,29487,0,0
214,29488,0,0
214,29489,0,2
214,29490,0,0
214,29491,0,0
214,29492,0,3
214,29493,0,0
214,29494,0,0
214,29495,0,0
214,29496,0,0
214,29497,0,0
214,29498,0,0
214,29499,0,0
214,29500,0,0
214,29501,0,0
214,29502,0,0
214,29503,0,2
214,29504,0,3
214,29505,0,0
214,29506,0,0
214,29507,0,3
214,29508,0,0
214,29509,2,0
214,29510,2,2
214,29511,0,0
214,29512,0,0
214,29513,2,2
214,29514,0,0
214,29515,0,0
214,29516,0,0
214,29517,0,3
214,29518,0,0
214,29519,0,3
214,29520,0,2
214,29521,0,0
214,29522,0,2
214,29523,0,3
214,29524,0,3
214,29525,0,2
214,29526,0,3
214,29527,0,2
214,29528,0,0
214,29529,0,0
214,29530,2,2
214,29531,0,2
214,29532,0,0
214,29533,0,2
214,29534,0,3
214,29535,0,0
214,29536,2,2
214,29537,0,3
214,29538,0,2
214,29539,0,0
214,29540,2,2
214,29541,0,3
214,29542,0,3
214,29543,0,2
214,29544,0,2
214,29545,0,3
214,29546,0,0
214,29547,0,0
214,29548,0,0
214,29549,0,0
214,29550,2,3
214,29551,0,2
214,29552,0,3
214,29553,0,2
214,29554,0,0
214,29555,0,0
214,29556,0,2
214,29557,0,2
214,29558,0,2
214,29559,0,2
214,29560,0,2
214,29561,0,3
214,29562,0,0
214,29563,2,2
214,29564,2,2
214,29565,2,2
214,29566,0,2
214,29567,0,3
214,29568,0,3
214,29569,0,3
214,29570,0,3
214,29571,2,2
214,29572,0,0
214,29573,0,0
214,29574,2,0
214,29575,0,0
214,29576,0,0
214,29577,2,0
214,29578,0,0
214,29579,0,0
214,29580,0,0
214,29581,0,0
214,29582,0,2
214,29583,0,0
214,29584,2,2
214,29585,0,0
214,29586,0,0
214,29587,2,2
214,29588,0,2
214,29589,0,0
214,29590,0,0
214,29591,0,3
214,29592,0,3
214,29593,0,0
214,29594,0,2
214,29595,0,0
214,29596,0,0
214,29597,0,2
214,29598,0,2
214,29599,0,2
214,29600,0,0
214,29601,0,0
214,29602,2,2
214,29603,0,0
214,29604,0,0
214,29605,0,0
214,29606,0,1
214,29607,0,0
214,29608,0,0
214,29609,0,0
214,29610,0,3
214,29611,0,0
214,29612,0,0
214,29613,0,2
214,29614,0,0
214,29615,0,0
214,29616,0,0
214,29617,0,0
214,29618,0,0
214,29619,0,0
214,29620,0,3
214,29621,0,0
214,29622,0,0
214,29623,0,0
214,29624,2,2
214,29625,0,0
214,29626,0,0
214,29627,0,2
214,29628,2,2
214,29629,0,0
214,29630,0,2
214,29631,0,0
214,29632,0,0
214,29633,0,2
214,29634,0,0
214,29635,0,0
214,29636,0,0
214,29637,0,0
214,29638,2,2
214,29639,0,0
214,29640,0,0
214,29641,0,2
214,29642,0,0
214,29643,0,0
214,29644,0,0
214,29645,0,0
214,29646,0,2
214,29647,2,2
214,29648,0,2
214,29649,0,2
214,29650,0,0
214,29651,2,2
214,29652,0,0
214,29653,0,0
214,29654,0,0
214,29655,0,3
214,29656,0,2
214,29657,0,0
214,29658,0,2
214,29659,0,0
214,29660,0,0
214,29661,0,2
214,29662,0,0
214,29663,0,0
214,29664,0,0
214,29665,0,0
214,29666,2,2
214,29667,0,0
214,29668,0,0
214,29669,0,0
214,29670,0,0
214,29671,0,0
214,29672,0,0
214,29673,0,0
214,29674,0,0
214,29675,0,0
214,29676,2,3
214,29677,0,0
214,29678,0,0
214,29679,0,0
214,29680,0,0
214,29681,0,0
214,29682,0,0
214,29683,0,0
214,29684,0,0
214,29685,0,0
214,29686,0,0
214,29687,0,0
214,29688,0,0
214,29689,2,2
214,29690,0,0
214,29691,0,0
214,29692,0,0
214,29693,2,0
214,29694,0,0
214,29695,0,0
214,29696,0,0
214,29697,0,0
214,29698,0,0
214,29699,0,0
214,29700,2,2
214,29701,0,0
214,29702,0,0
214,29703,0,0
214,29704,0,0
214,29705,0,0
214,29706,0,0
214,29707,2,2
214,29708,0,0
214,29709,0,0
214,29710,0,0
214,29711,0,0
214,29712,0,0
214,29713,2,0
214,29714,0,2
214,29715,0,3
214,29716,0,0
214,29717,0,0
214,29718,0,0
214,29719,0,0
214,29720,2,2
214,29721,0,0
214,29722,0,0
214,29723,0,0
214,29724,0,0
214,29725,0,0
214,29726,0,0
214,29727,0,0
214,29728,0,0
214,29729,0,1
214,29730,2,3
214,29731,0,0
214,29732,0,0
214,29733,0,0
214,29734,0,0
214,29735,2,2
214,29736,0,0
214,29737,0,0
214,29738,0,0
214,29739,0,0
214,29740,0,0
214,29741,0,0
214,29742,0,0
214,29743,0,0
214,29744,0,0
214,29745,0,0
214,29746,0,0
214,29747,0,0
214,29748,0,0
214,29749,0,0
214,29750,0,0
214,29751,0,0
214,29752,0,2
214,29753,2,2
214,29754,0,0
214,29755,2,2
214,29756,0,0
214,29757,0,0
214,29758,0,0
214,29759,0,0
214,29760,0,2
214,29761,0,0
214,29762,0,0
214,29763,0,0
214,29764,2,2
214,29765,0,0
214,29766,0,0
214,29767,0,0
214,29768,0,0
214,29769,0,0
214,29770,0,0
214,29771,0,0
214,29772,0,0
214,29773,0,0
214,29774,2,3
214,29775,0,0
214,29776,0,0
214,29777,0,0
214,29778,0,0
214,29779,0,0
214,29780,0,0
214,29781,0,0
214,29782,0,0
214,29783,0,0
214,29784,0,0
214,29785,0,0
214,29786,0,0
214,29787,0,0
214,29788,0,0
214,29789,0,0
214,29790,0,0
214,29791,0,0
214,29792,0,0
214,29793,0,0
214,29794,0,0
214,29795,0,0
214,29796,0,0
214,29797,2,0
214,29798,0,0
214,29799,0,0
214,29800,0,0
214,29801,0,0
214,29802,0,3
214,29803,2,0
214,29804,0,0
214,29805,0,0
214,29806,0,0
214,29807,0,0
214,29808,0,1
214,29809,2,0
214,29810,0,0
214,29811,0,0
214,29812,0,0
214,29813,0,0
214,29814,0,1
214,29815,2,2
214,29816,0,0
214,29817,0,0
214,29818,2,0
214,29819,0,0
214,29820,0,0
214,29821,2,0
214,29822,0,0
214,29823,0,0
214,29824,2,0
214,29825,0,0
214,29826,0,0
214,29827,0,0
214,29828,0,0
214,29829,0,0
214,29830,2,0
214,29831,0,0
214,29832,0,0
214,29833,0,0
214,29834,0,0
214,29835,0,0
214,29836,2,0
214,29837,0,0
214,29838,0,0
214,29839,0,2
214,29840,0,0
214,29841,0,0
214,29842,2,0
214,29843,0,0
214,29844,0,0
214,29845,2,2
214,29846,0,0
214,29847,0,0
214,29848,0,0
214,29849,0,0
214,29850,0,0
214,29851,0,0
214,29852,0,0
214,29853,0,0
214,29854,0,0
214,29855,0,0
214,29856,0,0
214,29857,0,0
214,29858,0,3
214,29859,0,3
214,29860,0,3
214,29861,0,0
214,29862,0,0
214,29863,0,0
214,29864,0,0
214,29865,0,0
214,29866,0,0
214,29867,0,0
214,29868,0,3
214,29869,0,0
214,29870,0,0
214,29871,0,0
214,29872,0,0
214,29873,0,0
214,29874,0,0
214,29875,0,0
214,29876,0,0
214,29877,0,0
214,29878,0,0
214,29879,2,0
214,29880,0,0
214,29881,0,0
214,29882,0,2
214,29883,0,0
214,29884,0,0
214,29885,0,2
214,29886,0,0
214,29887,0,0
214,29888,0,0
214,29889,0,0
214,29890,0,0
214,29891,0,0
214,29892,0,0
214,29893,0,0
214,29894,0,0
214,29895,0,2
214,29896,0,0
214,29897,0,0
214,29898,0,0
214,29899,0,0
214,29900,0,0
214,29901,2,2
214,29902,0,2
214,29903,0,3
214,29904,0,0
214,29905,0,2
214,29906,0,0
214,29907,0,0
214,29908,0,0
214,29909,0,0
214,29910,0,2
214,29911,0,2
214,29912,0,0
214,29913,0,0
214,29914,0,0
214,29915,0,0
214,29916,0,0
214,29917,0,2
214,29918,2,2
214,29919,0,0
214,29920,0,0
214,29921,0,0
214,29922,0,2
214,29923,0,0
214,29924,2,2
214,29925,0,2
214,29926,0,2
214,29927,0,0
214,29928,2,2
214,29929,0,0
214,29930,0,0
214,29931,0,2
214,29932,0,0
214,29933,0,2
214,29934,0,2
214,29935,0,0
214,29936,0,0
214,29937,0,0
214,29938,0,3
214,29939,0,2
214,29940,0,0
214,29941,0,0
214,29942,0,0
214,29943,0,0
214,29944,2,2
214,29945,0,0
214,29946,0,2
214,29947,0,0
214,29948,2,0
214,29949,0,0
214,29950,0,0
214,29951,2,0
214,29952,0,0
214,29953,0,0
214,29954,2,0
214,29955,0,0
214,29956,0,3
214,29957,2,0
214,29958,0,0
214,29959,0,0
214,29960,2,0
214,29961,0,0
214,29962,0,0
214,29963,0,0
214,29964,0,0
214,29965,0,0
214,29966,0,0
214,29967,0,0
214,29968,0,0
214,29969,0,0
214,29970,2,3
214,29971,0,0
214,29972,0,0
214,29973,0,0
214,29974,0,0
214,29975,0,0
214,29976,0,0
214,29977,0,0
214,29978,0,0
214,29979,0,0
214,29980,0,0
214,29981,2,2
214,29982,0,0
214,29983,0,0
214,29984,0,0
214,29985,0,0
214,29986,0,0
214,29987,0,0
214,29988,0,0
214,29989,0,0
214,29990,2,2
214,29991,0,0
214,29992,0,2
214,29993,0,0
214,29994,0,0
214,29995,0,2
214,29996,0,3
214,29997,0,2
214,29998,2,2
214,29999,0,2
214,30000,0,0
214,30001,0,0
214,30002,0,0
214,30003,0,3
214,30004,2,0
214,30005,0,2
214,30006,0,0
214,30007,0,2
214,30008,0,0
214,30009,0,0
214,30010,0,0
214,30011,0,0
214,30012,0,2
214,30013,0,0
214,30014,0,0
214,30015,0,0
214,30016,0,0
214,30017,0,0
214,30018,2,2
214,30019,0,0
214,30020,0,2
214,30021,0,2
214,30022,2,2
214,30023,0,0
214,30024,0,0
214,30025,0,0
214,30026,0,0
214,30027,0,0
214,30028,2,2
214,30029,0,2
214,30030,0,0
214,30031,0,0
214,30032,0,0
214,30033,0,0
214,30034,0,0
214,30035,0,3
214,30036,0,2
214,30037,0,0
214,30038,2,2
214,30039,0,0
214,30040,0,0
214,30041,0,2
214,30042,0,0
214,30043,0,0
214,30044,0,2
214,30045,0,0
214,30046,0,0
214,30047,0,0
214,30048,0,0
214,30049,0,3
214,30050,0,2
214,30051,0,2
214,30052,0,2
214,30053,0,0
214,30054,0,0
214,30055,0,0
214,30056,2,2
214,30057,0,2
214,30058,0,0
214,30059,0,2
214,30060,0,2
214,30061,0,2
214,30062,0,0
214,30063,0,0
214,30064,0,2
214,30065,0,2
214,30066,0,2
214,30067,0,0
214,30068,0,0
214,30069,0,0
214,30070,0,0
214,30071,0,3
214,30072,0,0
214,30073,0,0
214,30074,0,2
214,30075,0,0
214,30076,0,0
214,30077,0,2
214,30078,0,2
214,30079,0,3
214,30080,0,2
214,30081,0,2
214,30082,0,2
214,30083,0,2
214,30084,0,3
214,30085,0,3
214,30086,2,2
214,30087,0,2
214,30088,0,2
214,30089,0,0
214,30090,0,0
214,30091,2,2
214,30092,0,0
214,30093,0,2
214,30094,0,0
214,30095,0,3
214,30096,0,0
214,30097,0,0
214,30098,0,2
214,30099,0,0
214,30100,0,0
214,30101,0,2
214,30102,0,2
214,30103,2,2
214,30104,0,0
214,30105,0,0
214,30106,0,0
214,30107,0,2
214,30108,0,0
214,30109,0,3
214,30110,0,2
214,30111,0,0
214,30112,0,0
214,30113,2,2
214,30114,0,0
214,30115,0,2
214,30116,2,0
214,30117,0,0
214,30118,0,0
214,30119,0,0
214,30120,0,0
214,30121,0,0
214,30122,0,0
214,30123,2,2
214,30124,0,2
214,30125,0,2
214,30126,0,0
214,30127,0,0
214,30128,0,2
214,30129,2,2
214,30130,0,2
214,30131,0,2
214,30132,0,2
214,30133,0,0
214,30134,0,0
214,30135,0,2
214,30136,0,2
214,30137,2,2
214,30138,0,0
214,30139,0,2
214,30140,0,0
214,30141,0,0
214,30142,0,0
214,30143,0,0
214,30144,0,0
214,30145,2,2
214,30146,0,0
214,30147,0,3
214,30148,0,0
214,30149,0,0
214,30150,0,0
214,30151,2,2
214,30152,0,2
214,30153,0,0
214,30154,0,2
214,30155,0,0
214,30156,0,0
214,30157,0,0
214,30158,0,2
214,30159,0,3
214,30160,0,0
214,30161,0,2
214,30162,0,2
214,30163,0,0
214,30164,0,0
214,30165,2,2
214,30166,0,0
214,30167,0,2
214,30168,0,2
214,30169,0,0
214,30170,0,0
214,30171,2,2
214,30172,0,2
214,30173,0,2
214,30174,0,2
214,30175,0,2
214,30176,2,2
214,30177,0,2
214,30178,0,2
214,30179,0,2
214,30180,0,2
214,30181,0,0
214,30182,0,0
214,30183,0,2
214,30184,2,2
214,30185,2,0
214,30186,2,2
214,30187,0,0
214,30188,0,0
214,30189,0,2
214,30190,0,2
214,30191,0,3
214,30192,2,0
214,30193,0,0
214,30194,0,0
214,30195,0,3
214,30196,0,0
214,30197,0,0
214,30198,0,2
214,30199,0,2
214,30200,0,3
214,30201,0,0
214,30202,0,0
214,30203,2,2
214,30204,2,2
214,30205,0,0
214,30206,0,2
214,30207,0,2
214,30208,0,2
214,30209,0,0
214,30210,0,2
214,30211,2,2
214,30212,0,0
214,30213,0,3
214,30214,0,2
214,30215,0,2
214,30216,2,2
214,30217,0,0
214,30218,0,0
214,30219,0,3
214,30220,0,3
214,30221,0,3
214,30222,0,2
214,30223,0,2
214,30224,0,2
214,30225,0,3
214,30226,0,0
214,30227,2,2
214,30228,0,2
214,30229,0,3
214,30230,0,2
214,30231,0,0
214,30232,0,3
214,30233,0,0
214,30234,0,1
214,30235,2,0
214,30236,0,0
214,30237,0,0
214,30238,2,0
214,30239,0,0
214,30240,0,3
214,30241,0,2
214,30242,0,0
214,30243,0,3
214,30244,0,2
214,30245,0,0
214,30246,0,0
214,30247,0,0
214,30248,2,2
214,30249,0,2
214,30250,0,2
214,30251,0,2
214,30252,0,2
214,30253,0,2
214,30254,0,0
214,30255,0,0
214,30256,0,2
214,30257,0,2
214,30258,0,2
214,30259,0,2
214,30260,0,2
214,30261,0,2
214,30262,2,2
214,30263,0,0
214,30264,0,3
214,30265,0,2
214,30266,2,2
214,30267,0,2
214,30268,0,0
214,30269,0,2
214,30270,0,2
214,30271,0,2
214,30272,0,2
214,30273,0,0
214,30274,2,2
214,30275,0,0
214,30276,0,0
214,30277,0,0
214,30278,2,2
214,30279,0,2
214,30280,0,0
214,30281,0,3
214,30282,0,0
214,30283,0,0
214,30284,0,0
214,30285,0,2
214,30286,0,0
214,30287,0,0
214,30288,0,2
214,30289,0,0
214,30290,0,0
214,30291,0,0
214,30292,0,0
214,30293,0,0
214,30294,0,0
214,30295,2,2
214,30296,0,2
214,30297,0,3
214,30298,0,0
214,30299,0,0
214,30300,0,3
214,30301,2,2
214,30302,0,2
214,30303,0,0
214,30304,0,3
214,30305,0,2
214,30306,0,0
214,30307,0,0
214,30308,0,3
214,30309,0,2
214,30310,0,0
214,30311,2,3
214,30312,0,2
214,30313,0,2
214,30314,0,2
214,30315,0,3
214,30316,2,2
214,30317,0,2
214,30318,0,2
214,30319,0,0
214,30320,0,2
214,30321,0,2
214,30322,0,2
214,30323,0,2
214,30324,0,2
214,30325,0,0
214,30326,0,2
214,30327,0,0
214,30328,0,3
214,30329,2,0
214,30330,0,3
214,30331,0,3
214,30332,0,3
214,30333,0,0
214,30334,0,0
214,30335,0,2
214,30336,0,0
214,30337,0,2
214,30338,0,3
214,30339,0,2
214,30340,0,3
214,30341,0,3
214,30342,0,0
214,30343,2,2
214,30344,0,3
214,30345,0,3
214,30346,0,2
214,30347,0,2
214,30348,0,0
214,30349,0,2
214,30350,0,0
214,30351,0,2
214,30352,0,2
214,30353,2,2
214,30354,0,2
214,30355,0,0
214,30356,0,2
214,30357,0,0
214,30358,0,2
214,30359,0,2
214,30360,0,2
214,30361,0,2
214,30362,0,0
214,30363,2,2
214,30364,0,2
214,30365,0,2
214,30366,0,0
214,30367,2,2
214,30368,2,2
214,30369,0,0
214,30370,0,0
214,30371,0,2
214,30372,0,0
214,30373,0,2
214,30374,0,2
214,30375,0,2
214,30376,0,2
214,30377,0,2
214,30378,0,0
214,30379,0,2
214,30380,0,0
214,30381,0,0
214,30382,0,2
214,30383,0,2
214,30384,0,3
214,30385,0,2
214,30386,0,0
214,30387,0,3
214,30388,0,2
214,30389,0,3
214,30390,2,2
214,30391,0,0
214,30392,0,2
214,30393,0,2
214,30394,0,0
214,30395,0,2
214,30396,0,2
214,30397,0,2
214,30398,0,2
214,30399,0,3
214,30400,0,3
214,30401,0,3
214,30402,0,2
214,30403,0,2
214,30404,2,2
214,30405,0,2
214,30406,0,2
214,30407,2,2
214,30408,0,0
214,30409,0,2
214,30410,0,3
214,30411,0,2
214,30412,0,2
214,30413,2,2
214,30414,0,2
214,30415,0,0
214,30416,0,3
214,30417,0,0
214,30418,0,0
214,30419,2,0
214,30420,0,0
214,30421,0,0
214,30422,0,2
214,30423,0,0
214,30424,0,2
214,30425,0,2
214,30426,0,0
214,30427,0,2
214,30428,0,2
214,30429,0,0
214,30430,0,0
214,30431,0,2
214,30432,0,0
214,30433,2,2
214,30434,0,2
214,30435,0,2
214,30436,0,2
214,30437,0,3
214,30438,0,3
214,30439,2,2
214,30440,0,2
214,30441,0,2
214,30442,0,2
214,30443,0,3
214,30444,0,2
214,30445,0,2
214,30446,0,2
214,30447,0,3
214,30448,0,2
214,30449,0,2
214,30450,2,2
214,30451,0,2
214,30452,0,2
214,30453,0,2
214,30454,0,2
214,30455,0,0
214,30456,2,2
214,30457,0,0
214,30458,0,2
214,30459,0,2
214,30460,0,2
214,30461,0,2
214,30462,0,2
214,30463,0,2
214,30464,0,0
214,30465,0,0
214,30466,0,0
214,30467,0,0
214,30468,0,0
214,30469,0,0
214,30470,0,0
214,30471,0,0
214,30472,0,0
214,30473,0,0
214,30474,0,0
214,30475,0,0
214,30476,0,0
214,30477,0,0
214,30478,0,0
214,30479,0,0
214,30480,0,0
214,30481,0,0
214,30482,0,0
214,30483,0,0
214,30484,0,0
214,30485,0,0
214,30486,0,0
214,30487,0,0
214,30488,0,0
214,30489,0,0
214,30490,0,0
214,30491,0,0
214,30492,0,0
214,30493,0,0
214,30494,0,3
214,30495,0,0
214,30496,0,0
214,30497,0,0
214,30498,0,0
214,30499,2,2
214,30500,0,2
214,30501,0,0
214,30502,0,2
214,30503,0,2
214,30504,0,0
214,30505,0,0
214,30506,2,2
214,30507,0,2
214,30508,0,2
214,30509,0,2
214,30510,0,3
214,30511,0,0
214,30512,2,2
214,30513,0,2
214,30514,0,2
214,30515,0,2
214,30516,0,2
214,30517,0,2
214,30518,2,2
214,30519,0,0
214,30520,0,2
214,30521,2,2
214,30522,0,0
214,30523,0,0
214,30524,2,0
214,30525,0,2
214,30526,0,0
214,30527,0,0
214,30528,0,3
214,30529,0,0
214,30530,2,2
214,30531,0,0
214,30532,0,0
214,30533,0,2
214,30534,0,0
214,30535,0,0
214,30536,0,2
214,30537,0,0
214,30538,0,0
214,30539,2,0
214,30540,0,0
214,30541,0,0
214,30542,0,0
214,30543,0,0
214,30544,0,0
214,30545,0,0
214,30546,2,0
214,30547,0,2
214,30548,0,2
214,30549,0,0
214,30550,0,0
214,30551,0,0
214,30552,0,0
214,30553,0,2
214,30554,0,2
214,30555,0,2
214,30556,0,0
214,30557,0,0
214,30558,0,2
214,30559,0,3
214,30560,0,3
214,30561,0,3
214,30562,0,2
214,30563,2,2
214,30564,2,2
214,30565,0,0
214,30566,0,3
214,30567,0,3
214,30568,0,0
214,30569,0,2
214,30570,0,2
214,30571,0,0
214,30572,0,0
214,30573,0,0
214,30574,0,3
214,30575,0,3
214,30576,0,0
214,30577,0,0
214,30578,0,0
214,30579,0,0
214,30580,2,2
214,30581,0,0
214,30582,0,3
214,30583,0,3
214,30584,0,2
214,30585,0,0
214,30586,2,0
214,30587,0,0
214,30588,0,0
214,30589,0,0
214,30590,0,0
214,30591,0,0
214,30592,0,1
214,30593,0,0
214,30594,0,0
214,30595,0,0
214,30596,0,0
214,30597,0,0
214,30598,0,3
214,30599,0,0
214,30600,0,0
214,30601,0,0
214,30602,0,0
214,30603,0,0
214,30604,0,0
214,30605,2,2
214,30606,0,0
214,30607,0,0
214,30608,0,0
214,30609,0,0
214,30610,0,0
214,30611,0,0
214,30612,0,0
214,30613,2,3
214,30614,0,0
214,30615,0,0
214,30616,0,0
214,30617,0,0
214,30618,0,0
214,30619,0,0
214,30620,2,2
214,30621,0,0
214,30622,0,0
214,30623,0,0
214,30624,0,0
214,30625,0,0
214,30626,0,0
214,30627,2,0
214,30628,0,0
214,30629,0,0
214,30630,0,2
214,30631,2,2
214,30632,0,0
214,30633,0,0
214,30634,0,0
214,30635,0,0
214,30636,0,0
214,30637,2,0
214,30638,0,0
214,30639,0,0
214,30640,0,0
214,30641,0,0
214,30642,0,0
214,30643,0,0
214,30644,2,0
214,30645,0,0
214,30646,0,0
214,30647,0,0
214,30648,0,0
214,30649,0,0
214,30650,0,0
214,30651,0,0
214,30652,0,0
214,30653,0,0
214,30654,2,2
214,30655,0,0
214,30656,0,0
214,30657,0,0
214,30658,0,0
214,30659,0,0
214,30660,0,0
214,30661,2,2
214,30662,0,2
214,30663,0,0
214,30664,0,0
214,30665,0,0
214,30666,0,0
214,30667,0,2
214,30668,0,0
214,30669,0,0
214,30670,0,0
214,30671,0,0
214,30672,0,3
214,30673,2,2
214,30674,0,0
214,30675,2,2
214,30676,0,0
214,30677,0,0
214,30678,0,0
214,30679,0,0
214,30680,0,0
214,30681,2,2
214,30682,0,0
214,30683,0,0
214,30684,0,0
214,30685,0,0
214,30686,0,0
214,30687,0,0
214,30688,0,3
214,30689,0,0
214,30690,0,0
214,30691,0,0
214,30692,0,0
214,30693,0,0
214,30694,2,3
214,30695,0,0
214,30696,0,0
214,30697,0,0
214,30698,0,0
214,30699,2,0
214,30700,0,0
214,30701,0,0
214,30702,2,0
214,30703,0,0
214,30704,0,1
214,30705,2,0
214,30706,0,0
214,30707,0,0
214,30708,0,0
214,30709,0,0
214,30710,0,0
214,30711,2,0
214,30712,0,0
214,30713,0,0
214,30714,0,0
214,30715,0,0
214,30716,0,0
214,30717,2,0
214,30718,2,2
214,30719,0,3
214,30720,0,2
214,30721,2,2
214,30722,0,0
214,30723,0,0
214,30724,2,2
214,30725,0,0
214,30726,0,0
214,30727,2,2
214,30728,0,0
214,30729,0,0
214,30730,0,0
214,30731,0,0
214,30732,0,0
214,30733,0,0
214,30734,0,0
214,30735,0,2
214,30736,0,0
214,30737,0,0
214,30738,0,2
214,30739,0,0
214,30740,0,0
214,30741,0,0
214,30742,0,0
214,30743,0,2
214,30744,0,2
214,30745,0,2
214,30746,0,0
214,30747,0,3
214,30748,0,0
214,30749,0,3
214,30750,0,3
214,30751,0,2
214,30752,0,0
214,30753,0,0
214,30754,0,3
214,30755,0,0
214,30756,2,2
214,30757,0,2
214,30758,0,2
214,30759,0,2
214,30760,0,2
214,30761,0,0
214,30762,2,2
214,30763,0,0
214,30764,0,3
214,30765,0,2
214,30766,0,2
214,30767,0,2
214,30768,0,0
214,30769,0,0
214,30770,0,2
214,30771,0,0
214,30772,0,2
214,30773,2,3
214,30774,0,0
214,30775,0,0
214,30776,2,2
214,30777,0,0
214,30778,0,0
214,30779,0,0
214,30780,0,0
214,30781,0,0
214,30782,0,2
214,30783,0,0
214,30784,0,0
214,30785,0,3
214,30786,0,0
214,30787,0,3
214,30788,0,3
214,30789,0,0
214,30790,0,0
214,30791,0,0
214,30792,0,0
214,30793,0,0
214,30794,0,2
214,30795,2,2
214,30796,0,2
214,30797,0,0
214,30798,0,2
214,30799,0,2
214,30800,0,2
214,30801,0,2
214,30802,0,2
214,30803,0,2
214,30804,0,2
214,30805,0,0
214,30806,0,2
214,30807,0,2
214,30808,0,3
214,30809,0,3
214,30810,0,0
214,30811,0,0
214,30812,0,2
214,30813,0,2
214,30814,0,2
214,30815,0,3
214,30816,0,0
214,30817,0,3
214,30818,0,0
214,30819,0,0
214,30820,0,3
214,30821,0,2
214,30822,0,0
214,30823,0,3
214,30824,0,0
214,30825,0,0
214,30826,0,3
214,30827,0,0
214,30828,2,2
214,30829,0,2
214,30830,0,2
214,30831,0,0
214,30832,0,0
214,30833,0,2
214,30834,0,2
214,30835,0,2
214,30836,0,3
214,30837,0,2
214,30838,0,2
214,30839,0,2
214,30840,0,2
214,30841,0,2
214,30842,0,2
214,30843,0,2
214,30844,0,0
214,30845,0,2
214,30846,0,2
214,30847,0,0
214,30848,0,2
214,30849,0,3
214,30850,0,2
214,30851,0,3
214,30852,0,2
214,30853,0,0
214,30854,2,2
214,30855,0,2
214,30856,0,3
214,30857,0,3
214,30858,0,2
214,30859,0,0
214,30860,0,0
214,30861,0,2
214,30862,0,0
214,30863,0,0
214,30864,0,3
214,30865,0,0
214,30866,0,0
214,30867,2,0
214,30868,0,0
214,30869,0,0
214,30870,2,2
214,30871,0,0
214,30872,0,0
214,30873,0,0
214,30874,0,0
214,30875,0,0
214,30876,0,0
214,30877,0,0
214,30878,0,0
214,30879,0,0
214,30880,0,0
214,30881,0,0
214,30882,2,2
214,30883,2,2
214,30884,0,0
214,30885,0,0
214,30886,0,0
214,30887,0,2
214,30888,0,0
214,30889,0,3
214,30890,0,2
214,30891,0,0
214,30892,0,0
214,30893,0,0
214,30894,0,0
214,30895,0,0
214,30896,0,0
214,30897,0,0
214,30898,0,3
214,30899,0,3
214,30900,0,0
214,30901,0,2
214,30902,0,3
214,30903,0,2
214,30904,0,2
214,30905,0,3
214,30906,0,0
214,30907,0,0
214,30908,2,2
214,30909,0,0
214,30910,0,0
214,30911,2,0
214,30912,0,0
214,30913,0,0
214,30914,0,0
214,30915,0,0
214,30916,0,0
214,30917,0,0
214,30918,0,0
214,30919,0,0
214,30920,0,0
214,30921,0,3
214,30922,0,2
214,30923,2,0
214,30924,0,0
214,30925,0,0
214,30926,0,0
214,30927,0,0
214,30928,0,3
214,30929,2,0
214,30930,0,0
214,30931,0,0
214,30932,0,0
214,30933,0,0
214,30934,0,2
214,30935,2,0
214,30936,0,0
214,30937,0,0
214,30938,2,0
214,30939,0,0
214,30940,0,3
214,30941,0,0
214,30942,0,0
214,30943,0,0
214,30944,2,0
214,30945,0,0
214,30946,0,0
214,30947,0,2
214,30948,0,3
214,30949,2,2
214,30950,0,2
214,30951,0,0
214,30952,0,0
214,30953,0,0
214,30954,0,2
214,30955,0,0
214,30956,0,2
214,30957,0,0
214,30958,0,0
214,30959,0,0
214,30960,0,2
214,30961,0,0
214,30962,0,2
214,30963,0,2
214,30964,0,0
214,30965,0,0
214,30966,0,0
214,30967,0,0
214,30968,0,3
214,30969,0,0
214,30970,0,0
214,30971,2,2
214,30972,0,0
214,30973,0,0
214,30974,0,0
214,30975,0,0
214,30976,0,2
214,30977,2,2
214,30978,0,0
214,30979,0,0
214,30980,0,2
214,30981,0,0
214,30982,0,0
214,30983,2,2
214,30984,0,2
214,30985,0,2
214,30986,0,2
214,30987,0,2
214,30988,0,0
214,30989,0,2
214,30990,0,2
214,30991,0,2
214,30992,0,2
214,30993,0,2
214,30994,0,0
214,30995,0,0
214,30996,0,0
214,30997,0,0
214,30998,0,0
214,30999,0,2
214,31000,0,2
214,31001,0,0
214,31002,0,0
214,31003,0,0
214,31004,2,2
214,31005,0,0
214,31006,0,3
214,31007,0,0
214,31008,0,0
214,31009,0,0
214,31010,2,2
214,31011,0,2
214,31012,0,0
214,31013,0,0
214,31014,0,3
214,31015,0,0
214,31016,0,0
214,31017,0,2
214,31018,0,0
214,31019,0,0
214,31020,0,0
214,31021,0,0
214,31022,0,0
214,31023,0,2
214,31024,0,2
214,31025,0,2
214,31026,0,0
214,31027,2,2
214,31028,0,2
214,31029,0,0
214,31030,0,2
214,31031,2,2
214,31032,0,0
214,31033,0,2
214,31034,0,0
214,31035,2,2
214,31036,0,0
214,31037,0,2
214,31038,2,2
214,31039,0,0
214,31040,0,0
214,31041,0,0
214,31042,0,2
214,31043,0,2
214,31044,0,0
214,31045,2,2
214,31046,0,2
214,31047,0,0
214,31048,0,2
214,31049,0,2
214,31050,0,0
214,31051,0,2
214,31052,0,2
214,31053,0,3
214,31054,0,3
214,31055,0,2
214,31056,0,2
214,31057,0,2
214,31058,0,2
214,31059,0,3
214,31060,0,0
214,31061,0,2
214,31062,0,3
214,31063,0,3
214,31064,0,3
214,31065,0,0
214,31066,2,2
214,31067,0,3
214,31068,0,0
214,31069,0,0
214,31070,0,3
214,31071,0,2
214,31072,0,3
214,31073,0,2
214,31074,0,3
214,31075,0,0
214,31076,0,0
214,31077,0,0
214,31078,0,3
214,31079,0,2
214,31080,0,1
214,31081,2,0
214,31082,0,0
214,31083,0,0
214,31084,0,0
214,31085,0,0
214,31086,0,0
214,31087,2,0
214,31088,0,0
214,31089,0,0
214,31090,0,0
214,31091,0,0
214,31092,0,2
214,31093,2,2
214,31094,0,0
214,31095,0,0
214,31096,0,3
214,31097,0,0
214,31098,0,2
214,31099,2,0
214,31100,0,0
214,31101,0,0
214,31102,2,2
214,31103,0,0
214,31104,0,3
214,31105,2,2
214,31106,0,2
214,31107,0,0
214,31108,0,3
214,31109,0,3
214,31110,0,0
214,31111,0,2
214,31112,0,0
214,31113,0,0
214,31114,2,0
214,31115,0,0
214,31116,0,0
214,31117,2,2
214,31118,0,0
214,31119,0,0
214,31120,0,0
214,31121,0,0
214,31122,0,0
214,31123,2,0
214,31124,0,0
214,31125,0,0
214,31126,0,2
214,31127,0,0
214,31128,0,0
214,31129,0,0
214,31130,0,2
214,31131,0,2
214,31132,0,2
214,31133,0,0
214,31134,0,0
214,31135,0,2
214,31136,0,2
214,31137,0,2
214,31138,2,2
214,31139,0,0
214,31140,0,2
214,31141,2,2
214,31142,0,2
214,31143,0,0
214,31144,0,2
214,31145,0,0
214,31146,0,0
214,31147,0,2
214,31148,0,2
214,31149,2,2
214,31150,0,3
214,31151,0,2
214,31152,0,0
214,31153,2,2
214,31154,0,0
214,31155,0,2
214,31156,0,2
214,31157,0,0
214,31158,0,0
214,31159,0,2
214,31160,0,0
214,31161,0,0
214,31162,2,2
214,31163,0,2
214,31164,0,2
214,31165,0,2
214,31166,0,2
214,31167,0,0
214,31168,0,0
214,31169,0,0
214,31170,2,2
214,31171,0,2
214,31172,0,2
214,31173,0,2
214,31174,0,0
214,31175,0,0
214,31176,0,3
214,31177,0,2
214,31178,0,2
214,31179,0,2
214,31180,2,2
214,31181,0,0
214,31182,0,0
214,31183,0,2
214,31184,0,2
214,31185,0,0
214,31186,0,3
214,31187,0,3
214,31188,0,0
214,31189,0,0
214,31190,0,0
214,31191,0,3
214,31192,0,2
214,31193,0,2
214,31194,0,0
214,31195,0,0
214,31196,0,2
214,31197,0,0
214,31198,0,3
214,31199,0,3
214,31200,0,3
214,31201,0,2
214,31202,0,3
214,31203,0,0
214,31204,0,0
214,31205,0,3
214,31206,0,2
214,31207,0,3
214,31208,0,2
214,31209,0,2
214,31210,0,0
214,31211,0,0
214,31212,0,3
214,31213,0,3
214,31214,0,2
214,31215,0,0
214,31216,0,3
214,31217,0,2
214,31218,0,0
214,31219,0,3
214,31220,0,0
214,31221,2,2
214,31222,3,2
214,31223,0,3
214,31224,0,0
214,31225,0,0
214,31226,0,0
214,31227,0,0
214,31228,0,3
214,31229,0,0
214,31230,0,0
214,31231,0,3
214,31232,0,0
214,31233,0,3
214,31234,0,3
214,31235,0,0
214,31236,0,0
214,31237,0,0
214,31238,0,0
214,31239,0,0
214,31240,0,0
214,31241,0,3
214,31242,0,0
214,31243,2,2
214,31244,0,0
214,31245,0,0
214,31246,0,0
214,31247,0,0
214,31248,0,0
214,31249,0,0
214,31250,0,0
214,31251,0,0
214,31252,0,0
214,31253,0,3
214,31254,0,0
214,31255,0,0
214,31256,0,0
214,31257,0,0
214,31258,0,3
214,31259,0,3
214,31260,0,0
214,31261,0,3
214,31262,2,3
214,31263,0,0
214,31264,0,0
214,31265,0,0
214,31266,0,3
214,31267,0,3
214,31268,0,3
214,31269,2,2
214,31270,0,0
214,31271,0,3
214,31272,0,3
214,31273,0,0
214,31274,2,2
214,31275,0,3
214,31276,0,0
214,31277,0,0
214,31278,0,0
214,31279,0,0
214,31280,2,0
214,31281,0,0
214,31282,0,0
214,31283,0,0
214,31284,0,0
214,31285,0,0
214,31286,2,0
214,31287,0,0
214,31288,0,0
214,31289,0,0
214,31290,0,0
214,31291,0,0
214,31292,2,0
214,31293,0,0
214,31294,0,0
214,31295,0,0
214,31296,0,0
214,31297,0,0
214,31298,0,0
214,31299,2,2
214,31300,0,0
214,31301,0,0
214,31302,0,0
214,31303,0,0
214,31304,2,1
214,31305,0,0
214,31306,0,0
214,31307,0,0
214,31308,2,2
214,31309,0,3
214,31310,0,0
214,31311,0,0
214,31312,0,3
214,31313,0,0
214,31314,0,0
214,31315,0,0
214,31316,0,0
214,31317,0,0
214,31318,0,0
214,31319,0,0
214,31320,0,0
214,31321,0,0
214,31322,0,0
214,31323,0,0
214,31324,0,0
214,31325,0,0
214,31326,0,3
214,31327,0,0
214,31328,0,0
214,31329,0,0
214,31330,0,3
214,31331,0,0
214,31332,0,3
214,31333,0,0
214,31334,0,0
214,31335,0,0
214,31336,0,0
214,31337,0,0
214,31338,0,0
214,31339,0,3
214,31340,0,0
214,31341,0,0
214,31342,0,3
214,31343,0,3
214,31344,0,0
214,31345,0,0
214,31346,0,0
214,31347,2,3
214,31348,0,3
214,31349,0,0
214,31350,0,0
214,31351,0,0
214,31352,0,0
214,31353,2,0
214,31354,0,3
214,31355,0,0
214,31356,0,0
214,31357,0,0
214,31358,0,0
214,31359,0,0
214,31360,2,2
214,31361,0,0
214,31362,0,0
214,31363,0,0
214,31364,0,0
214,31365,0,3
214,31366,2,0
214,31367,0,0
214,31368,0,0
214,31369,0,0
214,31370,0,0
214,31371,0,3
214,31372,0,1
214,31373,2,0
214,31374,0,0
214,31375,0,0
214,31376,0,0
214,31377,0,0
214,31378,0,0
214,31379,2,0
214,31380,0,0
214,31381,0,0
214,31382,2,0
214,31383,0,3
214,31384,0,3
214,31385,2,0
214,31386,0,0
214,31387,0,0
214,31388,0,2
214,31389,0,0
219,31390,0,0
219,31391,0,0
219,31392,0,0
219,31393,0,0
219,31394,0,0
219,31395,0,0
219,31396,0,0
219,31397,0,0
219,31398,0,0
219,31399,0,0
219,31400,0,0
219,31401,0,0
219,31402,0,0
219,31403,0,0
219,31404,0,0
219,31405,0,0
219,31406,0,0
219,31407,0,0
219,31408,0,0
219,31409,0,0
219,31410,0,0
219,31411,0,0
219,31412,0,0
219,31413,0,0
219,31414,0,0
219,31415,0,0
219,31416,0,0
219,31417,0,0
219,31418,0,0
219,31419,0,0
219,31420,0,0
219,31421,0,0
219,31422,0,0
219,31423,0,0
219,31424,0,0
219,31425,0,0
219,31426,0,0
219,31427,0,0
219,31428,0,0
219,31429,0,0
219,31430,0,0
219,31431,0,0
219,31432,0,0
219,31433,0,0
219,31434,0,0
219,31435,0,0
219,31436,2,2
219,31437,0,0
219,31438,0,0
219,31439,0,0
219,31440,0,0
219,31441,0,0
219,31442,0,0
219,31443,0,0
219,31444,0,0
219,31445,0,0
219,31446,0,0
219,31447,0,0
219,31448,0,0
219,31449,0,0
219,31450,0,0
219,31451,0,0
219,31452,0,0
219,31453,0,0
219,31454,0,0
219,31455,0,0
219,31456,0,0
219,31457,0,0
219,31458,0,0
219,31459,0,0
219,31460,0,0
219,31461,0,0
219,31462,0,0
219,31463,0,0
219,31464,0,0
219,31465,0,0
219,31466,0,0
219,31467,0,0
219,31468,0,0
219,31469,0,0
219,31470,0,0
219,31471,0,0
219,31472,0,0
219,31473,0,0
219,31474,2,2
219,31475,0,0
219,31476,0,0
219,31477,0,0
219,31478,0,0
219,31479,0,0
219,31480,0,0
219,31481,0,0
219,31482,0,0
219,31483,0,0
219,31484,0,0
219,31485,0,0
219,31486,2,2
219,31487,0,0
219,31488,0,0
219,31489,2,2
219,31490,0,0
219,31491,0,0
219,31492,0,0
219,31493,0,0
219,31494,0,0
219,31495,0,0
219,31496,0,0
219,31497,0,0
219,31498,0,0
219,31499,0,0
219,31500,0,0
219,31501,0,0
219,31502,0,0
219,31503,0,0
219,31504,0,0
219,31505,0,0
219,31506,2,2
219,31507,0,0
219,31508,0,0
219,31509,2,2
219,31510,0,0
219,31511,0,0
219,31512,2,2
219,31513,0,0
219,31514,0,0
219,31515,2,2
219,31516,0,0
219,31517,0,0
219,31518,2,2
219,31519,0,0
219,31520,0,0
219,31521,0,0
219,31522,0,0
219,31523,0,0
219,31524,0,0
219,31525,0,0
219,31526,0,0
219,31527,0,0
219,31528,0,0
219,31529,0,0
219,31530,0,0
219,31531,0,0
219,31532,0,0
219,31533,0,0
219,31534,0,0
219,31535,0,0
219,31536,0,0
219,31537,0,0
219,31538,0,2
219,31539,0,0
219,31540,0,0
219,31541,0,0
219,31542,0,0
219,31543,0,0
219,31544,0,0
219,31545,0,0
219,31546,0,0
219,31547,0,0
219,31548,0,0
219,31549,0,0
219,31550,0,0
219,31551,0,0
219,31552,0,0
219,31553,0,0
219,31554,0,0
219,31555,0,0
219,31556,0,0
219,31557,0,0
219,31558,0,0
219,31559,0,0
219,31560,0,0
219,31561,0,0
219,31562,0,0
219,31563,0,0
219,31564,0,0
219,31565,0,0
219,31566,0,0
219,31567,0,0
219,31568,0,0
219,31569,0,0
219,31570,0,0
219,31571,0,0
219,31572,0,0
219,31573,0,0
219,31574,0,0
219,31575,0,0
219,31576,0,0
219,31577,0,0
219,31578,0,0
219,31579,0,0
219,31580,0,0
219,31581,0,0
219,31582,0,0
219,31583,0,0
219,31584,0,0
219,31585,0,0
219,31586,0,0
219,31587,0,0
219,31588,0,0
219,31589,0,0
219,31590,0,0
219,31591,0,0
219,31592,0,0
219,31593,0,0
219,31594,0,0
219,31595,2,2
219,31596,0,0
219,31597,0,0
219,31598,0,0
219,31599,0,0
219,31600,0,0
219,31601,0,0
219,31602,0,0
219,31603,0,0
219,31604,0,0
219,31605,0,0
219,31606,0,0
219,31607,0,0
219,31608,0,0
219,31609,0,0
219,31610,0,0
219,31611,0,0
219,31612,3,0
219,31613,0,0
219,31614,0,0
219,31615,0,0
219,31616,0,0
219,31617,0,0
219,31618,0,0
219,31619,0,0
219,31620,0,0
219,31621,0,0
219,31622,0,0
219,31623,0,0
219,31624,0,0
219,31625,0,0
219,31626,0,0
219,31627,0,0
219,31628,0,0
219,31629,0,0
219,31630,0,0
219,31631,0,0
219,31632,0,0
219,31633,0,0
219,31634,0,0
219,31635,0,0
219,31636,0,0
219,31637,0,0
219,31638,0,0
219,31639,0,0
219,31640,0,0
219,31641,0,0
219,31642,0,0
219,31643,0,0
219,31644,0,0
219,31645,0,0
219,31646,0,0
219,31647,0,2
219,31648,0,0
219,31649,0,0
219,31650,0,0
219,31651,0,0
219,31652,0,0
219,31653,0,0
219,31654,0,0
219,31655,0,0
219,31656,0,0
219,31657,0,0
219,31658,0,0
219,31659,0,0
219,31660,0,0
219,31661,0,0
219,31662,0,0
219,31663,0,0
219,31664,0,0
219,31665,0,0
219,31666,0,0
219,31667,0,0
219,31668,2,2
219,31669,0,0
219,31670,0,0
219,31671,0,0
219,31672,0,0
219,31673,0,0
219,31674,0,0
219,31675,0,0
219,31676,0,0
219,31677,0,0
219,31678,0,0
219,31679,0,0
219,31680,0,0
219,31681,0,0
219,31682,0,0
219,31683,2,2
219,31684,0,0
219,31685,0,0
219,31686,0,0
219,31687,0,0
219,31688,0,0
219,31689,0,0
219,31690,0,0
219,31691,0,0
219,31692,0,0
219,31693,0,0
219,31694,0,0
219,31695,0,0
219,31696,0,0
219,31697,0,0
219,31698,0,0
219,31699,0,0
219,31700,0,0
219,31701,0,0
219,31702,0,0
219,31703,0,0
219,31704,0,0
219,31705,0,0
219,31706,0,0
219,31707,0,0
219,31708,0,0
219,31709,0,0
219,31710,0,0
219,31711,0,0
219,31712,0,0
219,31713,0,0
219,31714,0,0
219,31715,0,0
219,31716,0,0
219,31717,0,0
219,31718,0,0
219,31719,0,0
219,31720,0,0
219,31721,0,0
219,31722,0,0
219,31723,0,0
219,31724,0,0
219,31725,0,0
219,31726,0,0
219,31727,0,0
219,31728,0,0
219,31729,0,0
219,31730,0,0
219,31731,0,0
219,31732,0,0
219,31733,0,0
219,31734,0,0
219,31735,0,0
219,31736,0,0
219,31737,0,0
219,31738,0,0
219,31739,0,0
219,31740,0,0
219,31741,0,0
219,31742,2,2
219,31743,0,0
219,31744,0,0
219,31745,0,0
219,31746,0,0
219,31747,0,0
219,31748,0,0
219,31749,0,0
219,31750,0,0
219,31751,0,0
219,31752,0,0
219,31753,0,0
219,31754,0,0
219,31755,0,0
219,31756,0,0
219,31757,0,0
219,31758,0,0
219,31759,0,0
219,31760,0,0
219,31761,0,0
219,31762,0,0
219,31763,0,0
219,31764,0,0
219,31765,0,0
219,31766,0,0
219,31767,0,0
219,31768,0,0
219,31769,0,0
219,31770,0,0
219,31771,0,0
219,31772,0,0
219,31773,0,0
219,31774,0,0
219,31775,0,0
219,31776,1,0
219,31777,0,0
219,31778,0,0
219,31779,0,0
219,31780,0,0
219,31781,0,0
219,31782,0,0
219,31783,1,0
219,31784,0,0
219,31785,0,0
219,31786,0,0
219,31787,0,0
219,31788,0,0
219,31789,0,0
219,31790,0,0
219,31791,1,0
219,31792,0,0
219,31793,1,0
219,31794,0,0
219,31795,0,3
219,31796,0,0
219,31797,0,0
219,31798,0,0
219,31799,0,0
219,31800,0,0
219,31801,0,0
219,31802,0,0
219,31803,0,0
219,31804,0,0
219,31805,0,0
219,31806,0,0
219,31807,0,0
219,31808,0,0
219,31809,0,0
219,31810,0,0
219,31811,0,0
219,31812,0,0
219,31813,0,0
219,31814,0,0
219,31815,0,0
219,31816,0,0
219,31817,0,0
219,31818,2,2
219,31819,0,0
219,31820,0,0
219,31821,0,0
219,31822,0,0
219,31823,0,0
219,31824,0,0
219,31825,0,0
219,31826,0,0
219,31827,0,0
219,31828,0,0
219,31829,0,0
219,31830,0,0
219,31831,0,0
219,31832,0,0
219,31833,0,0
219,31834,0,0
219,31835,0,0
219,31836,2,2
219,31837,0,0
219,31838,0,0
219,31839,0,0
219,31840,0,0
219,31841,0,0
219,31842,0,0
219,31843,0,0
219,31844,0,0
219,31845,0,0
219,31846,0,0
219,31847,0,0
219,31848,0,0
219,31849,0,0
219,31850,0,0
219,31851,0,0
219,31852,0,0
219,31853,0,0
219,31854,0,0
219,31855,0,0
219,31856,0,0
219,31857,0,0
219,31858,0,0
219,31859,0,0
219,31860,2,2
219,31861,0,0
219,31862,0,0
219,31863,0,0
219,31864,0,0
219,31865,0,0
219,31866,0,0
219,31867,0,0
219,31868,0,0
219,31869,0,0
219,31870,0,0
219,31871,0,0
219,31872,2,2
219,31873,0,0
219,31874,0,0
219,31875,0,0
219,31876,0,0
219,31877,0,0
219,31878,0,0
219,31879,0,0
219,31880,0,0
219,31881,0,0
219,31882,0,0
219,31883,0,0
219,31884,0,0
219,31885,0,0
219,31886,0,0
219,31887,0,0
219,31888,0,0
219,31889,0,0
219,31890,0,0
219,31891,0,0
219,31892,0,0
219,31893,0,0
219,31894,0,0
219,31895,0,0
219,31896,2,2
219,31897,0,0
219,31898,0,0
219,31899,0,0
219,31900,0,0
219,31901,0,0
219,31902,0,0
219,31903,0,0
219,31904,0,0
219,31905,0,0
219,31906,0,0
219,31907,0,0
219,31908,0,0
219,31909,2,2
219,31910,0,0
219,31911,0,0
219,31912,0,0
219,31913,0,0
219,31914,0,0
219,31915,0,0
219,31916,0,0
219,31917,0,0
219,31918,0,0
219,31919,0,0
219,31920,0,0
219,31921,0,0
219,31922,0,0
219,31923,0,0
219,31924,0,0
219,31925,0,0
219,31926,0,0
219,31927,0,0
219,31928,0,0
219,31929,0,0
219,31930,0,0
219,31931,0,0
219,31932,0,0
219,31933,0,0
219,31934,0,0
219,31935,0,0
219,31936,2,2
219,31937,0,0
219,31938,0,0
219,31939,0,0
219,31940,0,0
219,31941,0,0
219,31942,0,0
219,31943,0,0
219,31944,0,0
219,31945,0,0
219,31946,0,0
219,31947,0,0
219,31948,0,0
219,31949,0,0
219,31950,0,0
219,31951,0,0
219,31952,0,0
219,31953,0,0
219,31954,0,0
219,31955,0,0
219,31956,0,0
219,31957,0,0
219,31958,0,0
219,31959,0,0
219,31960,0,0
219,31961,0,0
219,31962,0,0
219,31963,0,0
219,31964,0,0
219,31965,0,0
219,31966,0,0
219,31967,0,0
219,31968,0,0
219,31969,0,0
219,31970,0,0
219,31971,0,0
219,31972,0,0
219,31973,0,0
219,31974,0,0
219,31975,0,0
219,31976,0,0
219,31977,0,0
219,31978,0,0
219,31979,0,0
219,31980,0,0
219,31981,0,0
219,31982,0,0
219,31983,0,0
219,31984,0,0
219,31985,0,0
219,31986,0,0
219,31987,0,0
219,31988,0,0
219,31989,0,0
219,31990,0,0
219,31991,0,0
219,31992,0,0
219,31993,0,0
219,31994,0,0
219,31995,0,0
219,31996,0,0
219,31997,0,0
219,31998,0,0
219,31999,0,0
219,32000,0,0
219,32001,0,0
219,32002,0,0
219,32003,0,0
219,32004,0,0
219,32005,0,0
219,32006,0,0
219,32007,0,0
219,32008,0,0
219,32009,0,0
219,32010,0,0
219,32011,0,0
219,32012,2,2
219,32013,0,0
219,32014,0,0
219,32015,2,2
219,32016,0,0
219,32017,0,0
219,32018,0,0
219,32019,0,0
219,32020,0,0
219,32021,0,0
219,32022,0,0
219,32023,0,0
219,32024,0,0
219,32025,0,0
219,32026,0,0
219,32027,0,0
219,32028,0,0
219,32029,0,0
219,32030,0,0
219,32031,0,0
219,32032,0,0
219,32033,0,0
219,32034,0,0
219,32035,0,0
219,32036,0,0
219,32037,0,0
219,32038,0,0
219,32039,0,0
219,32040,0,0
219,32041,0,0
219,32042,0,0
219,32043,0,0
219,32044,0,0
219,32045,0,0
219,32046,0,0
219,32047,0,0
219,32048,0,0
219,32049,0,0
219,32050,0,0
219,32051,2,2
219,32052,0,0
219,32053,0,0
219,32054,0,0
219,32055,0,0
219,32056,0,0
219,32057,0,0
219,32058,0,0
219,32059,0,0
219,32060,0,0
219,32061,0,0
219,32062,0,0
219,32063,0,0
219,32064,0,0
219,32065,0,0
219,32066,0,0
219,32067,0,0
219,32068,2,2
219,32069,0,0
219,32070,0,0
219,32071,0,0
219,32072,0,0
219,32073,0,0
219,32074,2,2
219,32075,0,0
219,32076,0,0
219,32077,2,2
219,32078,0,0
219,32079,0,0
219,32080,0,0
219,32081,0,0
219,32082,0,0
219,32083,0,0
219,32084,0,0
219,32085,0,0
219,32086,0,0
219,32087,0,0
219,32088,0,0
219,32089,0,0
219,32090,0,0
219,32091,0,0
219,32092,0,0
219,32093,0,0
219,32094,0,0
219,32095,0,0
219,32096,0,0
219,32097,0,0
219,32098,0,0
219,32099,0,0
219,32100,0,0
219,32101,0,0
219,32102,0,0
219,32103,0,0
219,32104,0,0
219,32105,0,0
219,32106,0,0
219,32107,0,3
219,32108,0,0
219,32109,0,0
219,32110,0,0
219,32111,0,0
219,32112,0,0
219,32113,0,0
219,32114,0,0
219,32115,0,0
219,32116,0,0
219,32117,0,0
219,32118,0,0
219,32119,0,0
219,32120,0,0
219,32121,0,0
219,32122,0,0
219,32123,0,0
219,32124,0,0
219,32125,0,0
219,32126,0,0
219,32127,0,0
219,32128,0,0
219,32129,0,0
219,32130,0,0
219,32131,0,0
219,32132,0,0
219,32133,0,0
219,32134,0,0
219,32135,0,0
219,32136,0,0
219,32137,0,0
219,32138,0,0
219,32139,0,0
219,32140,0,0
219,32141,0,0
219,32142,0,0
219,32143,0,0
219,32144,0,0
219,32145,0,0
219,32146,0,0
219,32147,0,0
219,32148,0,0
219,32149,0,0
219,32150,0,0
219,32151,0,0
219,32152,0,0
219,32153,0,0
219,32154,0,0
219,32155,0,0
219,32156,0,0
219,32157,0,0
219,32158,0,0
219,32159,0,0
219,32160,2,2
219,32161,0,0
219,32162,0,0
219,32163,0,0
219,32164,0,0
219,32165,0,0
219,32166,2,2
219,32167,0,0
219,32168,0,0
219,32169,0,0
219,32170,0,0
219,32171,0,0
219,32172,0,0
219,32173,0,0
219,32174,0,0
219,32175,2,0
219,32176,0,0
219,32177,0,0
219,32178,2,2
219,32179,0,0
219,32180,0,0
219,32181,0,0
219,32182,0,0
219,32183,0,0
219,32184,0,0
219,32185,0,0
219,32186,0,0
219,32187,0,0
219,32188,0,0
219,32189,0,0
219,32190,0,0
219,32191,0,0
219,32192,0,0
219,32193,0,0
219,32194,0,0
219,32195,0,0
219,32196,0,0
219,32197,2,2
219,32198,0,0
219,32199,0,0
219,32200,0,0
219,32201,0,0
219,32202,0,0
219,32203,0,0
219,32204,0,0
219,32205,0,0
219,32206,0,0
219,32207,0,0
219,32208,0,0
219,32209,0,0
219,32210,0,0
219,32211,0,0
219,32212,0,0
219,32213,0,0
219,32214,0,0
219,32215,0,0
219,32216,0,0
219,32217,0,0
219,32218,0,0
219,32219,0,0
219,32220,0,0
219,32221,0,0
219,32222,0,0
219,32223,0,0
219,32224,0,0
219,32225,0,0
219,32226,0,0
219,32227,0,0
219,32228,0,0
219,32229,0,0
219,32230,0,0
219,32231,0,0
219,32232,0,0
219,32233,0,0
219,32234,0,0
219,32235,0,0
219,32236,0,0
219,32237,0,0
219,32238,0,0
219,32239,0,0
219,32240,0,0
219,32241,0,0
219,32242,0,0
219,32243,0,0
219,32244,0,0
219,32245,0,0
219,32246,0,0
219,32247,0,0
219,32248,0,0
219,32249,0,0
219,32250,0,0
219,32251,0,0
219,32252,0,0
219,32253,0,0
219,32254,0,0
219,32255,0,0
219,32256,0,0
219,32257,0,0
219,32258,0,0
219,32259,0,0
219,32260,0,0
219,32261,0,3
219,32262,0,0
219,32263,0,0
219,32264,0,0
219,32265,0,0
219,32266,0,0
219,32267,0,0
219,32268,0,0
219,32269,0,0
219,32270,0,0
219,32271,0,0
219,32272,0,0
219,32273,0,0
219,32274,0,0
219,32275,0,0
219,32276,0,0
219,32277,0,0
219,32278,0,0
219,32279,2,2
219,32280,0,0
219,32281,0,0
219,32282,0,0
219,32283,0,0
219,32284,0,0
219,32285,0,0
219,32286,0,0
219,32287,0,0
219,32288,0,0
219,32289,0,0
219,32290,0,0
219,32291,0,0
219,32292,0,0
219,32293,0,0
219,32294,0,0
219,32295,0,0
219,32296,0,0
219,32297,0,0
219,32298,0,0
219,32299,0,0
219,32300,0,0
219,32301,0,0
219,32302,0,0
219,32303,0,0
219,32304,0,0
219,32305,0,0
219,32306,0,0
219,32307,0,0
219,32308,0,0
219,32309,0,0
219,32310,0,0
219,32311,0,0
219,32312,0,0
219,32313,0,0
219,32314,0,0
219,32315,0,0
219,32316,0,0
219,32317,0,0
219,32318,0,0
219,32319,0,0
219,32320,0,0
219,32321,0,0
219,32322,0,0
219,32323,0,0
219,32324,0,0
219,32325,0,0
219,32326,0,0
219,32327,0,0
219,32328,0,0
219,32329,0,0
219,32330,0,0
219,32331,0,0
219,32332,0,0
219,32333,0,0
219,32334,0,0
219,32335,0,0
219,32336,0,0
219,32337,0,0
219,32338,0,0
219,32339,0,0
219,32340,0,0
219,32341,0,0
219,32342,0,0
219,32343,0,0
219,32344,0,0
219,32345,0,0
219,32346,0,0
219,32347,0,0
219,32348,0,0
219,32349,0,0
219,32350,0,0
219,32351,0,0
219,32352,0,0
219,32353,0,0
219,32354,0,0
219,32355,0,0
219,32356,0,0
219,32357,0,0
219,32358,0,0
219,32359,0,0
219,32360,0,0
219,32361,0,0
219,32362,0,0
219,32363,0,0
219,32364,0,0
219,32365,0,0
219,32366,0,0
219,32367,0,0
219,32368,0,0
219,32369,0,0
219,32370,0,0
219,32371,0,0
219,32372,0,0
219,32373,0,0
219,32374,0,0
219,32375,0,0
219,32376,0,0
219,32377,0,0
219,32378,0,0
219,32379,0,0
219,32380,0,0
219,32381,0,0
219,32382,0,0
219,32383,0,0
219,32384,0,0
219,32385,0,0
219,32386,0,0
219,32387,0,0
219,32388,0,0
219,32389,0,0
219,32390,0,0
219,32391,0,0
219,32392,0,0
219,32393,0,0
219,32394,0,0
219,32395,0,0
219,32396,0,0
219,32397,0,0
219,32398,0,0
219,32399,0,0
219,32400,0,0
219,32401,0,0
219,32402,0,0
219,32403,0,0
219,32404,0,0
219,32405,0,0
219,32406,0,0
219,32407,0,0
219,32408,0,0
219,32409,0,0
219,32410,0,0
219,32411,0,0
219,32412,0,0
219,32413,0,0
219,32414,0,0
219,32415,0,0
219,32416,0,0
219,32417,0,0
219,32418,0,0
219,32419,0,0
219,32420,0,0
219,32421,0,0
219,32422,0,0
219,32423,0,0
219,32424,0,0
219,32425,0,0
219,32426,0,0
219,32427,0,0
219,32428,0,0
219,32429,0,0
219,32430,0,0
219,32431,0,0
219,32432,0,1
219,32433,0,0
219,32434,0,0
219,32435,0,0
219,32436,0,0
219,32437,0,0
219,32438,0,0
219,32439,0,0
219,32440,0,0
219,32441,0,0
219,32442,0,0
219,32443,0,0
219,32444,0,0
219,32445,0,0
219,32446,0,0
219,32447,0,1
219,32448,1,0
219,32449,0,0
219,32450,0,0
219,32451,0,0
219,32452,0,0
219,32453,1,0
219,32454,0,0
219,32455,0,0
219,32456,0,0
219,32457,0,0
219,32458,0,0
219,32459,0,0
219,32460,0,0
219,32461,0,0
219,32462,0,0
219,32463,0,0
219,32464,0,0
219,32465,0,0
219,32466,0,0
219,32467,0,0
219,32468,0,0
219,32469,0,0
219,32470,0,0
219,32471,0,0
219,32472,0,0
219,32473,0,0
219,32474,0,0
219,32475,0,0
219,32476,0,0
219,32477,0,0
219,32478,0,0
219,32479,0,0
219,32480,0,0
219,32481,0,0
219,32482,0,0
219,32483,0,0
219,32484,0,0
219,32485,0,0
219,32486,0,0
219,32487,2,2
219,32488,0,0
219,32489,0,0
219,32490,0,0
219,32491,0,0
219,32492,0,0
219,32493,0,0
219,32494,0,0
219,32495,0,0
219,32496,0,0
219,32497,0,0
219,32498,0,0
219,32499,0,0
219,32500,0,0
219,32501,0,0
219,32502,0,0
219,32503,0,0
219,32504,0,0
219,32505,0,0
219,32506,0,0
219,32507,0,0
219,32508,0,0
219,32509,0,0
219,32510,0,0
219,32511,0,0
219,32512,0,0
219,32513,0,0
219,32514,0,0
219,32515,0,0
219,32516,0,0
219,32517,0,0
219,32518,0,0
219,32519,0,0
219,32520,0,0
219,32521,0,0
219,32522,0,0
219,32523,0,0
219,32524,0,0
219,32525,0,0
219,32526,0,0
219,32527,0,0
219,32528,0,0
219,32529,0,0
219,32530,0,0
219,32531,0,0
219,32532,0,0
219,32533,0,0
219,32534,0,0
219,32535,0,0
219,32536,2,2
219,32537,0,0
219,32538,0,0
219,32539,2,2
219,32540,0,0
219,32541,0,0
219,32542,0,0
219,32543,0,0
219,32544,0,0
219,32545,0,0
219,32546,0,0
219,32547,0,0
219,32548,0,0
219,32549,0,0
219,32550,0,3
219,32551,0,0
219,32552,0,0
219,32553,0,0
219,32554,0,0
219,32555,0,0
219,32556,0,0
219,32557,0,0
219,32558,0,0
219,32559,0,0
219,32560,0,0
219,32561,0,0
219,32562,0,0
219,32563,0,0
219,32564,0,0
219,32565,0,0
219,32566,0,0
219,32567,0,0
219,32568,0,0
219,32569,0,0
219,32570,0,0
219,32571,0,0
219,32572,0,0
219,32573,0,0
219,32574,0,0
219,32575,0,0
219,32576,0,0
219,32577,0,0
219,32578,0,0
219,32579,0,0
219,32580,1,0
219,32581,0,0
219,32582,0,0
219,32583,0,0
219,32584,0,0
219,32585,0,0
219,32586,0,0
219,32587,0,0
219,32588,0,0
219,32589,0,0
219,32590,0,0
219,32591,0,0
219,32592,0,0
219,32593,0,0
219,32594,0,0
219,32595,0,0
219,32596,0,0
219,32597,0,0
219,32598,0,0
219,32599,0,0
219,32600,0,0
219,32601,0,0
219,32602,0,0
219,32603,0,0
219,32604,0,1
219,32605,0,0
219,32606,0,0
219,32607,0,0
219,32608,0,0
219,32609,0,0
219,32610,0,0
219,32611,0,0
219,32612,0,0
219,32613,0,0
219,32614,0,0
219,32615,0,0
219,32616,0,0
219,32617,0,0
219,32618,0,0
219,32619,0,0
219,32620,0,0
219,32621,0,0
219,32622,0,0
219,32623,0,0
219,32624,0,0
219,32625,2,0
219,32626,0,0
219,32627,0,0
219,32628,0,0
219,32629,0,0
219,32630,0,0
219,32631,0,0
219,32632,0,0
219,32633,0,0
219,32634,0,0
219,32635,0,0
219,32636,0,0
219,32637,2,0
219,32638,0,0
219,32639,0,0
219,32640,0,0
219,32641,0,0
219,32642,0,0
219,32643,0,0
219,32644,0,0
219,32645,0,0
219,32646,0,0
219,32647,0,0
219,32648,0,0
219,32649,0,0
219,32650,0,0
219,32651,0,0
219,32652,0,0
219,32653,0,0
219,32654,0,0
219,32655,0,0
219,32656,0,0
219,32657,0,0
219,32658,0,0
219,32659,0,0
219,32660,0,0
219,32661,0,0
219,32662,0,0
219,32663,0,0
219,32664,0,0
219,32665,0,0
219,32666,0,0
219,32667,0,0
219,32668,0,0
219,32669,0,0
219,32670,0,0
219,32671,0,0
219,32672,0,0
219,32673,0,0
219,32674,0,0
219,32675,0,0
219,32676,0,0
219,32677,0,0
219,32678,0,0
219,32679,0,0
219,32680,0,0
219,32681,0,0
219,32682,0,3
219,32683,0,0
219,32684,0,0
219,32685,0,0
219,32686,0,0
219,32687,0,0
219,32688,0,0
219,32689,0,0
219,32690,0,0
219,32691,0,0
219,32692,0,0
219,32693,0,0
219,32694,0,0
219,32695,0,0
219,32696,2,2
219,32697,0,0
219,32698,0,0
219,32699,0,0
219,32700,0,0
219,32701,0,0
219,32702,0,0
219,32703,0,0
219,32704,0,0
219,32705,0,0
219,32706,0,0
219,32707,0,0
219,32708,0,0
219,32709,0,0
219,32710,0,0
219,32711,0,0
219,32712,0,0
219,32713,0,0
219,32714,0,0
219,32715,0,0
219,32716,0,0
219,32717,0,0
219,32718,0,0
219,32719,0,0
219,32720,0,0
219,32721,0,0
219,32722,0,0
219,32723,0,0
219,32724,0,0
219,32725,0,0
219,32726,0,0
219,32727,0,0
219,32728,0,0
219,32729,0,0
219,32730,0,0
219,32731,0,0
219,32732,0,0
219,32733,0,0
219,32734,0,0
219,32735,0,0
219,32736,0,0
219,32737,0,0
219,32738,2,2
219,32739,0,0
219,32740,0,0
219,32741,0,0
219,32742,0,0
219,32743,0,0
219,32744,0,0
219,32745,0,0
219,32746,0,0
219,32747,0,0
219,32748,0,0
219,32749,0,0
219,32750,0,0
219,32751,0,0
219,32752,0,1
219,32753,0,0
219,32754,0,0
219,32755,0,0
219,32756,0,0
219,32757,0,0
219,32758,0,0
219,32759,0,0
219,32760,0,0
219,32761,0,0
219,32762,0,0
219,32763,0,0
219,32764,0,0
219,32765,0,0
219,32766,0,0
219,32767,0,0
219,32768,0,0
219,32769,0,0
219,32770,0,0
219,32771,0,0
219,32772,0,0
219,32773,0,0
219,32774,0,0
219,32775,0,0
219,32776,0,0
219,32777,0,0
219,32778,0,0
219,32779,0,0
219,32780,0,0
219,32781,0,0
219,32782,0,0
219,32783,0,0
219,32784,0,0
219,32785,0,0
219,32786,0,0
219,32787,0,0
219,32788,0,0
219,32789,0,0
219,32790,0,0
219,32791,0,0
219,32792,0,3
219,32793,0,0
219,32794,0,0
219,32795,0,0
219,32796,0,0
219,32797,0,0
219,32798,0,0
219,32799,0,0
219,32800,0,0
219,32801,0,0
219,32802,0,0
219,32803,0,0
219,32804,2,0
219,32805,0,0
219,32806,0,0
219,32807,0,0
219,32808,0,0
219,32809,0,0
219,32810,0,0
219,32811,0,0
219,32812,0,0
219,32813,0,0
219,32814,0,0
219,32815,0,0
219,32816,0,0
219,32817,0,0
219,32818,0,0
219,32819,0,0
219,32820,0,0
219,32821,0,0
219,32822,0,0
219,32823,0,0
219,32824,0,0
219,32825,0,0
219,32826,0,0
219,32827,0,0
219,32828,2,0
219,32829,0,0
219,32830,2,0
219,32831,0,0
219,32832,2,0
219,32833,0,0
219,32834,0,0
219,32835,0,0
219,32836,0,0
219,32837,0,0
219,32838,0,0
219,32839,0,0
219,32840,0,0
219,32841,0,0
219,32842,0,0
219,32843,0,0
219,32844,0,0
219,32845,0,0
219,32846,0,0
219,32847,0,0
219,32848,0,0
219,32849,0,0
219,32850,0,0
219,32851,0,0
219,32852,0,0
219,32853,0,0
219,32854,0,0
219,32855,0,0
219,32856,0,0
219,32857,0,0
219,32858,0,0
219,32859,0,0
219,32860,0,0
219,32861,0,0
219,32862,0,0
219,32863,0,0
219,32864,0,0
219,32865,0,0
219,32866,0,0
219,32867,0,0
219,32868,0,0
219,32869,0,0
219,32870,0,0
219,32871,0,0
219,32872,0,0
219,32873,0,0
219,32874,0,0
219,32875,0,0
219,32876,0,0
219,32877,0,0
219,32878,0,0
219,32879,0,0
219,32880,0,0
219,32881,0,0
219,32882,0,0
219,32883,0,0
219,32884,0,0
219,32885,0,0
219,32886,0,0
219,32887,0,0
219,32888,0,0
219,32889,0,0
219,32890,0,0
219,32891,0,0
219,32892,0,0
219,32893,0,0
219,32894,0,0
219,32895,0,0
219,32896,0,0
219,32897,0,0
219,32898,0,0
219,32899,0,0
219,32900,0,0
219,32901,0,0
219,32902,0,0
219,32903,0,0
219,32904,0,0
219,32905,0,0
219,32906,0,0
219,32907,0,0
219,32908,0,0
219,32909,0,0
219,32910,0,0
219,32911,0,0
219,32912,0,0
219,32913,0,0
219,32914,0,0
219,32915,0,0
219,32916,0,0
219,32917,0,0
219,32918,0,0
219,32919,0,0
219,32920,0,0
219,32921,0,0
219,32922,0,0
219,32923,0,0
219,32924,0,0
219,32925,0,0
219,32926,0,0
219,32927,0,0
219,32928,0,0
219,32929,0,0
219,32930,0,0
219,32931,0,0
219,32932,0,0
219,32933,0,0
219,32934,0,0
219,32935,0,0
219,32936,0,0
219,32937,0,0
219,32938,0,0
219,32939,0,0
219,32940,0,0
219,32941,0,0
219,32942,0,0
219,32943,0,0
219,32944,0,0
219,32945,0,0
219,32946,0,0
219,32947,0,0
219,32948,0,0
219,32949,0,0
219,32950,0,0
219,32951,0,0
219,32952,0,0
219,32953,0,0
219,32954,0,0
219,32955,0,0
219,32956,0,0
219,32957,0,0
219,32958,0,0
219,32959,0,0
219,32960,0,0
219,32961,0,0
219,32962,0,0
219,32963,0,0
219,32964,0,0
219,32965,0,0
219,32966,0,0
219,32967,0,0
219,32968,0,0
219,32969,0,0
219,32970,0,0
219,32971,2,2
219,32972,0,0
219,32973,0,0
219,32974,0,0
219,32975,0,1
219,32976,0,0
219,32977,0,0
219,32978,0,0
219,32979,0,0
219,32980,0,0
219,32981,0,0
219,32982,0,0
219,32983,0,0
219,32984,0,0
219,32985,0,0
219,32986,0,0
219,32987,0,0
219,32988,0,0
219,32989,0,0
219,32990,0,0
219,32991,0,0
219,32992,0,0
219,32993,0,0
219,32994,0,0
219,32995,0,0
219,32996,0,0
219,32997,0,0
219,32998,0,0
219,32999,0,0
219,33000,0,1
219,33001,0,0
219,33002,0,0
219,33003,0,0
219,33004,0,0
219,33005,0,0
219,33006,0,0
219,33007,0,0
219,33008,0,0
219,33009,0,0
219,33010,0,0
219,33011,0,0
219,33012,0,0
219,33013,0,0
219,33014,0,0
219,33015,0,0
219,33016,0,0
219,33017,2,0
219,33018,0,0
219,33019,2,2
219,33020,0,0
219,33021,0,0
219,33022,0,0
219,33023,0,0
219,33024,0,0
219,33025,2,0
219,33026,0,0
219,33027,2,0
219,33028,0,0
219,33029,2,0
219,33030,0,0
219,33031,0,0
219,33032,0,0
219,33033,0,0
219,33034,0,0
219,33035,0,0
219,33036,0,0
219,33037,2,2
219,33038,0,0
219,33039,0,0
219,33040,0,0
219,33041,0,0
219,33042,0,0
219,33043,0,0
219,33044,0,0
219,33045,0,0
219,33046,0,0
219,33047,2,2
219,33048,0,0
219,33049,0,0
219,33050,0,0
219,33051,0,0
219,33052,0,0
219,33053,0,0
219,33054,0,0
219,33055,0,0
219,33056,0,0
219,33057,0,0
219,33058,0,0
219,33059,0,0
219,33060,0,0
219,33061,0,0
219,33062,0,0
219,33063,0,0
219,33064,0,0
219,33065,0,0
219,33066,0,0
219,33067,0,0
219,33068,0,0
219,33069,0,0
219,33070,0,0
219,33071,0,0
219,33072,0,0
219,33073,0,0
219,33074,0,0
219,33075,0,0
219,33076,0,0
219,33077,0,0
219,33078,0,0
219,33079,0,0
219,33080,0,0
219,33081,0,0
219,33082,0,0
219,33083,0,0
219,33084,0,0
219,33085,0,0
219,33086,0,0
219,33087,0,0
219,33088,0,0
219,33089,0,0
219,33090,0,0
219,33091,0,0
219,33092,0,0
219,33093,0,0
219,33094,0,0
219,33095,0,0
219,33096,0,0
219,33097,0,0
219,33098,0,0
219,33099,0,0
219,33100,0,0
219,33101,0,0
219,33102,0,0
219,33103,0,0
219,33104,0,0
219,33105,0,0
219,33106,0,0
219,33107,0,0
219,33108,2,2
219,33109,0,0
219,33110,0,0
219,33111,0,0
219,33112,0,0
219,33113,0,0
219,33114,0,0
219,33115,0,0
219,33116,0,0
219,33117,0,0
219,33118,0,0
219,33119,0,0
219,33120,0,0
219,33121,0,0
219,33122,0,0
219,33123,0,0
219,33124,0,0
219,33125,0,0
219,33126,0,0
219,33127,0,0
219,33128,0,0
219,33129,0,0
219,33130,0,0
219,33131,0,0
219,33132,0,0
219,33133,0,0
219,33134,0,0
219,33135,0,0
219,33136,2,2
219,33137,0,0
219,33138,0,0
219,33139,0,0
219,33140,0,0
219,33141,0,0
219,33142,0,0
219,33143,0,0
219,33144,0,0
219,33145,0,0
219,33146,0,0
219,33147,0,0
219,33148,0,0
219,33149,0,0
219,33150,2,2
219,33151,0,0
219,33152,0,0
219,33153,0,0
219,33154,0,0
219,33155,0,0
219,33156,0,0
219,33157,0,0
219,33158,0,0
219,33159,0,0
219,33160,0,0
219,33161,0,0
219,33162,0,0
219,33163,0,0
219,33164,0,0
219,33165,0,0
219,33166,0,0
219,33167,0,0
219,33168,0,0
219,33169,0,0
219,33170,0,0
219,33171,0,0
219,33172,0,0
219,33173,0,0
219,33174,0,0
219,33175,0,0
219,33176,0,0
219,33177,0,0
219,33178,0,0
219,33179,0,0
219,33180,0,0
219,33181,0,0
219,33182,0,0
219,33183,0,0
219,33184,0,0
219,33185,0,0
219,33186,0,0
219,33187,0,0
219,33188,0,0
219,33189,0,0
219,33190,0,0
219,33191,0,0
219,33192,0,0
219,33193,0,0
219,33194,0,0
219,33195,0,0
219,33196,0,0
219,33197,0,0
219,33198,0,0
219,33199,0,0
219,33200,0,0
219,33201,0,0
219,33202,0,0
219,33203,0,0
219,33204,0,0
219,33205,0,0
219,33206,0,0
219,33207,0,0
219,33208,0,0
219,33209,0,0
219,33210,0,0
219,33211,0,0
219,33212,0,0
219,33213,0,0
219,33214,0,0
219,33215,0,0
219,33216,0,0
219,33217,0,0
219,33218,0,0
219,33219,0,0
219,33220,0,0
219,33221,0,0
219,33222,0,0
219,33223,0,0
219,33224,0,0
219,33225,0,0
219,33226,0,0
219,33227,0,0
219,33228,0,0
219,33229,0,0
219,33230,0,0
219,33231,0,0
219,33232,0,0
219,33233,0,0
219,33234,0,0
219,33235,0,0
219,33236,0,0
219,33237,0,0
219,33238,0,0
219,33239,0,0
219,33240,0,0
219,33241,0,0
219,33242,0,0
219,33243,0,0
219,33244,0,0
219,33245,0,0
219,33246,0,0
219,33247,0,0
219,33248,0,0
219,33249,0,0
219,33250,0,0
219,33251,0,0
219,33252,0,0
219,33253,0,0
219,33254,0,0
219,33255,0,0
219,33256,0,0
219,33257,0,0
219,33258,0,0
219,33259,0,0
219,33260,0,0
219,33261,0,0
219,33262,0,0
219,33263,0,0
219,33264,0,0
219,33265,0,0
219,33266,0,0
219,33267,0,0
219,33268,0,0
219,33269,0,0
219,33270,0,0
219,33271,0,0
219,33272,0,0
219,33273,0,0
219,33274,0,0
219,33275,0,0
219,33276,0,0
219,33277,0,0
219,33278,0,0
219,33279,0,0
219,33280,0,0
219,33281,0,0
219,33282,0,0
219,33283,0,0
219,33284,0,0
219,33285,0,0
219,33286,0,0
219,33287,0,0
219,33288,0,0
219,33289,0,0
219,33290,0,0
219,33291,2,2
219,33292,0,0
219,33293,0,0
219,33294,0,0
219,33295,0,0
219,33296,0,0
219,33297,0,0
219,33298,0,0
219,33299,0,0
219,33300,0,0
219,33301,0,0
219,33302,0,0
219,33303,0,0
219,33304,0,0
219,33305,0,0
219,33306,0,0
219,33307,0,0
219,33308,0,0
219,33309,0,0
219,33310,0,0
219,33311,0,0
219,33312,0,0
219,33313,0,0
219,33314,0,0
219,33315,2,0
219,33316,0,0
219,33317,0,0
219,33318,0,0
219,33319,0,0
219,33320,0,0
219,33321,0,0
219,33322,0,0
219,33323,0,0
219,33324,0,0
219,33325,0,0
219,33326,0,0
219,33327,0,0
219,33328,0,0
219,33329,0,0
219,33330,0,0
219,33331,0,0
219,33332,0,0
219,33333,0,0
219,33334,0,0
219,33335,0,0
219,33336,0,0
219,33337,0,0
219,33338,0,0
219,33339,0,0
219,33340,0,0
219,33341,0,0
219,33342,0,0
219,33343,0,0
219,33344,2,2
219,33345,0,0
219,33346,0,0
219,33347,0,0
219,33348,0,0
219,33349,0,0
219,33350,0,0
219,33351,0,0
219,33352,0,0
219,33353,0,0
219,33354,0,0
219,33355,0,0
219,33356,0,0
219,33357,0,0
219,33358,0,0
219,33359,0,0
219,33360,0,0
219,33361,0,0
219,33362,2,2
219,33363,0,0
219,33364,0,0
219,33365,0,0
219,33366,0,0
219,33367,0,0
219,33368,0,0
219,33369,0,0
219,33370,0,0
219,33371,0,0
219,33372,0,0
219,33373,2,2
219,33374,0,0
219,33375,0,0
219,33376,0,0
219,33377,0,0
219,33378,0,0
219,33379,0,0
219,33380,0,0
219,33381,0,0
219,33382,0,0
219,33383,0,0
219,33384,0,0
219,33385,0,0
219,33386,0,0
219,33387,0,0
219,33388,0,0
219,33389,0,0
219,33390,0,0
219,33391,0,0
219,33392,0,0
219,33393,0,0
219,33394,0,0
219,33395,0,0
219,33396,0,0
219,33397,0,0
219,33398,0,0
219,33399,0,0
219,33400,0,0
219,33401,0,0
219,33402,0,0
219,33403,0,0
219,33404,0,0
219,33405,0,0
219,33406,0,0
219,33407,0,0
219,33408,0,0
219,33409,0,0
219,33410,0,0
219,33411,0,0
219,33412,0,0
219,33413,0,0
219,33414,0,0
219,33415,0,0
219,33416,0,0
219,33417,0,0
219,33418,0,0
219,33419,0,0
219,33420,0,0
219,33421,0,0
219,33422,0,0
219,33423,0,0
219,33424,0,0
219,33425,0,0
219,33426,0,0
219,33427,0,0
219,33428,0,0
219,33429,0,0
219,33430,0,0
219,33431,0,0
219,33432,0,0
219,33433,0,0
219,33434,0,0
219,33435,0,0
219,33436,0,0
219,33437,0,0
219,33438,0,0
219,33439,0,0
219,33440,0,0
219,33441,0,0
219,33442,2,2
219,33443,0,0
219,33444,0,0
219,33445,0,0
219,33446,0,0
219,33447,0,0
219,33448,0,0
219,33449,0,0
219,33450,0,0
219,33451,0,0
219,33452,0,0
219,33453,0,0
219,33454,0,0
219,33455,0,0
219,33456,0,0
219,33457,0,0
219,33458,0,0
219,33459,0,0
219,33460,0,0
219,33461,2,2
219,33462,0,0
219,33463,0,0
219,33464,0,0
219,33465,0,0
219,33466,0,0
219,33467,0,0
219,33468,0,0
219,33469,2,2
219,33470,0,0
219,33471,0,0
219,33472,0,0
219,33473,0,0
219,33474,0,0
219,33475,0,0
219,33476,0,0
219,33477,0,0
219,33478,0,0
219,33479,0,0
219,33480,0,0
219,33481,0,0
219,33482,0,0
219,33483,0,0
219,33484,0,0
219,33485,0,0
219,33486,0,0
219,33487,0,0
219,33488,0,0
219,33489,0,0
219,33490,0,0
219,33491,0,0
219,33492,0,0
219,33493,0,0
219,33494,0,0
219,33495,0,0
219,33496,0,0
219,33497,0,0
219,33498,0,0
219,33499,0,0
219,33500,0,0
219,33501,0,0
219,33502,0,0
219,33503,0,0
219,33504,0,0
219,33505,0,0
219,33506,0,0
219,33507,0,0
219,33508,0,0
219,33509,0,0
219,33510,0,0
219,33511,0,0
219,33512,0,0
219,33513,0,0
219,33514,0,0
219,33515,0,0
219,33516,0,0
219,33517,0,0
219,33518,0,0
219,33519,0,0
219,33520,0,0
219,33521,0,0
219,33522,0,0
219,33523,0,0
219,33524,0,0
219,33525,0,0
219,33526,0,0
219,33527,0,0
219,33528,0,0
219,33529,0,0
219,33530,0,0
219,33531,2,2
219,33532,0,0
219,33533,0,0
219,33534,0,0
219,33535,0,0
219,33536,0,0
219,33537,0,0
219,33538,0,0
219,33539,0,0
219,33540,2,1
219,33541,0,0
219,33542,0,0
219,33543,0,0
221,33544,0,0
221,33545,0,3
221,33546,2,2
221,33547,0,0
221,33548,0,0
221,33549,2,2
221,33550,0,0
221,33551,0,0
221,33552,0,3
221,33553,2,2
221,33554,0,0
221,33555,0,0
221,33556,0,0
221,33557,0,0
221,33558,0,0
221,33559,0,0
221,33560,0,0
221,33561,0,0
221,33562,0,0
221,33563,2,2
221,33564,0,0
221,33565,0,0
221,33566,0,0
221,33567,2,2
221,33568,0,0
221,33569,0,0
221,33570,0,0
221,33571,2,2
221,33572,0,0
221,33573,0,0
221,33574,0,0
221,33575,0,0
221,33576,0,0
221,33577,0,0
221,33578,0,0
221,33579,0,0
221,33580,0,0
221,33581,0,0
221,33582,2,2
221,33583,0,0
221,33584,0,0
221,33585,0,0
221,33586,2,2
221,33587,0,0
221,33588,0,0
221,33589,0,0
221,33590,0,0
221,33591,2,2
221,33592,0,0
221,33593,0,0
221,33594,0,0
221,33595,0,0
221,33596,0,0
221,33597,0,0
221,33598,2,2
221,33599,0,0
221,33600,0,0
221,33601,0,0
221,33602,0,0
221,33603,0,0
221,33604,0,0
221,33605,0,0
221,33606,0,0
221,33607,0,0
221,33608,0,0
221,33609,0,0
221,33610,0,0
221,33611,0,0
221,33612,0,0
221,33613,2,2
221,33614,0,0
221,33615,0,0
221,33616,0,0
221,33617,2,2
221,33618,0,0
221,33619,0,0
221,33620,0,0
221,33621,0,0
221,33622,0,0
221,33623,0,0
221,33624,0,0
221,33625,2,2
221,33626,0,0
221,33627,0,0
221,33628,0,0
221,33629,0,0
221,33630,0,0
221,33631,0,0
221,33632,0,0
221,33633,0,0
221,33634,0,0
221,33635,2,2
221,33636,0,0
221,33637,0,0
221,33638,0,0
221,33639,2,2
221,33640,0,0
221,33641,0,0
221,33642,0,0
221,33643,2,2
221,33644,0,0
221,33645,0,0
221,33646,0,0
221,33647,0,0
221,33648,2,2
221,33649,0,0
221,33650,0,0
221,33651,0,0
221,33652,0,0
221,33653,2,2
221,33654,0,0
221,33655,0,0
221,33656,0,0
221,33657,0,0
221,33658,0,0
221,33659,0,0
221,33660,0,0
221,33661,0,3
221,33662,2,2
221,33663,0,0
221,33664,0,0
221,33665,2,2
221,33666,0,0
221,33667,0,0
221,33668,0,0
221,33669,0,3
221,33670,2,2
221,33671,0,0
221,33672,0,0
221,33673,0,0
221,33674,0,0
221,33675,0,0
221,33676,2,2
221,33677,0,0
221,33678,0,0
221,33679,0,3
221,33680,2,2
221,33681,0,0
221,33682,0,0
221,33683,0,0
221,33684,0,0
221,33685,0,0
221,33686,0,0
221,33687,0,3
221,33688,2,2
221,33689,0,0
221,33690,0,0
221,33691,0,3
221,33692,2,2
221,33693,0,0
221,33694,0,0
221,33695,0,0
221,33696,0,0
221,33697,2,2
221,33698,0,0
221,33699,0,0
221,33700,2,2
221,33701,0,0
221,33702,0,0
221,33703,0,0
221,33704,0,0
221,33705,0,0
221,33706,0,3
221,33707,2,2
221,33708,0,0
221,33709,0,3
221,33710,2,2
221,33711,0,0
221,33712,0,0
221,33713,0,3
221,33714,2,2
221,33715,0,0
221,33716,0,0
221,33717,0,0
221,33718,0,3
221,33719,2,2
221,33720,0,0
221,33721,0,3
221,33722,2,2
221,33723,0,0
221,33724,0,0
221,33725,0,0
221,33726,2,2
221,33727,0,0
221,33728,0,0
221,33729,0,3
221,33730,2,2
221,33731,0,0
221,33732,0,0
221,33733,0,3
221,33734,2,2
221,33735,0,0
221,33736,0,3
221,33737,2,2
221,33738,0,0
221,33739,0,0
221,33740,0,0
221,33741,0,0
221,33742,0,0
221,33743,0,0
221,33744,0,0
221,33745,0,0
221,33746,0,0
221,33747,0,0
221,33748,2,2
221,33749,0,0
221,33750,0,0
221,33751,0,0
221,33752,0,0
221,33753,0,0
221,33754,0,0
221,33755,0,0
221,33756,0,0
221,33757,0,0
221,33758,2,2
221,33759,0,0
221,33760,0,0
221,33761,0,3
221,33762,2,2
221,33763,0,0
221,33764,0,0
221,33765,0,0
221,33766,0,0
221,33767,0,0
221,33768,0,0
221,33769,0,3
221,33770,2,2
221,33771,2,2
221,33772,0,0
221,33773,2,2
221,33774,0,0
221,33775,0,0
221,33776,2,2
221,33777,0,0
221,33778,0,0
221,33779,0,0
221,33780,0,0
221,33781,2,2
221,33782,0,0
221,33783,0,0
221,33784,0,3
221,33785,2,2
221,33786,0,0
221,33787,0,0
221,33788,0,0
221,33789,2,2
221,33790,0,0
221,33791,0,0
221,33792,0,0
221,33793,2,2
221,33794,0,0
221,33795,0,0
221,33796,0,0
221,33797,2,2
221,33798,0,0
221,33799,0,0
221,33800,0,0
221,33801,0,0
221,33802,0,0
221,33803,0,0
221,33804,0,0
221,33805,0,0
221,33806,0,0
221,33807,2,2
221,33808,0,0
221,33809,0,0
221,33810,0,0
221,33811,0,1
221,33812,2,2
221,33813,0,0
221,33814,0,0
221,33815,0,3
221,33816,2,2
221,33817,0,0
221,33818,0,0
221,33819,0,0
221,33820,2,2
221,33821,0,0
221,33822,0,0
221,33823,0,0
221,33824,0,0
221,33825,0,0
221,33826,0,0
221,33827,2,2
221,33828,0,0
221,33829,0,0
221,33830,0,0
221,33831,2,2
221,33832,0,0
221,33833,0,0
221,33834,0,0
221,33835,2,2
221,33836,0,0
221,33837,0,0
221,33838,0,0
221,33839,0,0
221,33840,2,2
221,33841,0,0
221,33842,0,0
221,33843,0,0
221,33844,0,0
221,33845,2,2
221,33846,0,0
221,33847,0,3
221,33848,2,2
221,33849,0,0
221,33850,0,0
221,33851,0,0
221,33852,0,3
221,33853,2,2
221,33854,0,0
221,33855,0,0
221,33856,0,0
221,33857,0,3
221,33858,2,2
221,33859,0,0
221,33860,0,0
221,33861,0,0
221,33862,2,2
221,33863,0,0
221,33864,0,0
221,33865,0,3
221,33866,2,2
221,33867,0,0
221,33868,0,0
221,33869,0,0
221,33870,2,2
221,33871,0,0
221,33872,0,0
221,33873,0,3
221,33874,2,2
221,33875,0,0
221,33876,2,2
221,33877,0,0
221,33878,0,0
221,33879,0,0
221,33880,0,0
221,33881,0,0
221,33882,0,0
221,33883,0,0
221,33884,0,0
221,33885,0,0
221,33886,0,0
221,33887,0,0
221,33888,0,3
221,33889,2,2
221,33890,0,0
221,33891,0,0
221,33892,0,0
221,33893,2,2
221,33894,0,0
221,33895,0,1
221,33896,0,3
221,33897,2,2
221,33898,0,0
221,33899,0,0
221,33900,0,0
221,33901,0,0
221,33902,0,0
221,33903,0,0
221,33904,2,2
221,33905,0,0
221,33906,0,0
221,33907,0,0
221,33908,0,3
221,33909,2,2
221,33910,0,0
221,33911,0,0
221,33912,0,0
221,33913,0,0
221,33914,2,2
221,33915,0,0
221,33916,0,0
221,33917,0,0
221,33918,0,0
221,33919,0,0
221,33920,2,2
221,33921,0,0
221,33922,0,0
221,33923,2,2
221,33924,0,0
221,33925,0,0
221,33926,0,0
221,33927,0,0
221,33928,2,2
221,33929,0,0
221,33930,0,0
221,33931,2,2
221,33932,0,0
221,33933,0,0
221,33934,0,0
221,33935,2,2
221,33936,0,0
221,33937,0,0
221,33938,2,2
221,33939,0,0
221,33940,0,0
221,33941,2,2
221,33942,0,0
221,33943,0,0
221,33944,0,0
221,33945,0,0
221,33946,2,2
221,33947,0,0
221,33948,0,0
221,33949,0,3
221,33950,2,2
221,33951,0,0
221,33952,0,0
221,33953,2,2
221,33954,0,0
221,33955,0,0
221,33956,0,0
221,33957,0,0
221,33958,2,2
221,33959,0,0
221,33960,0,0
221,33961,0,0
221,33962,0,0
221,33963,0,0
221,33964,2,2
221,33965,0,0
221,33966,0,3
221,33967,2,2
221,33968,0,0
221,33969,0,0
221,33970,0,0
221,33971,2,2
221,33972,0,0
221,33973,0,0
221,33974,0,0
221,33975,0,0
221,33976,0,0
221,33977,0,0
221,33978,0,0
221,33979,0,0
221,33980,0,0
221,33981,0,1
221,33982,2,2
221,33983,0,0
221,33984,0,0
221,33985,0,0
221,33986,0,0
221,33987,0,0
221,33988,2,2
221,33989,0,0
221,33990,0,0
221,33991,0,0
221,33992,0,0
221,33993,0,0
221,33994,0,0
221,33995,2,2
221,33996,0,0
221,33997,0,0
221,33998,0,0
221,33999,0,0
221,34000,2,2
221,34001,0,0
221,34002,0,0
221,34003,0,0
221,34004,0,0
221,34005,0,0
221,34006,0,0
221,34007,0,0
221,34008,0,0
221,34009,0,0
221,34010,0,0
221,34011,0,0
221,34012,0,0
221,34013,0,0
221,34014,0,0
221,34015,0,0
221,34016,2,2
221,34017,0,0
221,34018,0,0
221,34019,0,0
221,34020,0,0
221,34021,2,2
221,34022,0,0
221,34023,0,0
221,34024,0,0
221,34025,2,2
221,34026,0,0
221,34027,0,0
221,34028,0,0
221,34029,0,0
221,34030,0,0
221,34031,0,0
221,34032,0,0
221,34033,0,0
221,34034,2,2
221,34035,0,0
221,34036,0,0
221,34037,2,2
221,34038,0,0
221,34039,0,0
221,34040,0,0
221,34041,0,0
221,34042,0,3
221,34043,2,2
221,34044,0,0
221,34045,0,0
221,34046,0,0
221,34047,0,3
221,34048,2,2
221,34049,0,0
221,34050,0,0
221,34051,0,0
221,34052,0,0
221,34053,2,2
221,34054,0,0
221,34055,0,0
221,34056,0,3
221,34057,2,2
221,34058,0,0
221,34059,0,0
221,34060,0,0
221,34061,2,2
221,34062,0,0
221,34063,0,3
221,34064,2,2
221,34065,0,0
221,34066,0,0
221,34067,0,0
221,34068,0,0
221,34069,0,0
221,34070,0,0
221,34071,0,0
221,34072,0,0
221,34073,0,0
221,34074,2,2
221,34075,0,0
221,34076,0,0
221,34077,0,0
221,34078,2,2
221,34079,0,0
221,34080,0,0
221,34081,0,0
221,34082,0,3
221,34083,2,2
221,34084,0,0
221,34085,0,0
221,34086,0,0
221,34087,0,0
221,34088,2,2
221,34089,0,0
221,34090,0,0
221,34091,2,2
221,34092,0,0
221,34093,0,0
221,34094,2,2
221,34095,0,0
221,34096,0,0
221,34097,0,0
221,34098,0,0
221,34099,0,0
221,34100,0,0
221,34101,2,2
221,34102,0,0
221,34103,0,0
221,34104,0,0
221,34105,0,0
221,34106,0,0
221,34107,0,0
221,34108,2,2
221,34109,0,0
221,34110,0,0
221,34111,2,2
221,34112,0,0
221,34113,0,0
221,34114,0,3
221,34115,2,2
221,34116,0,0
221,34117,0,0
221,34118,0,0
221,34119,2,2
221,34120,0,0
221,34121,0,0
221,34122,2,2
221,34123,0,0
221,34124,0,0
221,34125,0,0
221,34126,0,3
221,34127,2,2
221,34128,0,0
221,34129,0,0
221,34130,0,0
221,34131,0,0
221,34132,0,0
221,34133,0,0
221,34134,0,0
221,34135,2,2
221,34136,0,0
221,34137,0,0
221,34138,0,0
221,34139,0,0
221,34140,2,2
221,34141,0,0
221,34142,0,0
221,34143,0,0
221,34144,0,0
221,34145,0,0
221,34146,0,0
221,34147,0,0
221,34148,0,0
221,34149,0,0
221,34150,0,0
221,34151,0,0
221,34152,0,0
221,34153,0,0
221,34154,2,2
221,34155,0,0
221,34156,0,0
221,34157,0,0
221,34158,2,2
221,34159,0,0
221,34160,0,0
221,34161,0,0
221,34162,2,2
221,34163,0,0
221,34164,0,0
221,34165,0,0
221,34166,0,3
221,34167,2,2
221,34168,0,0
221,34169,0,0
221,34170,2,2
221,34171,0,0
221,34172,0,0
221,34173,0,0
221,34174,0,0
221,34175,2,2
221,34176,0,0
221,34177,0,0
221,34178,0,0
221,34179,2,2
221,34180,0,0
221,34181,0,0
221,34182,0,0
221,34183,0,0
221,34184,0,0
221,34185,0,0
221,34186,2,2
221,34187,0,0
221,34188,0,0
221,34189,0,0
221,34190,2,2
221,34191,0,0
221,34192,0,0
221,34193,0,0
221,34194,0,0
221,34195,0,0
221,34196,0,0
221,34197,0,0
221,34198,2,2
221,34199,0,0
221,34200,0,0
221,34201,0,0
221,34202,0,0
221,34203,0,0
221,34204,0,0
221,34205,2,2
221,34206,0,0
221,34207,0,0
221,34208,2,2
221,34209,0,0
221,34210,0,0
221,34211,0,0
221,34212,0,0
221,34213,0,0
221,34214,0,0
221,34215,0,0
221,34216,0,0
221,34217,0,0
221,34218,0,0
221,34219,0,0
221,34220,2,2
221,34221,0,0
221,34222,0,0
221,34223,0,0
221,34224,0,0
221,34225,0,0
221,34226,0,3
221,34227,2,2
221,34228,0,0
221,34229,0,0
221,34230,0,3
221,34231,2,2
221,34232,0,0
221,34233,0,0
221,34234,0,0
221,34235,0,3
221,34236,2,2
221,34237,0,0
221,34238,0,0
221,34239,2,2
221,34240,0,0
221,34241,0,0
221,34242,0,0
221,34243,0,0
221,34244,0,1
221,34245,0,0
221,34246,0,0
221,34247,0,3
221,34248,2,2
221,34249,0,0
221,34250,0,0
221,34251,0,0
221,34252,2,2
221,34253,0,0
221,34254,0,0
221,34255,2,2
221,34256,0,0
221,34257,0,0
221,34258,0,0
221,34259,0,0
221,34260,2,2
221,34261,0,0
221,34262,0,0
221,34263,0,0
221,34264,2,2
221,34265,0,0
221,34266,0,0
221,34267,0,3
221,34268,2,2
221,34269,0,0
221,34270,0,0
221,34271,2,2
221,34272,0,0
221,34273,0,0
221,34274,0,0
221,34275,2,2
221,34276,0,0
221,34277,0,0
221,34278,0,0
221,34279,0,0
221,34280,0,0
221,34281,2,2
221,34282,0,0
221,34283,0,0
221,34284,0,0
221,34285,0,0
221,34286,0,0
221,34287,0,0
221,34288,2,2
221,34289,0,0
221,34290,0,0
221,34291,0,0
221,34292,2,2
221,34293,0,0
221,34294,0,0
221,34295,2,2
221,34296,0,0
221,34297,0,0
221,34298,2,2
221,34299,0,0
221,34300,0,0
221,34301,0,0
221,34302,0,0
221,34303,0,0
221,34304,0,0
221,34305,0,0
221,34306,2,2
221,34307,0,0
221,34308,0,0
221,34309,0,0
221,34310,2,2
221,34311,0,0
221,34312,0,3
221,34313,2,2
221,34314,0,0
221,34315,0,0
221,34316,0,0
221,34317,0,0
221,34318,2,2
221,34319,0,0
221,34320,0,0
221,34321,0,0
221,34322,2,2
221,34323,0,0
221,34324,0,0
221,34325,0,0
221,34326,0,0
221,34327,0,0
221,34328,2,2
221,34329,0,0
221,34330,0,3
221,34331,2,2
221,34332,0,0
221,34333,0,0
221,34334,0,0
221,34335,2,2
221,34336,0,0
221,34337,0,0
221,34338,0,0
221,34339,2,2
221,34340,0,0
221,34341,0,0
221,34342,0,0
221,34343,2,2
221,34344,0,0
221,34345,0,0
221,34346,2,2
221,34347,0,0
221,34348,0,0
221,34349,0,0
221,34350,0,0
221,34351,0,0
221,34352,0,0
221,34353,2,2
221,34354,0,0
221,34355,0,0
221,34356,0,0
221,34357,2,2
221,34358,0,0
221,34359,0,1
221,34360,0,0
221,34361,2,2
221,34362,0,0
221,34363,0,0
221,34364,2,2
221,34365,0,0
221,34366,0,0
221,34367,0,0
221,34368,0,0
221,34369,0,0
221,34370,0,3
221,34371,2,2
221,34372,0,0
221,34373,0,0
221,34374,0,0
221,34375,2,2
221,34376,0,0
221,34377,0,0
221,34378,0,0
221,34379,2,2
221,34380,0,0
221,34381,0,0
221,34382,0,0
221,34383,0,0
221,34384,0,0
221,34385,0,0
221,34386,2,2
221,34387,0,0
221,34388,0,0
221,34389,0,0
221,34390,0,0
221,34391,2,2
221,34392,0,0
221,34393,0,0
221,34394,0,0
221,34395,0,0
221,34396,2,2
221,34397,0,0
221,34398,0,0
221,34399,0,0
221,34400,2,2
221,34401,0,0
221,34402,0,0
221,34403,0,0
221,34404,0,0
221,34405,0,3
221,34406,2,2
221,34407,0,0
221,34408,0,0
221,34409,0,0
221,34410,0,0
221,34411,0,0
221,34412,0,0
221,34413,0,0
221,34414,0,0
221,34415,0,0
221,34416,0,0
221,34417,0,0
221,34418,0,0
221,34419,0,0
221,34420,0,0
221,34421,0,0
221,34422,0,0
221,34423,0,0
221,34424,0,0
221,34425,0,0
221,34426,0,0
221,34427,0,0
221,34428,0,3
221,34429,2,2
221,34430,0,0
221,34431,0,0
221,34432,2,2
221,34433,0,0
221,34434,0,0
221,34435,0,0
221,34436,0,0
221,34437,0,0
221,34438,2,2
221,34439,0,0
221,34440,0,1
221,34441,0,0
221,34442,2,2
221,34443,0,0
221,34444,0,0
221,34445,0,0
221,34446,0,0
221,34447,0,0
221,34448,0,0
221,34449,2,2
221,34450,0,0
221,34451,0,0
221,34452,2,2
221,34453,0,0
221,34454,0,0
221,34455,0,0
221,34456,0,3
221,34457,2,2
221,34458,0,0
221,34459,0,0
221,34460,0,0
221,34461,2,2
221,34462,0,0
221,34463,0,0
221,34464,0,0
221,34465,0,0
221,34466,0,0
221,34467,0,0
221,34468,2,2
221,34469,0,0
221,34470,0,0
221,34471,2,2
221,34472,0,0
221,34473,0,0
221,34474,0,0
221,34475,0,0
221,34476,2,2
221,34477,0,0
221,34478,0,0
221,34479,2,2
221,34480,0,0
221,34481,0,0
221,34482,0,0
221,34483,0,0
221,34484,0,0
221,34485,0,0
221,34486,2,2
221,34487,0,0
221,34488,0,0
221,34489,0,0
221,34490,2,2
221,34491,0,0
221,34492,0,0
221,34493,0,0
221,34494,0,0
221,34495,0,0
221,34496,2,2
221,34497,0,0
221,34498,0,3
221,34499,2,2
221,34500,0,0
221,34501,0,0
221,34502,2,2
221,34503,0,0
221,34504,0,0
221,34505,0,0
221,34506,0,0
221,34507,2,2
221,34508,0,0
221,34509,0,1
221,34510,0,0
221,34511,0,0
221,34512,2,2
221,34513,0,0
221,34514,0,1
221,34515,0,0
221,34516,0,0
221,34517,0,0
221,34518,0,3
221,34519,2,2
221,34520,0,0
221,34521,0,0
221,34522,2,2
221,34523,0,0
221,34524,0,3
221,34525,2,2
221,34526,0,0
221,34527,0,0
221,34528,0,0
221,34529,0,0
221,34530,2,2
221,34531,0,0
221,34532,0,0
221,34533,2,2
221,34534,0,0
221,34535,0,0
221,34536,0,0
221,34537,0,0
221,34538,0,0
221,34539,0,0
221,34540,0,0
221,34541,2,2
221,34542,0,0
221,34543,0,0
221,34544,0,0
221,34545,0,0
221,34546,0,0
221,34547,2,2
221,34548,0,0
221,34549,0,0
221,34550,0,0
221,34551,2,2
221,34552,0,0
221,34553,0,0
221,34554,2,2
221,34555,0,0
221,34556,0,3
221,34557,2,2
221,34558,0,0
221,34559,0,0
221,34560,0,0
221,34561,2,2
221,34562,0,0
221,34563,0,0
221,34564,0,0
221,34565,2,2
221,34566,0,0
221,34567,0,1
221,34568,0,0
221,34569,0,3
221,34570,2,2
221,34571,0,0
221,34572,0,0
221,34573,0,0
221,34574,0,0
221,34575,0,0
221,34576,0,0
221,34577,0,1
221,34578,0,0
221,34579,0,0
221,34580,0,0
221,34581,0,0
221,34582,0,0
221,34583,0,0
221,34584,2,2
221,34585,0,0
221,34586,0,0
221,34587,0,3
221,34588,2,2
221,34589,0,0
221,34590,0,0
221,34591,0,3
221,34592,2,2
221,34593,0,0
221,34594,0,0
221,34595,0,0
221,34596,0,0
221,34597,0,0
221,34598,2,2
221,34599,0,0
221,34600,2,2
221,34601,0,0
221,34602,2,2
221,34603,0,0
221,34604,0,0
221,34605,0,0
221,34606,0,0
221,34607,0,0
221,34608,0,0
221,34609,0,0
221,34610,2,2
221,34611,0,0
221,34612,0,0
221,34613,0,0
221,34614,0,0
221,34615,0,0
221,34616,2,2
221,34617,0,0
221,34618,0,0
221,34619,0,0
221,34620,0,0
221,34621,0,0
221,34622,0,0
221,34623,0,0
221,34624,0,0
221,34625,0,3
221,34626,2,2
221,34627,0,0
221,34628,0,0
221,34629,0,0
221,34630,0,0
221,34631,0,0
221,34632,2,2
221,34633,2,2
221,34634,2,2
221,34635,0,0
221,34636,0,0
221,34637,0,0
221,34638,0,3
221,34639,2,2
221,34640,0,0
221,34641,0,0
221,34642,0,0
221,34643,0,0
221,34644,0,0
221,34645,0,0
221,34646,0,0
221,34647,0,0
221,34648,0,0
221,34649,2,2
221,34650,0,0
221,34651,0,0
221,34652,0,0
221,34653,0,0
221,34654,0,0
221,34655,2,2
221,34656,0,0
221,34657,0,0
221,34658,2,2
221,34659,0,0
221,34660,0,0
221,34661,0,0
221,34662,0,0
221,34663,0,0
221,34664,0,0
221,34665,2,2
221,34666,0,0
221,34667,2,2
221,34668,0,0
221,34669,0,0
221,34670,0,0
221,34671,0,0
221,34672,0,0
221,34673,2,2
221,34674,0,0
221,34675,0,0
221,34676,0,0
221,34677,0,0
221,34678,2,2
221,34679,0,0
221,34680,0,0
221,34681,0,0
221,34682,0,0
221,34683,0,0
221,34684,2,2
221,34685,0,0
221,34686,0,0
221,34687,0,0
221,34688,0,0
221,34689,0,0
221,34690,0,0
221,34691,0,0
221,34692,0,0
221,34693,2,2
221,34694,0,0
221,34695,0,0
221,34696,0,0
221,34697,2,2
221,34698,0,0
221,34699,0,3
221,34700,2,2
221,34701,0,0
221,34702,0,0
221,34703,0,0
221,34704,2,2
221,34705,0,0
221,34706,0,0
221,34707,0,0
221,34708,2,2
221,34709,2,2
221,34710,2,2
221,34711,0,0
221,34712,0,0
221,34713,0,0
221,34714,0,0
221,34715,0,0
221,34716,0,0
221,34717,0,0
221,34718,2,2
221,34719,0,0
221,34720,0,0
221,34721,0,0
221,34722,0,0
221,34723,0,3
221,34724,2,2
221,34725,0,0
221,34726,0,1
221,34727,0,0
221,34728,0,0
221,34729,0,3
221,34730,2,2
221,34731,0,0
221,34732,0,0
221,34733,0,0
221,34734,0,0
221,34735,0,0
221,34736,0,0
221,34737,0,0
221,34738,0,0
221,34739,0,3
221,34740,2,2
221,34741,0,0
221,34742,0,0
221,34743,0,3
221,34744,2,2
221,34745,0,0
221,34746,0,0
221,34747,0,0
221,34748,2,2
221,34749,0,0
221,34750,0,0
221,34751,0,0
221,34752,2,2
221,34753,0,0
221,34754,0,0
221,34755,0,0
221,34756,0,0
221,34757,0,0
221,34758,0,0
221,34759,0,0
221,34760,2,2
221,34761,0,0
221,34762,0,0
221,34763,0,0
221,34764,2,2
221,34765,0,0
221,34766,0,0
221,34767,0,0
221,34768,0,0
221,34769,0,0
221,34770,0,0
221,34771,2,2
221,34772,0,0
221,34773,0,1
221,34774,0,1
221,34775,0,0
221,34776,0,0
221,34777,0,0
221,34778,0,0
221,34779,0,0
221,34780,0,3
221,34781,2,2
221,34782,0,0
221,34783,0,0
221,34784,0,0
221,34785,0,0
221,34786,0,0
221,34787,0,0
221,34788,2,2
221,34789,0,0
221,34790,0,3
221,34791,2,2
221,34792,0,0
221,34793,0,0
221,34794,0,0
221,34795,0,0
221,34796,0,0
221,34797,0,0
221,34798,2,2
221,34799,0,0
221,34800,0,3
221,34801,2,2
221,34802,0,0
221,34803,0,0
221,34804,0,0
221,34805,0,0
221,34806,2,2
221,34807,0,0
221,34808,0,0
221,34809,0,0
221,34810,0,0
221,34811,0,0
221,34812,0,0
221,34813,0,0
221,34814,0,3
221,34815,2,2
221,34816,0,0
221,34817,0,0
221,34818,2,2
221,34819,0,0
221,34820,0,0
221,34821,0,0
221,34822,2,2
221,34823,0,0
221,34824,0,0
221,34825,0,0
221,34826,0,0
221,34827,0,0
221,34828,0,0
221,34829,2,2
221,34830,0,0
221,34831,0,0
221,34832,0,0
221,34833,0,0
221,34834,0,0
221,34835,0,0
221,34836,0,0
221,34837,0,0
221,34838,0,0
221,34839,0,0
221,34840,0,0
221,34841,0,0
221,34842,2,2
221,34843,0,0
221,34844,0,0
221,34845,0,0
221,34846,0,3
221,34847,2,2
221,34848,0,0
221,34849,0,0
221,34850,0,0
221,34851,0,0
221,34852,0,0
221,34853,0,0
221,34854,0,0
221,34855,0,0
221,34856,2,2
221,34857,0,0
221,34858,0,0
221,34859,0,0
221,34860,0,0
221,34861,0,0
221,34862,2,2
221,34863,0,0
221,34864,0,0
221,34865,0,0
221,34866,0,0
221,34867,2,2
221,34868,0,0
221,34869,0,0
221,34870,0,0
221,34871,2,2
221,34872,0,0
221,34873,0,0
221,34874,0,0
221,34875,0,0
221,34876,0,0
221,34877,0,0
221,34878,0,0
221,34879,0,0
221,34880,0,0
221,34881,0,0
221,34882,0,0
221,34883,2,2
221,34884,0,0
221,34885,0,0
221,34886,2,2
221,34887,0,0
221,34888,0,0
221,34889,2,2
221,34890,0,0
221,34891,0,0
221,34892,2,2
221,34893,0,0
221,34894,0,0
221,34895,0,0
221,34896,0,0
221,34897,0,1
221,34898,0,0
221,34899,0,0
221,34900,0,0
221,34901,0,0
221,34902,0,0
221,34903,0,0
221,34904,0,0
221,34905,0,0
221,34906,2,2
221,34907,0,0
221,34908,0,0
221,34909,0,3
221,34910,2,2
221,34911,0,0
221,34912,0,0
221,34913,0,0
221,34914,0,0
221,34915,0,0
221,34916,2,2
221,34917,0,0
221,34918,0,0
221,34919,0,0
221,34920,2,2
221,34921,0,0
221,34922,0,0
221,34923,0,0
221,34924,0,0
221,34925,0,0
221,34926,0,3
221,34927,2,2
221,34928,0,0
221,34929,0,0
221,34930,2,2
221,34931,0,0
221,34932,0,0
221,34933,0,3
221,34934,2,2
221,34935,0,0
221,34936,0,0
221,34937,0,0
221,34938,0,3
221,34939,2,2
221,34940,0,0
221,34941,0,0
221,34942,0,0
221,34943,0,0
221,34944,2,2
221,34945,0,0
221,34946,0,0
221,34947,0,0
221,34948,0,0
221,34949,2,2
221,34950,0,0
221,34951,0,3
221,34952,2,2
221,34953,0,0
221,34954,0,3
221,34955,2,2
221,34956,0,0
221,34957,0,0
221,34958,0,3
221,34959,2,2
221,34960,0,0
221,34961,0,0
221,34962,2,0
221,34963,0,0
221,34964,2,2
221,34965,0,0
221,34966,0,0
221,34967,0,3
221,34968,2,2
221,34969,0,0
221,34970,0,0
221,34971,0,0
221,34972,2,2
221,34973,0,0
221,34974,0,0
221,34975,2,2
221,34976,0,0
221,34977,0,0
221,34978,0,0
221,34979,0,0
221,34980,2,2
221,34981,0,0
221,34982,0,0
221,34983,2,2
221,34984,0,0
221,34985,0,0
221,34986,0,0
221,34987,0,0
221,34988,0,0
221,34989,2,2
221,34990,0,0
221,34991,0,0
221,34992,0,0
221,34993,0,0
221,34994,2,2
221,34995,0,0
221,34996,0,0
221,34997,0,0
221,34998,0,0
221,34999,2,2
221,35000,0,0
221,35001,0,0
221,35002,0,0
221,35003,0,0
221,35004,2,2
221,35005,0,0
221,35006,0,0
221,35007,0,0
221,35008,2,2
221,35009,0,0
221,35010,0,0
221,35011,0,0
221,35012,2,2
221,35013,0,0
221,35014,0,0
221,35015,0,0
221,35016,2,2
221,35017,0,0
221,35018,0,0
221,35019,0,0
221,35020,0,0
221,35021,0,0
221,35022,2,2
221,35023,0,0
221,35024,0,0
221,35025,0,0
221,35026,0,0
221,35027,0,0
221,35028,0,3
221,35029,2,2
221,35030,0,0
221,35031,0,0
221,35032,0,0
221,35033,2,2
221,35034,2,2
221,35035,0,0
221,35036,2,2
221,35037,0,0
221,35038,0,0
221,35039,0,0
221,35040,0,0
221,35041,0,0
221,35042,0,0
221,35043,2,2
221,35044,0,0
221,35045,0,0
221,35046,0,0
221,35047,2,2
221,35048,0,0
221,35049,0,0
221,35050,0,0
221,35051,2,2
221,35052,0,0
221,35053,0,0
221,35054,0,0
221,35055,2,2
221,35056,0,0
221,35057,0,0
221,35058,0,0
221,35059,0,0
221,35060,0,0
221,35061,2,2
221,35062,0,0
221,35063,0,0
221,35064,0,3
221,35065,2,2
221,35066,0,0
221,35067,0,0
221,35068,0,0
221,35069,0,0
221,35070,0,0
221,35071,0,0
221,35072,0,0
221,35073,0,0
221,35074,2,2
221,35075,0,0
221,35076,0,0
221,35077,0,0
221,35078,0,3
221,35079,2,2
221,35080,0,0
221,35081,0,0
221,35082,0,0
221,35083,2,2
221,35084,0,0
221,35085,0,0
221,35086,0,0
221,35087,0,0
221,35088,0,0
221,35089,0,0
221,35090,0,0
221,35091,2,2
221,35092,0,0
221,35093,0,1
221,35094,0,0
221,35095,0,3
221,35096,2,2
221,35097,0,0
221,35098,0,3
221,35099,2,2
221,35100,0,0
221,35101,0,0
221,35102,0,0
221,35103,2,2
221,35104,0,0
221,35105,0,0
221,35106,0,3
221,35107,2,2
221,35108,0,0
221,35109,0,0
221,35110,0,0
221,35111,0,0
221,35112,0,3
221,35113,2,2
221,35114,0,0
221,35115,0,0
221,35116,0,0
221,35117,2,2
221,35118,0,0
221,35119,0,0
221,35120,2,2
221,35121,0,0
221,35122,0,0
221,35123,0,0
221,35124,2,2
221,35125,0,0
221,35126,0,0
221,35127,0,0
221,35128,2,2
221,35129,0,0
221,35130,0,0
221,35131,2,2
221,35132,0,0
221,35133,0,0
221,35134,0,0
221,35135,0,0
221,35136,0,0
221,35137,0,0
221,35138,0,0
221,35139,0,0
221,35140,0,0
221,35141,2,2
221,35142,0,0
221,35143,2,2
221,35144,0,0
221,35145,0,0
221,35146,0,0
221,35147,0,0
221,35148,0,0
221,35149,0,0
221,35150,0,0
221,35151,0,0
221,35152,0,0
221,35153,0,0
221,35154,0,0
221,35155,0,0
221,35156,0,0
221,35157,0,0
221,35158,0,0
221,35159,2,2
221,35160,0,0
221,35161,0,0
221,35162,0,0
221,35163,0,0
221,35164,2,2
221,35165,0,0
221,35166,0,1
221,35167,0,0
221,35168,2,2
221,35169,0,0
221,35170,0,0
221,35171,0,0
221,35172,0,3
221,35173,2,2
221,35174,0,0
221,35175,0,0
221,35176,2,2
221,35177,0,0
221,35178,0,0
221,35179,0,0
221,35180,2,2
221,35181,0,0
221,35182,0,0
221,35183,0,0
221,35184,0,0
221,35185,0,3
221,35186,2,2
221,35187,0,0
221,35188,0,0
221,35189,0,0
221,35190,0,0
221,35191,0,0
221,35192,0,0
221,35193,0,0
221,35194,0,0
221,35195,0,0
221,35196,0,0
221,35197,2,2
221,35198,0,0
221,35199,0,0
221,35200,0,0
221,35201,2,2
221,35202,0,0
221,35203,0,0
221,35204,0,0
221,35205,0,0
221,35206,0,0
221,35207,2,2
221,35208,0,0
221,35209,0,0
221,35210,0,0
221,35211,0,0
221,35212,0,0
221,35213,0,0
221,35214,0,0
221,35215,0,0
221,35216,0,0
221,35217,0,0
221,35218,2,2
221,35219,0,0
221,35220,2,2
221,35221,0,0
221,35222,0,0
221,35223,0,0
221,35224,2,2
221,35225,0,0
221,35226,0,0
221,35227,0,0
221,35228,0,0
221,35229,0,0
221,35230,2,2
221,35231,0,0
221,35232,0,0
221,35233,0,0
221,35234,0,0
221,35235,2,2
221,35236,0,0
221,35237,0,0
221,35238,2,2
221,35239,0,0
221,35240,0,0
221,35241,0,3
221,35242,2,2
221,35243,0,0
221,35244,0,0
221,35245,0,0
221,35246,0,0
221,35247,0,0
221,35248,0,3
221,35249,2,2
221,35250,0,0
221,35251,0,0
221,35252,2,2
221,35253,0,0
221,35254,0,0
221,35255,0,0
221,35256,0,0
221,35257,0,0
221,35258,0,0
221,35259,0,0
221,35260,2,2
221,35261,0,0
221,35262,0,0
221,35263,0,3
221,35264,2,2
221,35265,0,0
221,35266,0,3
221,35267,2,2
221,35268,2,2
221,35269,0,0
221,35270,0,0
221,35271,0,0
221,35272,2,2
221,35273,0,0
221,35274,0,3
221,35275,2,2
221,35276,0,0
221,35277,0,1
221,35278,0,0
221,35279,0,0
221,35280,0,0
221,35281,0,0
221,35282,0,0
221,35283,0,0
221,35284,0,0
221,35285,2,2
221,35286,0,0
221,35287,0,0
221,35288,0,3
221,35289,2,2
221,35290,0,0
221,35291,0,0
221,35292,0,0
221,35293,0,3
221,35294,2,2
221,35295,0,0
221,35296,0,0
221,35297,0,0
221,35298,0,0
221,35299,0,0
221,35300,0,0
221,35301,2,2
221,35302,0,0
221,35303,0,3
221,35304,2,2
221,35305,0,0
221,35306,0,0
221,35307,0,0
221,35308,0,0
221,35309,2,2
221,35310,0,0
221,35311,0,1
221,35312,0,0
221,35313,2,2
221,35314,0,0
221,35315,0,0
221,35316,0,0
221,35317,2,2
221,35318,0,0
221,35319,0,0
221,35320,0,0
221,35321,2,2
221,35322,0,0
221,35323,0,0
221,35324,0,0
221,35325,0,0
221,35326,0,0
221,35327,0,0
221,35328,0,0
221,35329,0,0
221,35330,0,0
221,35331,0,0
221,35332,0,0
221,35333,2,2
221,35334,0,0
221,35335,0,0
221,35336,0,0
221,35337,0,0
221,35338,0,0
221,35339,0,0
221,35340,0,3
221,35341,2,2
221,35342,0,0
221,35343,0,0
221,35344,0,0
221,35345,0,0
221,35346,0,0
221,35347,2,2
221,35348,0,0
221,35349,0,0
221,35350,0,0
221,35351,0,0
221,35352,0,0
221,35353,0,0
221,35354,0,0
221,35355,0,0
221,35356,0,0
221,35357,0,0
221,35358,0,0
221,35359,0,0
221,35360,0,0
221,35361,0,0
221,35362,0,0
221,35363,0,0
221,35364,0,0
221,35365,2,2
221,35366,0,0
221,35367,0,0
221,35368,0,0
221,35369,0,0
221,35370,0,0
221,35371,0,0
221,35372,0,0
221,35373,0,0
221,35374,0,0
221,35375,0,0
221,35376,0,0
221,35377,0,0
221,35378,0,0
221,35379,0,0
221,35380,2,2
221,35381,0,0
221,35382,0,0
221,35383,0,0
221,35384,0,0
221,35385,2,2
221,35386,0,0
221,35387,0,0
221,35388,0,0
221,35389,0,0
221,35390,0,0
221,35391,0,0
221,35392,0,0
221,35393,0,0
221,35394,0,0
221,35395,0,0
221,35396,0,0
221,35397,0,0
221,35398,0,0
221,35399,0,0
221,35400,0,0
221,35401,0,0
221,35402,0,0
221,35403,2,2
221,35404,0,0
221,35405,0,0
221,35406,0,0
221,35407,2,2
221,35408,0,0
221,35409,2,2
221,35410,0,0
221,35411,0,0
221,35412,0,0
221,35413,0,0
221,35414,0,0
221,35415,0,0
221,35416,0,0
221,35417,2,2
221,35418,0,0
221,35419,0,0
221,35420,0,0
221,35421,0,0
221,35422,0,0
221,35423,0,0
221,35424,0,0
221,35425,0,0
221,35426,0,0
221,35427,0,0
221,35428,0,0
221,35429,0,0
221,35430,0,0
221,35431,0,0
221,35432,2,2
221,35433,0,0
221,35434,0,0
221,35435,0,0
221,35436,0,0
221,35437,0,0
221,35438,0,3
221,35439,2,2
221,35440,0,0
221,35441,0,0
221,35442,0,0
221,35443,0,0
221,35444,0,0
221,35445,0,0
221,35446,0,0
221,35447,0,0
221,35448,0,0
221,35449,0,0
221,35450,0,0
221,35451,0,3
221,35452,2,2
221,35453,0,0
221,35454,0,0
221,35455,0,0
221,35456,0,0
221,35457,2,2
221,35458,0,0
221,35459,0,0
221,35460,0,0
221,35461,0,0
221,35462,0,0
221,35463,2,2
221,35464,0,0
221,35465,0,0
221,35466,0,0
221,35467,0,0
221,35468,0,0
221,35469,0,0
221,35470,0,0
221,35471,0,0
221,35472,0,0
221,35473,2,2
221,35474,0,0
221,35475,0,3
221,35476,2,2
221,35477,0,0
221,35478,0,0
221,35479,0,0
221,35480,2,2
221,35481,0,0
221,35482,0,3
221,35483,2,2
221,35484,0,0
221,35485,0,0
221,35486,0,0
221,35487,0,0
221,35488,0,0
221,35489,0,0
221,35490,0,0
221,35491,0,0
221,35492,2,2
221,35493,0,0
221,35494,0,0
221,35495,0,0
221,35496,0,0
221,35497,0,0
221,35498,0,0
221,35499,0,0
221,35500,0,0
221,35501,0,0
221,35502,0,0
221,35503,0,0
221,35504,0,0
221,35505,0,0
221,35506,0,0
221,35507,0,0
221,35508,2,2
221,35509,0,0
221,35510,0,0
221,35511,0,0
221,35512,0,0
221,35513,0,0
221,35514,0,0
221,35515,0,0
221,35516,2,2
221,35517,0,0
221,35518,0,0
221,35519,0,0
221,35520,0,0
221,35521,0,0
221,35522,0,0
221,35523,0,0
221,35524,0,0
221,35525,0,0
221,35526,0,0
221,35527,0,0
221,35528,0,0
221,35529,0,0
221,35530,0,0
221,35531,2,2
221,35532,0,0
221,35533,0,0
221,35534,0,0
221,35535,0,0
221,35536,2,2
221,35537,0,0
221,35538,0,0
221,35539,0,0
221,35540,2,2
221,35541,0,0
221,35542,0,0
221,35543,0,0
221,35544,0,0
221,35545,0,0
221,35546,0,0
221,35547,0,0
221,35548,2,2
221,35549,0,0
221,35550,0,0
221,35551,0,0
221,35552,0,0
221,35553,0,0
221,35554,0,0
221,35555,0,0
221,35556,0,0
221,35557,0,0
221,35558,0,0
221,35559,0,0
221,35560,0,0
221,35561,0,0
221,35562,2,2
221,35563,0,0
221,35564,0,0
221,35565,2,2
221,35566,0,0
221,35567,0,0
221,35568,0,0
221,35569,0,0
221,35570,0,0
221,35571,0,0
221,35572,0,0
221,35573,0,0
221,35574,0,0
221,35575,0,0
221,35576,0,0
221,35577,0,0
221,35578,0,1
221,35579,0,0
221,35580,0,0
221,35581,0,0
221,35582,0,1
221,35583,2,2
221,35584,0,0
221,35585,0,1
221,35586,0,0
221,35587,0,0
221,35588,0,0
221,35589,0,0
221,35590,0,0
221,35591,0,0
221,35592,0,0
221,35593,0,0
221,35594,0,0
221,35595,2,2
221,35596,0,0
221,35597,0,0
221,35598,0,0
221,35599,0,0
221,35600,0,0
221,35601,0,0
221,35602,0,0
221,35603,0,0
221,35604,0,0
221,35605,0,0
221,35606,0,0
221,35607,0,0
221,35608,0,0
221,35609,0,0
221,35610,0,0
221,35611,0,0
221,35612,0,0
221,35613,0,0
221,35614,0,0
221,35615,0,0
221,35616,0,0
221,35617,2,2
221,35618,0,0
221,35619,0,3
221,35620,2,2
221,35621,0,0
221,35622,0,0
221,35623,0,0
221,35624,0,0
221,35625,0,0
221,35626,0,0
221,35627,0,0
221,35628,0,0
221,35629,2,2
221,35630,0,0
221,35631,0,0
221,35632,0,0
221,35633,0,0
221,35634,0,0
221,35635,0,0
221,35636,0,0
221,35637,0,0
221,35638,0,0
221,35639,0,0
221,35640,0,0
221,35641,0,0
221,35642,0,0
221,35643,0,0
221,35644,0,0
221,35645,0,0
221,35646,0,0
221,35647,0,0
221,35648,0,3
221,35649,2,2
221,35650,0,0
221,35651,0,0
221,35652,0,0
221,35653,0,0
221,35654,0,0
221,35655,2,2
221,35656,0,0
221,35657,0,0
221,35658,0,0
221,35659,0,0
221,35660,0,0
221,35661,0,0
221,35662,0,0
221,35663,0,0
221,35664,2,2
221,35665,0,0
221,35666,0,0
221,35667,0,0
221,35668,0,0
221,35669,0,0
221,35670,0,0
221,35671,0,0
221,35672,0,0
221,35673,0,0
221,35674,2,2
221,35675,0,0
221,35676,0,0
221,35677,0,0
221,35678,0,0
221,35679,0,0
221,35680,0,0
221,35681,0,0
221,35682,0,0
221,35683,0,0
221,35684,0,0
221,35685,0,0
221,35686,0,0
221,35687,0,0
221,35688,0,0
221,35689,0,0
221,35690,0,0
221,35691,0,0
221,35692,0,0
221,35693,0,0
221,35694,0,0
221,35695,2,2
221,35696,0,0
221,35697,0,0
221,35698,0,0
221,35699,0,0
221,35700,0,0
221,35701,0,0
221,35702,0,0
221,35703,0,0
221,35704,0,0
221,35705,0,0
221,35706,0,0
221,35707,0,0
221,35708,0,0
221,35709,0,0
221,35710,0,0
221,35711,0,0
221,35712,0,0
221,35713,0,0
221,35714,0,0
221,35715,0,0
221,35716,0,0
221,35717,0,0
221,35718,0,0
221,35719,0,0
221,35720,0,0
221,35721,0,0
221,35722,0,0
221,35723,0,0
221,35724,0,0
221,35725,0,0
221,35726,0,0
221,35727,0,0
221,35728,0,0
221,35729,0,0
221,35730,0,0
221,35731,0,0
221,35732,0,0
221,35733,0,3
221,35734,2,2
221,35735,0,0
221,35736,0,0
221,35737,0,0
221,35738,0,0
221,35739,2,2
221,35740,0,0
221,35741,0,0
221,35742,0,0
221,35743,0,0
221,35744,0,0
221,35745,2,2
221,35746,0,0
221,35747,0,0
221,35748,0,0
221,35749,0,0
221,35750,0,0
221,35751,0,0
221,35752,0,0
221,35753,0,3
221,35754,2,2
221,35755,0,0
221,35756,0,0
221,35757,0,0
221,35758,0,0
221,35759,0,0
221,35760,0,0
221,35761,2,2
221,35762,0,0
221,35763,0,1
221,35764,0,0
221,35765,0,0
221,35766,0,0
221,35767,0,0
221,35768,0,0
221,35769,2,2
221,35770,0,0
221,35771,0,0
221,35772,0,0
221,35773,0,0
221,35774,0,0
221,35775,0,0
221,35776,0,1
221,35777,0,0
221,35778,0,0
221,35779,0,0
221,35780,0,0
221,35781,0,0
221,35782,0,0
221,35783,0,0
221,35784,0,0
221,35785,0,0
221,35786,0,0
221,35787,0,0
221,35788,0,0
221,35789,0,0
221,35790,0,0
221,35791,0,0
221,35792,0,0
221,35793,0,0
221,35794,0,0
221,35795,0,0
221,35796,0,0
221,35797,0,0
221,35798,2,2
221,35799,0,0
221,35800,0,0
221,35801,0,0
221,35802,0,0
221,35803,0,0
221,35804,0,0
221,35805,0,0
221,35806,0,0
221,35807,0,0
221,35808,0,0
221,35809,0,0
221,35810,0,0
221,35811,0,0
221,35812,0,0
221,35813,0,0
221,35814,0,0
221,35815,0,0
221,35816,0,0
221,35817,0,0
221,35818,0,0
221,35819,0,0
221,35820,0,0
221,35821,0,0
221,35822,0,0
221,35823,0,0
221,35824,0,0
221,35825,0,0
221,35826,0,0
221,35827,0,0
221,35828,0,0
221,35829,0,0
221,35830,0,0
221,35831,0,0
221,35832,2,2
221,35833,0,0
221,35834,0,0
221,35835,0,0
221,35836,0,0
221,35837,0,0
221,35838,0,0
221,35839,0,0
221,35840,0,0
221,35841,0,0
221,35842,0,0
221,35843,0,0
221,35844,0,0
221,35845,0,0
221,35846,0,0
221,35847,0,0
221,35848,0,0
221,35849,0,0
221,35850,0,0
221,35851,2,2
221,35852,0,0
221,35853,0,0
221,35854,0,0
221,35855,0,0
221,35856,0,0
221,35857,0,0
221,35858,0,0
221,35859,0,0
221,35860,0,0
221,35861,0,0
221,35862,2,2
221,35863,0,0
221,35864,0,0
221,35865,0,0
221,35866,0,0
221,35867,0,0
221,35868,0,0
221,35869,0,0
221,35870,0,0
221,35871,0,0
221,35872,0,0
221,35873,0,0
221,35874,0,0
221,35875,0,0
221,35876,0,3
221,35877,2,2
221,35878,0,0
221,35879,0,0
221,35880,0,0
221,35881,0,0
221,35882,0,0
221,35883,0,0
221,35884,0,0
221,35885,0,1
221,35886,0,0
221,35887,0,0
221,35888,0,0
221,35889,0,0
221,35890,0,0
221,35891,0,0
221,35892,0,0
221,35893,0,0
221,35894,0,1
221,35895,0,0
221,35896,0,0
221,35897,0,0
221,35898,0,0
221,35899,0,0
221,35900,0,0
221,35901,0,0
221,35902,0,0
221,35903,0,0
221,35904,0,0
221,35905,0,0
221,35906,0,0
221,35907,0,0
221,35908,0,0
221,35909,0,0
221,35910,0,0
221,35911,0,0
221,35912,0,0
221,35913,0,0
221,35914,0,0
221,35915,0,1
221,35916,0,0
221,35917,0,0
221,35918,0,3
221,35919,2,2
221,35920,0,0
221,35921,0,0
221,35922,0,0
221,35923,0,0
221,35924,0,0
221,35925,0,0
221,35926,0,0
221,35927,0,0
221,35928,0,0
221,35929,0,0
221,35930,0,0
221,35931,0,0
221,35932,0,0
221,35933,0,0
221,35934,0,0
221,35935,0,0
221,35936,0,0
221,35937,0,0
221,35938,0,0
221,35939,0,0
221,35940,0,0
221,35941,0,0
221,35942,0,0
221,35943,0,0
221,35944,0,0
221,35945,0,0
221,35946,0,0
221,35947,0,0
221,35948,0,0
221,35949,0,0
221,35950,0,0
221,35951,0,0
221,35952,0,0
221,35953,0,0
221,35954,0,0
221,35955,0,0
221,35956,0,0
221,35957,0,0
221,35958,0,0
221,35959,0,0
221,35960,0,0
221,35961,0,0
221,35962,0,0
221,35963,0,0
221,35964,0,0
221,35965,0,0
221,35966,0,0
221,35967,0,0
221,35968,0,0
221,35969,0,0
221,35970,0,0
222,35971,0,0
222,35972,0,0
222,35973,0,0
222,35974,0,0
222,35975,0,0
222,35976,0,0
222,35977,0,0
222,35978,0,0
222,35979,0,0
222,35980,0,0
222,35981,0,0
222,35982,0,0
222,35983,0,0
222,35984,0,0
222,35985,0,0
222,35986,0,0
222,35987,0,0
222,35988,0,0
222,35989,0,0
222,35990,0,0
222,35991,0,0
222,35992,0,0
222,35993,0,0
222,35994,0,0
222,35995,0,0
222,35996,0,0
222,35997,0,0
222,35998,0,0
222,35999,0,0
222,36000,0,0
222,36001,0,0
222,36002,0,0
222,36003,0,0
222,36004,0,0
222,36005,0,0
222,36006,0,0
222,36007,0,0
222,36008,0,0
222,36009,0,0
222,36010,0,0
222,36011,0,0
222,36012,0,0
222,36013,0,0
222,36014,0,0
222,36015,0,0
222,36016,0,0
222,36017,0,0
222,36018,0,0
222,36019,0,0
222,36020,0,0
222,36021,0,0
222,36022,0,0
222,36023,0,0
222,36024,0,0
222,36025,0,0
222,36026,0,0
222,36027,0,0
222,36028,0,0
222,36029,0,0
222,36030,0,0
222,36031,0,0
222,36032,0,0
222,36033,0,0
222,36034,0,0
222,36035,0,0
222,36036,0,0
222,36037,0,0
222,36038,0,0
222,36039,0,0
222,36040,0,0
222,36041,0,0
222,36042,0,0
222,36043,0,0
222,36044,0,0
222,36045,0,0
222,36046,0,0
222,36047,0,0
222,36048,0,0
222,36049,0,0
222,36050,0,0
222,36051,0,0
222,36052,0,0
222,36053,0,0
222,36054,0,0
222,36055,0,0
222,36056,0,0
222,36057,0,0
222,36058,0,0
222,36059,0,0
222,36060,0,0
222,36061,0,0
222,36062,0,0
222,36063,0,0
222,36064,0,0
222,36065,0,0
222,36066,0,0
222,36067,0,0
222,36068,0,0
222,36069,0,0
222,36070,0,0
222,36071,0,0
222,36072,0,0
222,36073,0,0
222,36074,0,0
222,36075,0,0
222,36076,0,0
222,36077,0,0
222,36078,0,0
222,36079,0,0
222,36080,0,0
222,36081,0,0
222,36082,0,0
222,36083,0,0
222,36084,0,0
222,36085,0,0
222,36086,0,0
222,36087,0,0
222,36088,0,0
222,36089,0,0
222,36090,0,0
222,36091,0,0
222,36092,0,0
222,36093,0,0
222,36094,0,0
222,36095,0,0
222,36096,0,0
222,36097,0,0
222,36098,0,0
222,36099,0,0
222,36100,0,0
222,36101,0,0
222,36102,0,0
222,36103,0,0
222,36104,0,0
222,36105,0,0
222,36106,0,0
222,36107,0,0
222,36108,0,0
222,36109,0,0
222,36110,0,0
222,36111,0,0
222,36112,0,0
222,36113,0,0
222,36114,0,0
222,36115,0,0
222,36116,0,0
222,36117,0,0
222,36118,0,0
222,36119,0,0
222,36120,0,0
222,36121,0,0
222,36122,0,0
222,36123,0,0
222,36124,0,0
222,36125,0,0
222,36126,0,0
222,36127,0,0
222,36128,0,0
222,36129,0,0
222,36130,0,0
222,36131,0,0
222,36132,0,0
222,36133,0,0
222,36134,0,0
222,36135,0,0
222,36136,0,0
222,36137,0,0
222,36138,0,0
222,36139,0,0
222,36140,0,0
222,36141,0,0
222,36142,0,0
222,36143,0,0
222,36144,0,0
222,36145,0,0
222,36146,0,0
222,36147,0,0
222,36148,0,0
222,36149,0,0
222,36150,0,0
222,36151,0,0
222,36152,0,0
222,36153,0,0
222,36154,0,0
222,36155,0,0
222,36156,0,0
222,36157,0,0
222,36158,0,0
222,36159,0,0
222,36160,0,0
222,36161,0,0
222,36162,0,0
222,36163,0,0
222,36164,0,0
222,36165,0,0
222,36166,0,0
222,36167,0,0
222,36168,0,0
222,36169,0,0
222,36170,0,0
222,36171,0,0
222,36172,0,0
222,36173,0,0
222,36174,0,0
222,36175,0,0
222,36176,0,0
222,36177,0,0
222,36178,0,0
222,36179,0,0
222,36180,0,0
222,36181,0,0
222,36182,0,0
222,36183,0,0
222,36184,0,0
222,36185,0,0
222,36186,0,0
222,36187,0,0
222,36188,0,0
222,36189,0,0
222,36190,0,0
222,36191,0,0
222,36192,0,0
222,36193,0,0
222,36194,0,0
222,36195,0,0
222,36196,0,0
222,36197,0,0
222,36198,0,0
222,36199,0,0
222,36200,0,0
222,36201,0,0
222,36202,0,0
222,36203,0,0
222,36204,0,0
222,36205,0,0
222,36206,0,0
222,36207,0,0
222,36208,0,0
222,36209,0,0
222,36210,0,0
222,36211,0,0
222,36212,0,0
222,36213,0,0
222,36214,0,0
222,36215,0,0
222,36216,0,0
222,36217,0,0
222,36218,0,0
222,36219,0,0
222,36220,0,0
222,36221,0,0
222,36222,0,0
222,36223,0,0
222,36224,0,0
222,36225,0,0
222,36226,0,0
222,36227,0,0
222,36228,0,0
222,36229,0,0
222,36230,0,0
222,36231,0,0
222,36232,0,0
222,36233,0,0
222,36234,0,0
222,36235,0,0
222,36236,0,0
222,36237,0,0
222,36238,0,0
222,36239,0,0
222,36240,0,0
222,36241,0,0
222,36242,0,0
222,36243,0,0
222,36244,0,0
222,36245,0,0
222,36246,0,0
222,36247,0,0
222,36248,0,0
222,36249,0,0
222,36250,0,0
222,36251,0,0
222,36252,0,0
222,36253,0,0
222,36254,0,0
222,36255,0,0
222,36256,0,0
222,36257,0,0
222,36258,0,0
222,36259,0,0
222,36260,0,0
222,36261,0,0
222,36262,0,0
222,36263,0,0
222,36264,0,0
222,36265,0,0
222,36266,0,0
222,36267,0,0
222,36268,0,0
222,36269,0,0
222,36270,0,0
222,36271,0,0
222,36272,0,0
222,36273,0,0
222,36274,0,0
222,36275,0,0
222,36276,0,0
222,36277,0,0
222,36278,0,0
222,36279,0,0
222,36280,0,0
222,36281,0,0
222,36282,0,0
222,36283,0,0
222,36284,0,0
222,36285,0,0
222,36286,0,0
222,36287,0,0
222,36288,0,0
222,36289,0,0
222,36290,0,0
222,36291,0,0
222,36292,0,0
222,36293,0,0
222,36294,0,0
222,36295,0,0
222,36296,0,0
222,36297,0,0
222,36298,0,0
222,36299,0,0
222,36300,0,0
222,36301,0,0
222,36302,0,0
222,36303,0,0
222,36304,0,0
222,36305,0,0
222,36306,0,0
222,36307,0,0
222,36308,0,0
222,36309,0,0
222,36310,0,0
222,36311,0,0
222,36312,0,0
222,36313,0,0
222,36314,0,0
222,36315,0,0
222,36316,0,0
222,36317,0,0
222,36318,0,0
222,36319,0,0
222,36320,0,0
222,36321,0,0
222,36322,0,0
222,36323,0,0
222,36324,0,0
222,36325,0,0
222,36326,0,0
222,36327,0,0
222,36328,0,0
222,36329,0,0
222,36330,0,0
222,36331,0,0
222,36332,0,0
222,36333,0,0
222,36334,0,0
222,36335,0,0
222,36336,0,0
222,36337,0,0
222,36338,0,0
222,36339,0,0
222,36340,0,0
222,36341,0,0
222,36342,0,0
222,36343,0,0
222,36344,0,0
222,36345,0,0
222,36346,0,0
222,36347,0,0
222,36348,0,0
222,36349,0,0
222,36350,0,0
222,36351,0,0
222,36352,0,0
222,36353,0,0
222,36354,0,0
222,36355,0,0
222,36356,0,0
222,36357,0,0
222,36358,0,0
222,36359,0,0
222,36360,0,0
222,36361,0,0
222,36362,0,0
222,36363,0,0
222,36364,0,0
222,36365,0,0
222,36366,0,0
222,36367,0,0
222,36368,0,0
222,36369,0,0
222,36370,0,0
222,36371,0,0
222,36372,0,0
222,36373,0,0
222,36374,0,0
222,36375,0,0
222,36376,0,0
222,36377,0,0
222,36378,0,0
222,36379,0,0
222,36380,0,0
222,36381,0,0
222,36382,0,0
222,36383,0,0
222,36384,0,0
222,36385,0,0
222,36386,0,0
222,36387,0,0
222,36388,0,0
222,36389,0,0
222,36390,0,0
222,36391,0,0
222,36392,0,0
222,36393,0,0
222,36394,0,0
222,36395,0,0
222,36396,0,0
222,36397,0,0
222,36398,0,0
222,36399,0,0
222,36400,0,0
222,36401,0,0
222,36402,0,0
222,36403,0,0
222,36404,0,0
222,36405,0,0
222,36406,0,0
222,36407,0,0
222,36408,0,0
222,36409,0,0
222,36410,0,0
222,36411,0,0
222,36412,0,0
222,36413,0,0
222,36414,0,0
222,36415,0,0
222,36416,0,0
222,36417,0,0
222,36418,0,0
222,36419,0,0
222,36420,0,0
222,36421,0,0
222,36422,0,0
222,36423,0,0
222,36424,0,0
222,36425,0,0
222,36426,0,0
222,36427,0,0
222,36428,0,0
222,36429,0,0
222,36430,0,0
222,36431,0,0
222,36432,0,0
222,36433,0,0
222,36434,0,0
222,36435,0,0
222,36436,0,0
222,36437,0,0
222,36438,0,0
222,36439,0,0
222,36440,0,0
222,36441,0,0
222,36442,0,0
222,36443,0,0
222,36444,0,0
222,36445,0,0
222,36446,0,0
222,36447,0,0
222,36448,0,0
222,36449,0,0
222,36450,0,0
222,36451,0,0
222,36452,0,0
222,36453,0,0
222,36454,0,0
222,36455,0,0
222,36456,0,0
222,36457,0,0
222,36458,0,0
222,36459,0,0
222,36460,0,0
222,36461,0,0
222,36462,0,0
222,36463,0,0
222,36464,0,0
222,36465,0,0
222,36466,0,0
222,36467,0,0
222,36468,0,0
222,36469,0,0
222,36470,0,0
222,36471,0,0
222,36472,0,0
222,36473,0,0
222,36474,0,0
222,36475,0,0
222,36476,0,0
222,36477,0,0
222,36478,0,0
222,36479,0,0
222,36480,0,0
222,36481,0,0
222,36482,0,0
222,36483,0,0
222,36484,0,0
222,36485,0,0
222,36486,0,0
222,36487,0,0
222,36488,0,0
222,36489,0,0
222,36490,0,0
222,36491,0,0
222,36492,0,0
222,36493,0,0
222,36494,0,0
222,36495,0,0
222,36496,0,0
222,36497,0,0
222,36498,0,0
222,36499,0,0
222,36500,0,0
222,36501,0,0
222,36502,0,0
222,36503,0,0
222,36504,0,0
222,36505,0,0
222,36506,0,0
222,36507,0,0
222,36508,0,0
222,36509,0,0
222,36510,0,0
222,36511,0,0
222,36512,0,0
222,36513,0,0
222,36514,0,0
222,36515,0,0
222,36516,0,0
222,36517,0,0
222,36518,0,0
222,36519,0,0
222,36520,0,0
222,36521,0,0
222,36522,0,0
222,36523,0,0
222,36524,0,0
222,36525,0,0
222,36526,0,0
222,36527,0,0
222,36528,0,0
222,36529,0,0
222,36530,0,0
222,36531,0,0
222,36532,0,0
222,36533,0,0
222,36534,0,0
222,36535,0,0
222,36536,0,0
222,36537,0,0
222,36538,0,0
222,36539,0,0
222,36540,0,0
222,36541,0,0
222,36542,0,0
222,36543,0,0
222,36544,0,0
222,36545,0,0
222,36546,0,0
222,36547,0,0
222,36548,0,0
222,36549,0,0
222,36550,0,0
222,36551,0,0
222,36552,0,0
222,36553,0,0
222,36554,0,0
222,36555,0,0
222,36556,0,0
222,36557,0,0
222,36558,0,0
222,36559,0,0
222,36560,0,0
222,36561,0,0
222,36562,0,0
222,36563,0,0
222,36564,0,0
222,36565,0,0
222,36566,0,0
222,36567,0,0
222,36568,0,0
222,36569,0,0
222,36570,0,0
222,36571,0,0
222,36572,0,0
222,36573,0,0
222,36574,0,0
222,36575,0,0
222,36576,0,0
222,36577,0,0
222,36578,0,0
222,36579,0,0
222,36580,0,0
222,36581,0,0
222,36582,0,0
222,36583,0,0
222,36584,0,0
222,36585,0,0
222,36586,0,0
222,36587,0,0
222,36588,0,0
222,36589,0,0
222,36590,0,0
222,36591,0,0
222,36592,0,0
222,36593,0,0
222,36594,0,0
222,36595,0,0
222,36596,0,0
222,36597,0,0
222,36598,0,0
222,36599,0,0
222,36600,0,0
222,36601,0,0
222,36602,0,0
222,36603,0,0
222,36604,0,0
222,36605,0,0
222,36606,0,0
222,36607,0,0
222,36608,0,0
222,36609,0,0
222,36610,0,0
222,36611,0,0
222,36612,0,0
222,36613,0,0
222,36614,0,0
222,36615,0,0
222,36616,0,0
222,36617,0,0
222,36618,0,0
222,36619,0,0
222,36620,0,0
222,36621,0,0
222,36622,1,0
222,36623,0,0
222,36624,0,0
222,36625,0,0
222,36626,0,0
222,36627,1,0
222,36628,0,0
222,36629,1,2
222,36630,0,0
222,36631,1,0
222,36632,0,0
222,36633,1,0
222,36634,0,0
222,36635,0,0
222,36636,0,0
222,36637,0,0
222,36638,0,0
222,36639,0,0
222,36640,0,0
222,36641,0,0
222,36642,0,0
222,36643,0,0
222,36644,0,0
222,36645,0,0
222,36646,0,0
222,36647,0,0
222,36648,0,0
222,36649,0,0
222,36650,0,0
222,36651,0,0
222,36652,0,0
222,36653,0,0
222,36654,0,0
222,36655,1,0
222,36656,0,0
222,36657,0,0
222,36658,0,0
222,36659,0,0
222,36660,0,0
222,36661,0,0
222,36662,0,0
222,36663,0,0
222,36664,0,0
222,36665,1,0
222,36666,0,0
222,36667,1,0
222,36668,0,0
222,36669,0,0
222,36670,0,0
222,36671,0,0
222,36672,0,0
222,36673,0,0
222,36674,0,0
222,36675,0,0
222,36676,0,0
222,36677,0,0
222,36678,0,0
222,36679,0,0
222,36680,0,0
222,36681,0,0
222,36682,0,0
222,36683,0,0
222,36684,0,0
222,36685,0,0
222,36686,0,0
222,36687,0,0
222,36688,0,0
222,36689,0,0
222,36690,0,0
222,36691,0,0
222,36692,0,0
222,36693,0,0
222,36694,0,0
222,36695,0,0
222,36696,0,0
222,36697,0,0
222,36698,0,0
222,36699,0,0
222,36700,0,0
222,36701,0,0
222,36702,0,0
222,36703,0,0
222,36704,0,0
222,36705,0,0
222,36706,0,0
222,36707,0,0
222,36708,0,0
222,36709,0,0
222,36710,0,0
222,36711,0,0
222,36712,0,0
222,36713,0,0
222,36714,0,0
222,36715,0,0
222,36716,0,0
222,36717,0,0
222,36718,0,0
222,36719,0,0
222,36720,0,0
222,36721,0,0
222,36722,0,0
222,36723,1,0
222,36724,0,0
222,36725,1,0
222,36726,0,0
222,36727,0,0
222,36728,0,0
222,36729,1,0
222,36730,0,0
222,36731,0,0
222,36732,1,0
222,36733,0,0
222,36734,1,0
222,36735,0,0
222,36736,1,0
222,36737,0,0
222,36738,1,0
222,36739,0,0
222,36740,1,0
222,36741,0,0
222,36742,0,0
222,36743,0,0
222,36744,0,0
222,36745,0,0
222,36746,0,0
222,36747,0,0
222,36748,0,0
222,36749,0,0
222,36750,0,0
222,36751,0,0
222,36752,0,0
222,36753,0,0
222,36754,0,0
222,36755,0,0
222,36756,0,0
222,36757,0,0
222,36758,0,0
222,36759,0,0
222,36760,0,0
222,36761,0,0
222,36762,0,0
222,36763,0,0
222,36764,0,0
222,36765,0,0
222,36766,0,0
222,36767,0,0
222,36768,0,0
222,36769,0,0
222,36770,0,0
222,36771,0,0
222,36772,0,0
222,36773,0,0
222,36774,0,0
222,36775,0,0
222,36776,0,0
222,36777,0,0
222,36778,0,0
222,36779,0,0
222,36780,0,0
222,36781,0,0
222,36782,0,0
222,36783,0,0
222,36784,0,0
222,36785,0,0
222,36786,0,0
222,36787,0,0
222,36788,0,0
222,36789,0,0
222,36790,0,0
222,36791,0,0
222,36792,0,0
222,36793,0,0
222,36794,0,0
222,36795,0,0
222,36796,0,0
222,36797,0,0
222,36798,0,0
222,36799,0,0
222,36800,0,0
222,36801,0,0
222,36802,0,0
222,36803,0,0
222,36804,0,0
222,36805,0,0
222,36806,0,0
222,36807,1,3
222,36808,0,0
222,36809,1,0
222,36810,0,0
222,36811,1,0
222,36812,0,0
222,36813,1,0
222,36814,0,0
222,36815,1,0
222,36816,0,0
222,36817,1,0
222,36818,0,0
222,36819,1,0
222,36820,0,0
222,36821,1,0
222,36822,0,0
222,36823,1,0
222,36824,0,0
222,36825,0,0
222,36826,1,0
222,36827,0,0
222,36828,0,0
222,36829,1,2
222,36830,0,0
222,36831,0,0
222,36832,1,0
222,36833,0,0
222,36834,1,0
222,36835,0,0
222,36836,0,0
222,36837,0,0
222,36838,0,0
222,36839,0,0
222,36840,0,0
222,36841,0,0
222,36842,0,0
222,36843,0,0
222,36844,0,0
222,36845,0,0
222,36846,0,0
222,36847,0,0
222,36848,0,0
222,36849,0,0
222,36850,0,0
222,36851,0,0
222,36852,0,0
222,36853,0,0
222,36854,0,0
222,36855,0,0
222,36856,0,0
222,36857,0,0
222,36858,0,0
222,36859,1,0
222,36860,0,0
222,36861,1,0
222,36862,0,0
222,36863,1,0
222,36864,1,0
222,36865,1,0
222,36866,0,0
222,36867,1,0
222,36868,0,0
222,36869,1,0
222,36870,0,0
222,36871,0,0
222,36872,0,0
222,36873,0,0
222,36874,0,0
222,36875,0,0
222,36876,0,0
222,36877,0,0
222,36878,0,0
222,36879,0,0
222,36880,0,0
222,36881,0,0
222,36882,0,0
222,36883,0,0
222,36884,0,0
222,36885,0,0
222,36886,0,0
222,36887,0,0
222,36888,0,0
222,36889,0,0
222,36890,0,0
222,36891,0,0
222,36892,0,0
222,36893,0,0
222,36894,0,0
222,36895,0,0
222,36896,0,0
222,36897,0,0
222,36898,0,0
222,36899,0,0
222,36900,0,0
222,36901,0,0
222,36902,0,0
222,36903,0,0
222,36904,0,0
222,36905,1,0
222,36906,0,0
222,36907,0,0
222,36908,0,0
222,36909,0,0
222,36910,1,0
222,36911,0,0
222,36912,0,0
222,36913,0,0
222,36914,1,0
222,36915,0,0
222,36916,1,0
222,36917,1,3
222,36918,0,0
222,36919,1,0
222,36920,0,0
222,36921,0,0
222,36922,0,0
222,36923,0,0
222,36924,0,0
222,36925,0,0
222,36926,0,0
222,36927,0,0
222,36928,0,0
222,36929,0,0
222,36930,0,0
222,36931,0,0
222,36932,0,0
222,36933,0,0
222,36934,0,0
222,36935,0,0
222,36936,0,0
222,36937,0,0
222,36938,1,0
222,36939,0,0
222,36940,1,0
222,36941,0,0
222,36942,0,0
222,36943,1,0
222,36944,0,0
222,36945,0,0
222,36946,0,0
222,36947,0,0
222,36948,0,0
222,36949,0,0
222,36950,0,0
222,36951,0,0
222,36952,0,0
222,36953,0,0
222,36954,0,0
222,36955,0,0
222,36956,0,0
222,36957,0,0
222,36958,0,0
222,36959,0,0
222,36960,0,0
222,36961,0,0
222,36962,0,0
222,36963,0,0
222,36964,0,0
222,36965,0,0
222,36966,0,0
222,36967,0,0
222,36968,0,0
222,36969,0,0
222,36970,0,0
222,36971,0,0
222,36972,0,0
222,36973,1,0
222,36974,0,0
222,36975,1,0
222,36976,0,0
222,36977,0,0
222,36978,1,0
222,36979,0,0
222,36980,1,0
222,36981,0,0
222,36982,0,0
222,36983,1,0
222,36984,0,0
222,36985,0,0
222,36986,0,0
222,36987,0,0
222,36988,0,0
222,36989,0,0
222,36990,0,0
222,36991,0,0
222,36992,0,0
222,36993,0,0
222,36994,0,0
222,36995,0,0
222,36996,0,0
222,36997,0,0
222,36998,0,0
222,36999,0,0
222,37000,0,0
222,37001,0,0
222,37002,0,0
222,37003,0,0
222,37004,0,0
222,37005,0,0
222,37006,0,0
222,37007,0,0
222,37008,0,0
222,37009,0,0
222,37010,0,0
222,37011,0,0
222,37012,0,0
222,37013,0,0
222,37014,0,0
222,37015,0,0
222,37016,0,0
222,37017,1,0
222,37018,0,0
222,37019,0,0
222,37020,0,0
222,37021,0,0
222,37022,0,0
222,37023,0,0
222,37024,0,0
222,37025,0,0
222,37026,0,0
222,37027,0,0
222,37028,0,0
222,37029,0,0
222,37030,0,0
222,37031,0,0
222,37032,1,0
222,37033,0,0
222,37034,1,0
222,37035,0,0
222,37036,0,0
222,37037,0,0
222,37038,0,0
222,37039,1,1
222,37040,0,0
222,37041,0,0
222,37042,0,0
222,37043,0,0
222,37044,0,0
222,37045,0,0
222,37046,0,0
222,37047,0,0
222,37048,0,0
222,37049,0,0
222,37050,0,0
222,37051,0,0
222,37052,0,0
222,37053,0,0
222,37054,0,0
222,37055,0,0
222,37056,0,0
222,37057,0,0
222,37058,0,0
222,37059,0,0
222,37060,0,0
222,37061,1,3
222,37062,0,0
222,37063,1,0
222,37064,1,0
222,37065,0,0
222,37066,1,3
222,37067,1,0
222,37068,1,0
222,37069,0,0
222,37070,1,3
222,37071,0,0
222,37072,0,0
222,37073,0,0
222,37074,0,0
222,37075,0,0
222,37076,0,0
222,37077,0,0
222,37078,0,0
222,37079,0,0
222,37080,0,0
222,37081,1,3
222,37082,0,0
222,37083,1,0
222,37084,1,0
222,37085,0,0
222,37086,1,0
222,37087,0,0
222,37088,0,2
222,37089,0,0
222,37090,0,0
222,37091,0,0
222,37092,0,0
222,37093,0,0
222,37094,0,0
222,37095,0,0
222,37096,0,0
222,37097,0,0
222,37098,0,0
222,37099,0,0
222,37100,0,0
222,37101,0,0
222,37102,0,0
222,37103,0,0
222,37104,1,0
222,37105,0,0
222,37106,0,0
222,37107,0,0
222,37108,0,0
222,37109,0,0
222,37110,0,0
222,37111,0,0
222,37112,0,0
222,37113,0,0
222,37114,0,0
222,37115,0,0
222,37116,0,0
222,37117,0,0
222,37118,0,0
222,37119,0,0
222,37120,0,0
222,37121,1,0
222,37122,0,0
222,37123,1,0
222,37124,0,0
222,37125,0,0
222,37126,1,3
222,37127,0,0
222,37128,0,1
222,37129,0,1
222,37130,0,0
222,37131,0,0
222,37132,0,0
222,37133,0,0
222,37134,0,0
222,37135,0,0
222,37136,0,0
222,37137,0,0
222,37138,0,0
222,37139,0,1
222,37140,0,0
222,37141,0,0
222,37142,0,0
222,37143,0,0
222,37144,1,0
222,37145,0,0
222,37146,0,0
222,37147,1,0
222,37148,0,0
222,37149,0,0
222,37150,0,0
222,37151,0,0
222,37152,0,0
222,37153,0,0
222,37154,0,0
222,37155,0,0
222,37156,0,0
222,37157,0,1
222,37158,0,0
222,37159,0,0
222,37160,0,0
222,37161,0,0
222,37162,0,0
222,37163,0,0
222,37164,0,0
222,37165,0,0
222,37166,0,0
222,37167,0,0
222,37168,0,0
222,37169,0,0
222,37170,0,0
222,37171,0,0
222,37172,0,0
222,37173,0,0
222,37174,0,0
222,37175,0,0
222,37176,0,0
222,37177,0,0
222,37178,0,0
222,37179,0,0
222,37180,0,0
222,37181,0,0
222,37182,0,0
222,37183,0,0
222,37184,0,0
222,37185,0,0
222,37186,0,0
222,37187,0,0
222,37188,0,0
222,37189,1,0
222,37190,0,0
222,37191,0,1
222,37192,0,3
222,37193,0,0
222,37194,0,1
222,37195,0,0
222,37196,0,0
222,37197,0,0
222,37198,0,0
222,37199,0,0
222,37200,0,0
222,37201,0,0
222,37202,0,0
222,37203,0,0
222,37204,0,0
222,37205,0,0
222,37206,0,0
222,37207,0,0
222,37208,1,0
222,37209,0,0
222,37210,0,0
222,37211,0,0
222,37212,0,0
222,37213,0,0
222,37214,0,0
222,37215,0,0
222,37216,0,0
222,37217,0,0
222,37218,0,0
222,37219,0,0
222,37220,0,0
222,37221,0,0
222,37222,0,0
222,37223,0,0
222,37224,0,0
222,37225,0,0
222,37226,0,0
222,37227,0,0
222,37228,0,0
222,37229,0,0
222,37230,0,0
222,37231,0,0
222,37232,0,0
222,37233,0,0
222,37234,0,0
222,37235,0,0
222,37236,0,0
222,37237,0,0
222,37238,0,0
222,37239,0,0
222,37240,0,0
222,37241,0,0
222,37242,0,0
222,37243,0,0
222,37244,0,0
222,37245,0,0
222,37246,0,0
222,37247,0,0
222,37248,0,0
222,37249,0,0
222,37250,0,0
222,37251,0,0
222,37252,0,0
222,37253,0,0
222,37254,0,0
222,37255,0,0
222,37256,0,0
222,37257,0,0
222,37258,0,0
222,37259,0,0
222,37260,0,0
222,37261,0,0
222,37262,0,0
222,37263,0,0
222,37264,0,0
222,37265,0,0
222,37266,0,0
222,37267,0,0
222,37268,0,0
222,37269,0,0
222,37270,0,0
222,37271,0,0
222,37272,0,0
222,37273,0,0
222,37274,0,0
222,37275,0,0
222,37276,0,0
222,37277,0,0
222,37278,0,0
222,37279,0,0
222,37280,0,0
222,37281,0,0
222,37282,0,0
222,37283,0,0
222,37284,0,0
222,37285,0,0
222,37286,0,0
222,37287,0,0
222,37288,0,0
222,37289,0,0
222,37290,0,0
222,37291,0,0
222,37292,0,0
222,37293,0,0
222,37294,0,0
222,37295,0,0
222,37296,0,0
222,37297,0,0
222,37298,0,0
222,37299,0,0
222,37300,0,0
222,37301,0,0
222,37302,0,0
222,37303,0,0
222,37304,0,0
222,37305,0,0
222,37306,0,0
222,37307,0,0
222,37308,0,0
222,37309,0,0
222,37310,0,0
222,37311,0,2
222,37312,0,0
222,37313,0,0
222,37314,0,0
222,37315,0,0
222,37316,0,0
222,37317,0,0
222,37318,0,0
222,37319,0,0
222,37320,0,0
222,37321,0,0
222,37322,0,2
222,37323,0,0
222,37324,0,0
222,37325,0,0
222,37326,0,0
222,37327,0,0
222,37328,0,0
222,37329,0,0
222,37330,0,0
222,37331,0,0
222,37332,0,0
222,37333,0,0
222,37334,0,0
222,37335,0,0
222,37336,0,0
222,37337,0,0
222,37338,0,0
222,37339,0,0
222,37340,0,0
222,37341,0,0
222,37342,0,0
222,37343,0,0
222,37344,0,0
222,37345,0,0
222,37346,0,1
222,37347,0,0
222,37348,0,0
222,37349,0,0
222,37350,0,0
222,37351,0,0
222,37352,0,0
222,37353,0,0
222,37354,0,0
222,37355,0,0
222,37356,0,0
222,37357,0,1
222,37358,0,0
222,37359,0,0
222,37360,0,0
222,37361,0,0
222,37362,0,0
222,37363,0,0
222,37364,0,0
222,37365,0,0
222,37366,0,0
222,37367,0,0
222,37368,0,0
222,37369,0,0
222,37370,0,0
222,37371,0,0
222,37372,0,0
222,37373,0,0
222,37374,0,0
222,37375,0,0
222,37376,0,0
222,37377,0,0
222,37378,0,0
222,37379,0,0
222,37380,0,0
222,37381,0,0
222,37382,0,0
222,37383,0,0
222,37384,0,0
222,37385,0,0
222,37386,0,0
222,37387,0,0
222,37388,0,0
222,37389,0,0
222,37390,0,0
222,37391,1,0
222,37392,0,0
222,37393,0,0
222,37394,1,0
222,37395,0,0
222,37396,1,0
222,37397,0,0
222,37398,1,0
222,37399,0,0
222,37400,0,0
222,37401,0,0
222,37402,0,0
222,37403,1,0
222,37404,0,0
222,37405,0,0
222,37406,0,0
222,37407,0,0
222,37408,0,0
222,37409,0,0
222,37410,0,0
222,37411,0,0
222,37412,0,0
222,37413,0,0
222,37414,0,0
222,37415,0,0
222,37416,0,0
222,37417,0,0
222,37418,0,0
222,37419,0,0
222,37420,0,0
222,37421,0,0
222,37422,0,0
222,37423,0,0
222,37424,0,0
222,37425,0,0
222,37426,0,0
222,37427,0,0
222,37428,0,0
222,37429,0,0
222,37430,0,0
222,37431,0,0
222,37432,0,0
222,37433,0,0
222,37434,0,0
222,37435,0,0
222,37436,0,0
222,37437,0,0
222,37438,0,0
222,37439,0,0
222,37440,0,0
222,37441,0,0
222,37442,1,0
222,37443,0,0
222,37444,1,0
222,37445,0,0
222,37446,0,0
222,37447,0,0
222,37448,0,0
222,37449,1,0
222,37450,0,0
222,37451,0,0
222,37452,0,0
222,37453,0,0
222,37454,0,0
222,37455,1,3
222,37456,0,0
222,37457,1,0
222,37458,0,0
222,37459,0,0
222,37460,0,0
222,37461,0,0
222,37462,0,0
222,37463,0,0
222,37464,0,0
222,37465,0,0
222,37466,0,0
222,37467,0,0
222,37468,0,0
222,37469,0,0
222,37470,0,0
222,37471,0,0
222,37472,0,0
222,37473,1,0
222,37474,0,0
222,37475,0,0
222,37476,0,0
222,37477,1,0
222,37478,0,0
222,37479,0,0
222,37480,0,0
222,37481,0,0
222,37482,1,0
222,37483,0,0
222,37484,1,0
222,37485,0,0
222,37486,1,0
222,37487,0,0
222,37488,1,0
222,37489,0,0
222,37490,1,0
222,37491,0,0
222,37492,1,0
222,37493,0,0
222,37494,1,0
222,37495,0,0
222,37496,1,0
222,37497,0,0
222,37498,1,0
222,37499,0,0
222,37500,1,0
222,37501,0,0
222,37502,1,0
222,37503,0,0
222,37504,1,2
222,37505,0,0
222,37506,1,0
222,37507,0,0
222,37508,1,0
222,37509,0,0
222,37510,1,0
222,37511,0,0
222,37512,0,0
222,37513,0,0
222,37514,1,0
222,37515,1,0
222,37516,0,0
222,37517,1,0
222,37518,0,0
222,37519,1,2
222,37520,0,0
222,37521,1,0
222,37522,0,0
222,37523,1,0
222,37524,0,0
222,37525,1,0
222,37526,0,0
222,37527,1,0
222,37528,0,0
222,37529,1,0
222,37530,0,0
222,37531,1,0
222,37532,0,0
222,37533,1,0
222,37534,1,3
222,37535,0,0
222,37536,1,0
222,37537,0,0
222,37538,1,0
222,37539,0,0
222,37540,1,0
222,37541,0,0
222,37542,1,0
222,37543,0,0
222,37544,1,0
222,37545,0,0
222,37546,1,0
222,37547,0,0
222,37548,1,0
222,37549,1,0
222,37550,0,0
222,37551,1,0
222,37552,0,0
222,37553,1,0
222,37554,0,0
222,37555,1,0
222,37556,0,0
222,37557,1,0
222,37558,0,0
222,37559,1,0
222,37560,0,0
222,37561,1,3
222,37562,0,0
222,37563,1,0
222,37564,0,0
222,37565,1,2
222,37566,0,0
222,37567,1,0
222,37568,0,0
222,37569,1,3
222,37570,0,0
222,37571,1,0
222,37572,0,0
222,37573,0,0
222,37574,0,0
222,37575,0,0
222,37576,0,0
222,37577,0,0
222,37578,0,0
222,37579,0,0
222,37580,0,0
222,37581,0,0
222,37582,0,0
222,37583,0,0
222,37584,0,0
222,37585,0,0
222,37586,0,0
222,37587,0,0
222,37588,0,0
222,37589,0,0
222,37590,0,0
222,37591,1,0
222,37592,0,0
222,37593,1,3
222,37594,1,0
222,37595,0,0
222,37596,1,0
222,37597,1,0
222,37598,0,0
222,37599,1,3
222,37600,0,0
222,37601,0,0
222,37602,0,0
222,37603,0,0
222,37604,0,0
222,37605,0,0
222,37606,0,0
222,37607,0,0
222,37608,0,0
222,37609,0,0
222,37610,0,0
222,37611,0,0
222,37612,0,0
222,37613,1,0
222,37614,1,0
222,37615,0,0
222,37616,1,0
222,37617,0,0
222,37618,0,0
222,37619,1,2
222,37620,1,0
222,37621,0,0
222,37622,1,1
222,37623,0,2
222,37624,0,0
222,37625,0,0
222,37626,0,0
222,37627,0,0
222,37628,0,0
222,37629,0,0
222,37630,0,0
222,37631,0,0
222,37632,0,0
222,37633,0,1
222,37634,0,0
222,37635,0,0
222,37636,0,0
222,37637,0,0
222,37638,0,0
222,37639,0,0
222,37640,0,0
222,37641,0,0
222,37642,0,0
222,37643,1,0
222,37644,0,0
222,37645,1,0
222,37646,1,3
222,37647,1,0
222,37648,0,0
222,37649,0,0
222,37650,0,0
222,37651,0,0
222,37652,0,0
222,37653,0,0
222,37654,0,0
222,37655,0,0
222,37656,0,0
222,37657,0,0
222,37658,0,0
222,37659,0,0
222,37660,0,0
222,37661,0,0
222,37662,0,0
222,37663,0,0
222,37664,0,0
222,37665,0,0
222,37666,0,0
222,37667,1,0
222,37668,1,0
222,37669,0,0
222,37670,0,0
222,37671,1,0
222,37672,0,0
222,37673,0,0
222,37674,0,0
222,37675,0,0
222,37676,0,0
222,37677,0,0
222,37678,0,0
222,37679,0,0
222,37680,1,0
222,37681,1,0
222,37682,1,0
222,37683,1,0
222,37684,0,0
222,37685,0,0
222,37686,0,0
222,37687,0,0
222,37688,0,1
222,37689,1,1
222,37690,1,0
222,37691,0,0
222,37692,0,0
222,37693,1,0
222,37694,1,0
222,37695,1,0
222,37696,0,0
222,37697,0,0
222,37698,0,0
222,37699,0,0
222,37700,0,0
222,37701,0,0
222,37702,0,0
222,37703,0,0
222,37704,1,0
222,37705,0,0
222,37706,1,0
222,37707,0,0
222,37708,1,1
222,37709,1,0
222,37710,0,0
222,37711,1,0
222,37712,1,0
222,37713,0,0
222,37714,1,0
222,37715,1,0
222,37716,0,0
222,37717,1,0
222,37718,0,0
222,37719,1,0
222,37720,1,0
222,37721,0,0
222,37722,1,1
222,37723,1,0
222,37724,1,0
222,37725,1,0
222,37726,0,0
222,37727,0,0
222,37728,0,0
222,37729,0,0
222,37730,1,1
222,37731,0,0
222,37732,0,0
222,37733,0,0
222,37734,0,1
222,37735,0,0
222,37736,0,0
222,37737,0,0
222,37738,0,3
222,37739,0,0
222,37740,0,0
222,37741,0,0
222,37742,0,0
222,37743,0,0
222,37744,0,0
222,37745,0,0
222,37746,0,0
222,37747,1,0
222,37748,0,0
222,37749,0,0
222,37750,0,0
222,37751,0,0
222,37752,0,0
222,37753,0,0
222,37754,0,0
222,37755,0,0
222,37756,0,0
222,37757,0,0
222,37758,0,0
222,37759,0,0
222,37760,0,0
222,37761,0,0
222,37762,0,0
222,37763,0,0
222,37764,0,0
222,37765,1,3
222,37766,0,0
222,37767,1,0
222,37768,0,0
222,37769,1,0
222,37770,0,0
222,37771,0,0
222,37772,0,0
222,37773,0,0
222,37774,0,0
222,37775,0,0
222,37776,0,0
222,37777,0,0
222,37778,0,0
222,37779,0,0
222,37780,0,0
222,37781,0,0
222,37782,0,0
222,37783,0,0
222,37784,0,0
222,37785,0,0
222,37786,1,0
222,37787,0,0
222,37788,1,0
222,37789,0,0
222,37790,1,0
222,37791,0,0
222,37792,0,0
222,37793,0,0
222,37794,0,0
222,37795,0,0
222,37796,0,0
222,37797,0,0
222,37798,0,0
222,37799,0,0
222,37800,0,0
222,37801,0,0
222,37802,0,0
222,37803,0,0
222,37804,0,0
222,37805,0,0
222,37806,0,0
222,37807,0,0
222,37808,1,3
222,37809,0,0
222,37810,0,0
222,37811,0,0
222,37812,0,0
222,37813,0,0
222,37814,0,0
222,37815,0,0
222,37816,0,0
222,37817,0,0
222,37818,0,0
222,37819,0,0
222,37820,0,0
222,37821,0,0
222,37822,0,0
222,37823,0,0
222,37824,0,0
222,37825,1,3
222,37826,0,0
222,37827,0,0
222,37828,1,0
222,37829,0,1
222,37830,0,2
222,37831,0,0
222,37832,0,0
222,37833,0,0
222,37834,0,0
222,37835,0,0
222,37836,0,0
222,37837,0,0
222,37838,0,0
222,37839,0,0
222,37840,0,0
222,37841,0,0
222,37842,0,0
222,37843,1,1
222,37844,0,0
222,37845,0,0
222,37846,1,0
222,37847,0,0
222,37848,0,0
222,37849,0,0
222,37850,0,0
222,37851,0,0
222,37852,0,0
222,37853,0,0
222,37854,0,0
222,37855,0,0
222,37856,0,0
222,37857,0,0
222,37858,0,0
222,37859,0,0
222,37860,0,0
222,37861,0,0
222,37862,0,0
222,37863,0,0
222,37864,0,0
222,37865,0,0
222,37866,1,0
222,37867,1,0
222,37868,0,0
222,37869,1,0
222,37870,0,0
222,37871,1,0
222,37872,0,0
222,37873,0,0
222,37874,0,0
222,37875,1,0
222,37876,0,0
222,37877,0,3
222,37878,0,0
222,37879,0,0
222,37880,0,0
222,37881,0,0
222,37882,0,0
222,37883,1,0
222,37884,0,0
222,37885,0,0
222,37886,0,0
222,37887,0,0
222,37888,0,0
222,37889,0,0
222,37890,0,0
222,37891,0,0
222,37892,1,0
222,37893,1,0
222,37894,0,0
222,37895,1,0
222,37896,0,0
222,37897,0,0
222,37898,0,0
222,37899,0,0
222,37900,0,0
222,37901,0,0
222,37902,0,0
222,37903,0,0
222,37904,0,0
222,37905,0,0
222,37906,0,0
222,37907,1,0
222,37908,1,0
222,37909,0,0
222,37910,1,0
222,37911,0,0
222,37912,0,0
222,37913,0,0
222,37914,0,0
222,37915,0,0
222,37916,0,1
222,37917,0,0
222,37918,0,0
222,37919,0,0
222,37920,0,0
222,37921,0,0
222,37922,0,0
222,37923,1,0
222,37924,0,0
222,37925,0,3
222,37926,0,0
222,37927,0,0
222,37928,0,0
222,37929,0,0
222,37930,0,1
222,37931,0,0
222,37932,0,0
222,37933,0,0
222,37934,1,1
222,37935,0,0
222,37936,0,0
222,37937,0,0
222,37938,0,0
222,37939,0,0
222,37940,0,0
222,37941,0,0
222,37942,0,0
222,37943,0,0
222,37944,0,0
222,37945,0,0
222,37946,0,0
222,37947,0,0
222,37948,0,0
222,37949,0,0
222,37950,0,1
222,37951,0,0
222,37952,0,0
222,37953,0,0
222,37954,0,0
222,37955,0,0
222,37956,0,0
222,37957,0,0
222,37958,0,0
222,37959,1,0
222,37960,1,0
222,37961,0,0
222,37962,0,0
222,37963,0,0
222,37964,0,0
222,37965,0,0
222,37966,0,0
222,37967,0,0
222,37968,0,0
222,37969,0,0
222,37970,0,2
222,37971,0,0
222,37972,0,3
222,37973,0,0
222,37974,0,0
222,37975,0,0
222,37976,0,0
222,37977,0,0
222,37978,0,0
222,37979,0,0
222,37980,0,0
222,37981,0,0
222,37982,0,0
222,37983,0,0
222,37984,0,0
222,37985,0,0
222,37986,0,0
222,37987,0,0
222,37988,0,0
222,37989,0,0
222,37990,0,0
222,37991,0,0
222,37992,0,0
222,37993,0,0
222,37994,0,0
222,37995,0,0
222,37996,0,0
222,37997,0,0
222,37998,0,0
222,37999,0,0
222,38000,0,0
222,38001,0,0
222,38002,0,0
222,38003,0,0
222,38004,0,0
222,38005,0,0
222,38006,0,0
222,38007,0,0
222,38008,0,0
222,38009,0,0
222,38010,0,0
222,38011,0,0
222,38012,0,0
222,38013,0,0
222,38014,1,3
222,38015,0,0
222,38016,0,0
222,38017,0,0
222,38018,0,0
222,38019,0,0
222,38020,0,0
222,38021,0,0
222,38022,0,0
222,38023,0,0
222,38024,0,0
222,38025,0,0
222,38026,0,1
222,38027,0,0
222,38028,0,0
222,38029,0,0
222,38030,0,0
222,38031,0,0
222,38032,0,0
222,38033,0,0
222,38034,0,0
222,38035,0,0
222,38036,0,0
222,38037,0,0
222,38038,0,0
222,38039,0,0
222,38040,0,0
222,38041,0,0
222,38042,0,0
222,38043,0,0
222,38044,0,0
222,38045,0,0
222,38046,0,0
222,38047,0,0
222,38048,0,0
222,38049,0,0
222,38050,0,0
222,38051,0,0
222,38052,0,0
222,38053,0,0
222,38054,0,0
222,38055,0,0
222,38056,0,0
222,38057,0,0
222,38058,0,0
222,38059,0,0
222,38060,0,0
222,38061,0,0
222,38062,0,0
222,38063,1,0
222,38064,0,0
222,38065,0,0
222,38066,0,0
222,38067,0,0
222,38068,0,0
222,38069,0,0
222,38070,0,0
222,38071,0,0
222,38072,0,0
222,38073,0,0
222,38074,0,0
222,38075,0,0
222,38076,0,0
222,38077,0,0
222,38078,0,0
222,38079,0,0
222,38080,0,0
222,38081,0,0
222,38082,0,0
222,38083,0,0
222,38084,0,0
222,38085,0,0
222,38086,0,0
222,38087,0,0
222,38088,1,3
222,38089,0,0
222,38090,0,0
222,38091,0,0
222,38092,0,0
222,38093,0,0
222,38094,0,0
222,38095,0,0
222,38096,0,0
222,38097,0,0
222,38098,0,0
222,38099,0,0
222,38100,1,3
222,38101,1,0
222,38102,0,0
222,38103,0,0
222,38104,1,0
222,38105,0,0
222,38106,0,0
222,38107,0,0
222,38108,0,0
222,38109,0,0
222,38110,0,0
222,38111,0,0
222,38112,0,0
222,38113,0,0
222,38114,0,0
222,38115,0,0
222,38116,0,0
222,38117,0,0
222,38118,0,0
222,38119,0,0
222,38120,0,0
222,38121,0,0
222,38122,0,0
222,38123,0,0
222,38124,0,0
222,38125,0,0
222,38126,0,0
222,38127,0,0
222,38128,0,0
222,38129,0,0
222,38130,0,0
222,38131,0,0
222,38132,0,0
222,38133,0,0
222,38134,0,0
222,38135,0,0
222,38136,0,0
222,38137,0,0
222,38138,0,0
222,38139,0,0
222,38140,0,0
222,38141,0,0
222,38142,0,0
222,38143,0,0
222,38144,0,0
222,38145,0,0
222,38146,0,0
222,38147,0,0
222,38148,0,0
222,38149,0,0
222,38150,0,0
222,38151,0,0
222,38152,0,0
222,38153,0,0
222,38154,0,0
222,38155,0,0
222,38156,0,0
222,38157,0,0
222,38158,0,0
222,38159,0,0
222,38160,0,0
222,38161,0,0
222,38162,0,0
222,38163,0,0
222,38164,0,0
222,38165,0,0
222,38166,0,0
222,38167,0,0
222,38168,0,0
222,38169,0,0
222,38170,0,0
222,38171,0,0
222,38172,0,0
222,38173,0,0
222,38174,0,0
222,38175,0,0
222,38176,0,0
222,38177,0,0
222,38178,0,0
222,38179,0,0
222,38180,0,0
222,38181,0,0
222,38182,0,0
222,38183,0,0
222,38184,0,0
222,38185,0,0
222,38186,0,0
222,38187,0,0
222,38188,0,0
222,38189,0,0
222,38190,0,0
222,38191,0,3
222,38192,0,0
222,38193,0,0
222,38194,0,0
222,38195,0,1
222,38196,0,0
222,38197,0,0
222,38198,0,0
222,38199,0,0
222,38200,0,0
222,38201,0,0
222,38202,0,0
222,38203,0,0
222,38204,0,0
222,38205,0,0
222,38206,0,0
222,38207,0,0
222,38208,0,0
222,38209,0,0
222,38210,0,0
222,38211,0,0
222,38212,0,0
222,38213,0,0
222,38214,0,0
222,38215,0,0
222,38216,0,0
222,38217,0,0
222,38218,0,0
222,38219,0,0
222,38220,0,0
222,38221,0,0
222,38222,0,0
222,38223,0,0
222,38224,0,0
222,38225,0,0
222,38226,0,0
222,38227,0,0
222,38228,0,0
222,38229,0,0
222,38230,0,0
222,38231,0,0
222,38232,0,0
222,38233,0,0
222,38234,0,0
222,38235,0,0
222,38236,0,0
222,38237,0,0
222,38238,0,0
222,38239,0,0
222,38240,0,0
222,38241,0,0
222,38242,0,0
222,38243,0,0
222,38244,0,0
222,38245,0,0
222,38246,0,0
222,38247,0,0
222,38248,0,0
222,38249,0,0
222,38250,0,0
222,38251,0,0
222,38252,0,0
222,38253,0,0
222,38254,0,0
222,38255,0,0
222,38256,0,0
222,38257,0,0
222,38258,0,0
222,38259,0,0
222,38260,0,0
222,38261,0,0
222,38262,0,0
222,38263,0,0
222,38264,0,0
222,38265,0,0
222,38266,0,0
222,38267,0,0
222,38268,0,0
222,38269,0,0
222,38270,0,0
222,38271,0,0
222,38272,0,0
222,38273,0,0
222,38274,0,0
222,38275,0,0
222,38276,0,0
222,38277,0,0
222,38278,0,0
222,38279,0,0
222,38280,0,0
222,38281,0,0
222,38282,0,0
222,38283,0,0
222,38284,0,0
222,38285,0,1
222,38286,0,0
222,38287,0,0
222,38288,0,0
222,38289,0,0
222,38290,0,0
222,38291,0,0
222,38292,0,0
222,38293,0,0
222,38294,0,0
222,38295,0,0
222,38296,0,1
222,38297,0,1
222,38298,0,0
222,38299,0,0
222,38300,0,0
222,38301,0,0
222,38302,0,0
222,38303,0,0
222,38304,0,0
222,38305,0,0
222,38306,0,0
222,38307,0,0
222,38308,0,0
222,38309,0,0
222,38310,0,1
222,38311,0,0
222,38312,0,0
222,38313,0,0
222,38314,0,0
222,38315,0,0
222,38316,0,0
222,38317,0,0
222,38318,0,0
222,38319,0,0
222,38320,0,0
222,38321,0,0
222,38322,0,0
222,38323,0,0
222,38324,0,0
222,38325,0,0
222,38326,0,0
222,38327,0,0
222,38328,0,0
222,38329,0,0
222,38330,0,0
222,38331,0,0
222,38332,0,0
222,38333,0,0
222,38334,0,0
222,38335,0,0
222,38336,0,0
222,38337,0,0
222,38338,0,0
222,38339,0,0
222,38340,0,0
222,38341,0,0
222,38342,0,0
222,38343,0,0
222,38344,0,0
222,38345,0,0
222,38346,0,1
222,38347,0,0
222,38348,0,0
222,38349,0,0
222,38350,0,0
222,38351,0,0
222,38352,0,0
222,38353,0,0
222,38354,0,0
222,38355,0,0
222,38356,0,0
222,38357,0,0
222,38358,0,0
222,38359,0,0
222,38360,0,0
222,38361,0,0
222,38362,0,0
222,38363,0,0
222,38364,0,0
222,38365,0,0
222,38366,0,0
222,38367,0,0
222,38368,0,0
222,38369,0,0
222,38370,0,0
222,38371,0,0
222,38372,0,0
222,38373,0,0
222,38374,0,0
222,38375,0,0
222,38376,0,0
222,38377,0,0
222,38378,0,0
222,38379,0,0
222,38380,0,0
222,38381,0,0
222,38382,0,0
222,38383,0,0
222,38384,0,2
222,38385,0,0
222,38386,0,0
222,38387,0,0
222,38388,0,0
222,38389,0,0
222,38390,0,0
222,38391,0,0
222,38392,0,0
222,38393,0,0
222,38394,0,0
222,38395,0,0
222,38396,0,0
222,38397,0,0
222,38398,0,0
222,38399,0,0
222,38400,0,0
222,38401,0,0
222,38402,0,0
222,38403,0,3
222,38404,0,0
222,38405,0,0
222,38406,0,0
222,38407,0,0
222,38408,0,0
222,38409,0,0
222,38410,0,0
222,38411,0,0
222,38412,0,0
222,38413,0,0
222,38414,0,0
222,38415,0,0
222,38416,0,0
222,38417,0,0
222,38418,0,0
222,38419,0,0
222,38420,0,0
222,38421,0,0
222,38422,0,0
222,38423,0,0
222,38424,0,0
222,38425,0,0
222,38426,0,0
222,38427,0,0
222,38428,0,0
222,38429,0,0
222,38430,0,0
222,38431,0,0
222,38432,0,1
222,38433,0,0
222,38434,0,0
222,38435,0,0
222,38436,0,0
222,38437,0,0
222,38438,0,0
222,38439,0,0
222,38440,0,0
222,38441,0,0
222,38442,0,0
222,38443,0,0
222,38444,0,0
222,38445,0,0
222,38446,0,0
222,38447,0,0
222,38448,0,0
222,38449,0,0
222,38450,0,0
222,38451,0,0
228,38452,0,0
228,38453,0,0
228,38454,0,0
228,38455,0,0
228,38456,0,0
228,38457,0,0
228,38458,0,0
228,38459,0,0
228,38460,0,0
228,38461,0,0
228,38462,0,0
228,38463,0,0
228,38464,0,0
228,38465,0,0
228,38466,0,0
228,38467,0,0
228,38468,0,0
228,38469,0,0
228,38470,0,0
228,38471,0,0
228,38472,0,0
228,38473,2,2
228,38474,0,0
228,38475,2,2
228,38476,0,0
228,38477,2,2
228,38478,0,0
228,38479,2,2
228,38480,0,0
228,38481,2,2
228,38482,0,0
228,38483,2,2
228,38484,0,0
228,38485,2,2
228,38486,0,0
228,38487,2,2
228,38488,0,0
228,38489,2,2
228,38490,0,0
228,38491,2,2
228,38492,0,0
228,38493,2,2
228,38494,0,0
228,38495,0,0
228,38496,0,0
228,38497,0,0
228,38498,0,0
228,38499,0,0
228,38500,0,0
228,38501,0,0
228,38502,0,0
228,38503,0,0
228,38504,0,0
228,38505,0,0
228,38506,0,0
228,38507,0,0
228,38508,0,0
228,38509,0,0
228,38510,0,0
228,38511,0,0
228,38512,0,0
228,38513,0,0
228,38514,2,0
228,38515,0,0
228,38516,0,0
228,38517,0,0
228,38518,2,2
228,38519,2,2
228,38520,0,0
228,38521,0,0
228,38522,0,0
228,38523,0,0
228,38524,0,0
228,38525,0,0
228,38526,0,0
228,38527,2,2
228,38528,0,0
228,38529,0,0
228,38530,0,0
228,38531,2,2
228,38532,0,0
228,38533,2,2
228,38534,0,0
228,38535,0,0
228,38536,0,0
228,38537,0,0
228,38538,0,0
228,38539,0,0
228,38540,0,0
228,38541,0,0
228,38542,0,0
228,38543,0,0
228,38544,0,0
228,38545,0,0
228,38546,0,0
228,38547,0,0
228,38548,0,0
228,38549,0,0
228,38550,2,2
228,38551,0,0
228,38552,0,0
228,38553,0,0
228,38554,0,0
228,38555,0,0
228,38556,0,0
228,38557,2,2
228,38558,0,0
228,38559,2,2
228,38560,0,0
228,38561,0,0
228,38562,0,0
228,38563,2,2
228,38564,0,0
228,38565,2,2
228,38566,0,0
228,38567,2,0
228,38568,0,0
228,38569,2,2
228,38570,0,0
228,38571,2,2
228,38572,0,0
228,38573,2,2
228,38574,0,0
228,38575,2,2
228,38576,0,0
228,38577,2,2
228,38578,0,0
228,38579,2,2
228,38580,0,0
228,38581,2,2
228,38582,0,0
228,38583,2,2
228,38584,0,0
228,38585,2,0
228,38586,0,0
228,38587,0,0
228,38588,0,0
228,38589,0,0
228,38590,0,0
228,38591,0,0
228,38592,0,0
228,38593,0,0
228,38594,0,0
228,38595,0,0
228,38596,0,0
228,38597,0,0
228,38598,0,0
228,38599,0,0
228,38600,0,0
228,38601,0,0
228,38602,2,2
228,38603,0,0
228,38604,2,2
228,38605,0,0
228,38606,2,2
228,38607,0,0
228,38608,0,0
228,38609,0,0
228,38610,0,0
228,38611,0,0
228,38612,0,0
228,38613,0,0
228,38614,0,0
228,38615,0,0
228,38616,0,0
228,38617,0,0
228,38618,0,0
228,38619,0,0
228,38620,2,0
228,38621,0,0
228,38622,2,2
228,38623,0,0
228,38624,2,2
228,38625,0,0
228,38626,0,0
228,38627,0,0
228,38628,2,2
228,38629,0,0
228,38630,0,0
228,38631,0,0
228,38632,0,0
228,38633,0,0
228,38634,2,3
228,38635,0,0
228,38636,0,0
228,38637,0,0
228,38638,0,0
228,38639,2,3
228,38640,0,0
228,38641,0,0
228,38642,0,3
228,38643,2,2
228,38644,0,0
228,38645,0,0
228,38646,0,0
228,38647,0,0
228,38648,0,0
228,38649,2,0
228,38650,0,0
228,38651,2,3
228,38652,0,0
228,38653,0,0
228,38654,0,0
228,38655,0,0
228,38656,0,0
228,38657,0,2
228,38658,0,0
228,38659,0,0
228,38660,0,0
228,38661,0,0
228,38662,0,0
228,38663,0,0
228,38664,0,0
228,38665,2,2
228,38666,0,0
228,38667,0,0
228,38668,0,0
228,38669,0,0
228,38670,0,1
228,38671,0,0
228,38672,0,0
228,38673,0,0
228,38674,0,0
228,38675,0,0
228,38676,0,0
228,38677,2,2
228,38678,0,0
228,38679,0,0
228,38680,0,0
228,38681,0,0
228,38682,0,0
228,38683,0,0
228,38684,0,0
228,38685,0,0
228,38686,2,3
228,38687,0,0
228,38688,0,0
228,38689,0,0
228,38690,0,0
228,38691,0,0
228,38692,0,0
228,38693,0,0
228,38694,2,0
228,38695,0,0
228,38696,0,0
228,38697,0,0
228,38698,0,0
228,38699,0,0
228,38700,0,0
228,38701,0,0
228,38702,0,0
228,38703,0,0
228,38704,2,2
228,38705,0,0
228,38706,2,0
228,38707,0,0
228,38708,0,0
228,38709,0,0
228,38710,2,2
228,38711,0,0
228,38712,0,0
228,38713,0,0
228,38714,0,0
228,38715,0,0
228,38716,0,0
228,38717,0,0
228,38718,0,0
228,38719,2,2
228,38720,0,0
228,38721,2,2
228,38722,0,0
228,38723,0,0
228,38724,0,0
228,38725,0,0
228,38726,0,0
228,38727,2,2
228,38728,0,0
228,38729,0,0
228,38730,0,0
228,38731,0,0
228,38732,0,0
228,38733,0,0
228,38734,0,0
228,38735,0,0
228,38736,0,0
228,38737,0,0
228,38738,0,0
228,38739,0,0
228,38740,0,0
228,38741,0,0
228,38742,0,0
228,38743,0,0
228,38744,2,0
228,38745,0,0
228,38746,0,0
228,38747,0,0
228,38748,0,0
228,38749,0,0
228,38750,0,0
228,38751,0,0
228,38752,0,0
228,38753,0,0
228,38754,0,0
228,38755,0,0
228,38756,0,0
228,38757,0,0
228,38758,0,0
228,38759,0,0
228,38760,0,0
228,38761,2,2
228,38762,0,0
228,38763,0,0
228,38764,0,0
228,38765,0,0
228,38766,0,0
228,38767,0,0
228,38768,0,0
228,38769,0,0
228,38770,0,0
228,38771,0,0
228,38772,0,0
228,38773,0,0
228,38774,2,2
228,38775,0,0
228,38776,2,2
228,38777,0,0
228,38778,0,0
228,38779,0,0
228,38780,0,0
228,38781,0,0
228,38782,0,0
228,38783,0,0
228,38784,0,0
228,38785,0,0
228,38786,0,0
228,38787,0,0
228,38788,0,0
228,38789,0,0
228,38790,0,0
228,38791,0,2
228,38792,0,0
228,38793,0,0
228,38794,2,0
228,38795,0,0
228,38796,0,0
228,38797,0,0
228,38798,0,0
228,38799,0,0
228,38800,2,0
228,38801,0,0
228,38802,0,0
228,38803,0,0
228,38804,0,0
228,38805,0,0
228,38806,0,0
228,38807,2,3
228,38808,0,0
228,38809,2,2
228,38810,0,0
228,38811,0,0
228,38812,0,0
228,38813,0,0
228,38814,0,0
228,38815,0,0
228,38816,0,0
228,38817,0,0
228,38818,0,0
228,38819,0,0
228,38820,0,0
228,38821,0,0
228,38822,0,0
228,38823,0,0
228,38824,0,0
228,38825,0,0
228,38826,0,0
228,38827,0,0
228,38828,0,0
228,38829,0,0
228,38830,0,0
228,38831,0,0
228,38832,0,0
228,38833,0,0
228,38834,0,0
228,38835,0,0
228,38836,2,0
228,38837,0,0
228,38838,0,0
228,38839,0,0
228,38840,0,0
228,38841,0,0
228,38842,0,0
228,38843,0,0
228,38844,0,0
228,38845,0,0
228,38846,0,0
228,38847,0,0
228,38848,0,0
228,38849,0,0
228,38850,0,0
228,38851,0,0
228,38852,0,0
228,38853,0,0
228,38854,2,3
228,38855,0,0
228,38856,2,2
228,38857,0,0
228,38858,2,3
228,38859,0,0
228,38860,2,2
228,38861,0,0
228,38862,2,2
228,38863,0,0
228,38864,2,2
228,38865,0,0
228,38866,2,0
228,38867,0,0
228,38868,2,2
228,38869,0,0
228,38870,2,2
228,38871,0,0
228,38872,2,2
228,38873,0,0
228,38874,2,2
228,38875,0,0
228,38876,2,2
228,38877,0,0
228,38878,2,2
228,38879,0,0
228,38880,2,2
228,38881,0,0
228,38882,2,2
228,38883,0,0
228,38884,2,2
228,38885,0,0
228,38886,2,2
228,38887,0,0
228,38888,2,0
228,38889,0,0
228,38890,2,3
228,38891,0,0
228,38892,2,2
228,38893,0,0
228,38894,2,0
228,38895,0,0
228,38896,2,0
228,38897,0,0
228,38898,2,3
228,38899,0,0
228,38900,2,0
228,38901,0,0
228,38902,2,0
228,38903,0,0
228,38904,2,2
228,38905,0,0
228,38906,2,2
228,38907,0,0
228,38908,2,2
228,38909,0,0
228,38910,2,2
228,38911,0,0
228,38912,2,2
228,38913,0,0
228,38914,2,2
228,38915,0,0
228,38916,2,2
228,38917,0,0
228,38918,2,0
228,38919,0,0
228,38920,2,2
228,38921,0,0
228,38922,2,0
228,38923,0,0
228,38924,2,0
228,38925,0,0
228,38926,2,0
228,38927,0,0
228,38928,2,2
228,38929,0,0
228,38930,2,2
228,38931,0,0
228,38932,2,2
228,38933,0,0
228,38934,2,2
228,38935,0,0
228,38936,2,2
228,38937,0,0
228,38938,2,0
228,38939,0,0
228,38940,2,3
228,38941,0,0
228,38942,2,2
228,38943,0,0
228,38944,2,0
228,38945,0,0
228,38946,2,2
228,38947,0,0
228,38948,2,2
228,38949,0,0
228,38950,2,0
228,38951,0,0
228,38952,2,2
228,38953,0,0
228,38954,2,0
228,38955,0,0
228,38956,0,0
228,38957,0,0
228,38958,0,0
228,38959,0,0
228,38960,0,0
228,38961,2,2
228,38962,0,0
228,38963,0,0
228,38964,0,0
228,38965,0,0
228,38966,0,0
228,38967,2,2
228,38968,0,0
228,38969,2,2
228,38970,0,0
228,38971,0,0
228,38972,0,0
228,38973,0,0
228,38974,0,0
228,38975,2,2
228,38976,0,0
228,38977,0,0
228,38978,0,0
228,38979,0,0
228,38980,0,0
228,38981,2,2
228,38982,0,0
228,38983,0,0
228,38984,0,0
228,38985,0,0
228,38986,0,0
228,38987,0,0
228,38988,2,2
228,38989,0,0
228,38990,0,0
228,38991,0,0
228,38992,0,0
228,38993,0,0
228,38994,2,2
228,38995,0,0
228,38996,0,0
228,38997,0,0
228,38998,0,0
228,38999,0,0
228,39000,0,0
228,39001,2,2
228,39002,0,0
228,39003,0,0
228,39004,0,0
228,39005,0,0
228,39006,0,0
228,39007,0,0
228,39008,0,0
228,39009,0,0
228,39010,0,0
228,39011,0,0
228,39012,0,0
228,39013,0,0
228,39014,0,0
228,39015,0,0
228,39016,0,0
228,39017,0,0
228,39018,0,0
228,39019,2,0
228,39020,0,0
228,39021,2,2
228,39022,0,0
228,39023,2,0
228,39024,0,0
228,39025,2,0
228,39026,0,0
228,39027,2,2
228,39028,0,0
228,39029,2,2
228,39030,0,0
228,39031,2,0
228,39032,0,0
228,39033,2,2
228,39034,0,0
228,39035,2,2
228,39036,0,0
228,39037,2,3
228,39038,0,0
228,39039,2,2
228,39040,0,0
228,39041,2,2
228,39042,0,0
228,39043,2,2
228,39044,0,0
228,39045,2,2
228,39046,0,0
228,39047,2,2
228,39048,0,0
228,39049,2,2
228,39050,0,0
228,39051,2,2
228,39052,0,0
228,39053,2,2
228,39054,0,0
228,39055,2,2
228,39056,0,0
228,39057,2,2
228,39058,0,0
228,39059,2,2
228,39060,0,0
228,39061,0,0
228,39062,0,0
228,39063,0,0
228,39064,0,0
228,39065,0,0
228,39066,0,0
228,39067,0,0
228,39068,0,0
228,39069,0,0
228,39070,0,0
228,39071,0,0
228,39072,2,0
228,39073,0,0
228,39074,2,2
228,39075,0,0
228,39076,0,0
228,39077,0,0
228,39078,0,0
228,39079,0,0
228,39080,0,0
228,39081,2,2
228,39082,0,0
228,39083,0,0
228,39084,0,0
228,39085,2,2
228,39086,0,0
228,39087,2,2
228,39088,0,0
228,39089,0,0
228,39090,0,0
228,39091,0,0
228,39092,0,0
228,39093,0,0
228,39094,0,0
228,39095,0,0
228,39096,2,3
228,39097,0,0
228,39098,0,0
228,39099,0,0
228,39100,0,0
228,39101,2,0
228,39102,0,0
228,39103,0,0
228,39104,0,0
228,39105,0,0
228,39106,2,0
228,39107,0,0
228,39108,0,0
228,39109,0,0
228,39110,0,0
228,39111,0,0
228,39112,0,0
228,39113,0,0
228,39114,0,0
228,39115,2,2
228,39116,0,0
228,39117,2,2
228,39118,0,0
228,39119,0,0
228,39120,0,0
228,39121,0,0
228,39122,2,0
228,39123,0,0
228,39124,0,0
228,39125,0,0
228,39126,0,0
228,39127,0,0
228,39128,0,0
228,39129,0,0
228,39130,0,0
228,39131,0,0
228,39132,0,0
228,39133,2,2
228,39134,0,0
228,39135,2,2
228,39136,0,0
228,39137,0,0
228,39138,0,0
228,39139,0,0
228,39140,0,0
228,39141,0,0
228,39142,0,0
228,39143,0,0
228,39144,0,0
228,39145,0,0
228,39146,0,0
228,39147,0,0
228,39148,0,0
228,39149,0,0
228,39150,0,0
228,39151,0,0
228,39152,0,0
228,39153,0,0
228,39154,0,0
228,39155,0,0
228,39156,0,0
228,39157,0,0
228,39158,2,2
228,39159,0,0
228,39160,0,0
228,39161,0,0
228,39162,2,0
228,39163,0,0
228,39164,2,2
228,39165,0,0
228,39166,2,3
228,39167,0,0
228,39168,2,2
228,39169,0,0
228,39170,0,0
228,39171,0,0
228,39172,0,0
228,39173,0,0
228,39174,0,0
228,39175,2,2
228,39176,0,0
228,39177,0,0
228,39178,0,0
228,39179,0,0
228,39180,0,0
228,39181,0,0
228,39182,0,0
228,39183,0,0
228,39184,0,0
228,39185,0,0
228,39186,2,2
228,39187,0,0
228,39188,0,0
228,39189,0,0
228,39190,0,0
228,39191,0,0
228,39192,0,0
228,39193,0,0
228,39194,0,0
228,39195,0,0
228,39196,0,0
228,39197,0,0
228,39198,0,0
228,39199,0,0
228,39200,0,0
228,39201,0,0
228,39202,0,0
228,39203,0,0
228,39204,0,0
228,39205,0,0
228,39206,2,3
228,39207,0,0
228,39208,2,2
228,39209,0,0
228,39210,0,0
228,39211,0,0
228,39212,0,0
228,39213,0,0
228,39214,0,0
228,39215,0,0
228,39216,0,0
228,39217,0,0
228,39218,0,0
228,39219,0,0
228,39220,0,0
228,39221,0,0
228,39222,0,0
228,39223,0,0
228,39224,0,0
228,39225,0,0
228,39226,2,0
228,39227,0,0
228,39228,0,0
228,39229,0,0
228,39230,0,0
228,39231,0,0
228,39232,0,0
228,39233,2,2
228,39234,0,0
228,39235,0,0
228,39236,0,0
228,39237,2,2
228,39238,0,0
228,39239,2,0
228,39240,0,0
228,39241,2,2
228,39242,0,0
228,39243,2,2
228,39244,0,0
228,39245,0,0
228,39246,0,0
228,39247,0,0
228,39248,0,0
228,39249,0,0
228,39250,0,0
228,39251,0,0
228,39252,0,0
228,39253,0,0
228,39254,0,0
228,39255,0,0
228,39256,0,0
228,39257,0,0
228,39258,2,2
228,39259,0,0
228,39260,2,3
228,39261,0,0
228,39262,2,2
228,39263,0,0
228,39264,2,2
228,39265,0,0
228,39266,2,2
228,39267,0,0
228,39268,2,2
228,39269,0,0
228,39270,2,2
228,39271,0,0
228,39272,2,2
228,39273,0,0
228,39274,2,2
228,39275,0,0
228,39276,2,0
228,39277,0,0
228,39278,2,2
228,39279,0,0
228,39280,2,2
228,39281,0,0
228,39282,2,2
228,39283,0,0
228,39284,0,0
228,39285,0,0
228,39286,0,0
228,39287,0,0
228,39288,0,0
228,39289,0,0
228,39290,0,0
228,39291,0,0
228,39292,0,0
228,39293,0,0
228,39294,0,0
228,39295,2,2
228,39296,0,0
228,39297,0,0
228,39298,0,0
228,39299,0,0
228,39300,0,0
228,39301,0,0
228,39302,2,2
228,39303,0,0
228,39304,0,0
228,39305,0,0
228,39306,0,0
228,39307,0,0
228,39308,0,0
228,39309,0,0
228,39310,0,0
228,39311,0,0
228,39312,2,2
228,39313,0,0
228,39314,0,0
228,39315,0,0
228,39316,0,0
228,39317,0,0
228,39318,0,0
228,39319,0,0
228,39320,0,0
228,39321,0,0
228,39322,0,0
228,39323,0,0
228,39324,0,0
228,39325,0,0
228,39326,0,0
228,39327,2,2
228,39328,0,0
228,39329,0,0
228,39330,0,0
228,39331,0,0
228,39332,0,0
228,39333,0,0
228,39334,0,0
228,39335,0,0
228,39336,2,2
228,39337,0,0
228,39338,2,2
228,39339,0,0
228,39340,2,2
228,39341,0,0
228,39342,2,2
228,39343,0,0
228,39344,2,3
228,39345,0,0
228,39346,2,2
228,39347,0,0
228,39348,2,2
228,39349,0,0
228,39350,2,2
228,39351,0,0
228,39352,2,2
228,39353,0,0
228,39354,2,2
228,39355,0,0
228,39356,2,3
228,39357,0,0
228,39358,2,2
228,39359,0,0
228,39360,2,2
228,39361,0,0
228,39362,2,2
228,39363,0,0
228,39364,2,2
228,39365,0,0
228,39366,2,2
228,39367,0,0
228,39368,2,2
228,39369,0,0
228,39370,2,3
228,39371,0,0
228,39372,2,2
228,39373,0,0
228,39374,2,2
228,39375,0,0
228,39376,0,0
228,39377,0,0
228,39378,0,0
228,39379,0,0
228,39380,0,0
228,39381,2,2
228,39382,0,0
228,39383,0,0
228,39384,0,0
228,39385,0,0
228,39386,0,0
228,39387,0,0
228,39388,2,2
228,39389,0,0
228,39390,0,0
228,39391,0,0
228,39392,0,0
228,39393,0,0
228,39394,0,0
228,39395,0,0
228,39396,0,0
228,39397,0,0
228,39398,0,0
228,39399,0,0
228,39400,0,0
228,39401,0,0
228,39402,0,0
228,39403,0,0
228,39404,0,0
228,39405,0,0
228,39406,0,0
228,39407,0,0
228,39408,0,0
228,39409,0,0
228,39410,0,0
228,39411,0,0
228,39412,0,0
228,39413,0,0
228,39414,0,0
228,39415,0,0
228,39416,2,2
228,39417,0,0
228,39418,0,0
228,39419,0,0
228,39420,0,0
228,39421,0,0
228,39422,0,0
228,39423,0,0
228,39424,0,0
228,39425,0,0
228,39426,0,0
228,39427,0,0
228,39428,0,0
228,39429,0,0
228,39430,0,0
228,39431,0,0
228,39432,0,0
228,39433,0,0
228,39434,0,0
228,39435,0,0
228,39436,0,0
228,39437,0,0
228,39438,0,0
228,39439,0,0
228,39440,0,0
228,39441,0,0
228,39442,0,0
228,39443,0,0
228,39444,2,2
228,39445,0,0
228,39446,0,0
228,39447,0,0
228,39448,0,0
228,39449,0,0
228,39450,0,0
228,39451,0,0
228,39452,0,0
228,39453,2,2
228,39454,0,0
228,39455,0,0
228,39456,0,0
228,39457,0,0
228,39458,0,0
228,39459,0,0
228,39460,0,0
228,39461,0,0
228,39462,0,0
228,39463,0,0
228,39464,0,0
228,39465,0,0
228,39466,0,0
228,39467,0,0
228,39468,0,0
228,39469,0,0
228,39470,0,0
228,39471,0,0
228,39472,0,0
228,39473,0,0
228,39474,0,0
228,39475,2,2
228,39476,0,0
228,39477,0,0
228,39478,0,0
228,39479,0,0
228,39480,0,0
228,39481,0,0
228,39482,0,0
228,39483,0,0
228,39484,0,0
228,39485,0,0
228,39486,0,0
228,39487,0,0
228,39488,0,0
228,39489,0,0
228,39490,0,0
228,39491,0,0
228,39492,0,0
228,39493,0,0
228,39494,0,0
228,39495,0,0
228,39496,0,0
228,39497,0,0
228,39498,0,0
228,39499,0,0
228,39500,0,0
228,39501,0,0
228,39502,0,0
228,39503,0,0
228,39504,0,0
228,39505,0,0
228,39506,0,0
228,39507,0,0
228,39508,0,0
228,39509,0,0
228,39510,2,2
228,39511,0,0
228,39512,0,0
228,39513,0,0
228,39514,0,0
228,39515,0,0
228,39516,0,0
228,39517,0,0
228,39518,0,0
228,39519,0,0
228,39520,0,0
228,39521,0,0
228,39522,0,0
228,39523,0,0
228,39524,0,0
228,39525,0,0
228,39526,0,0
228,39527,0,0
228,39528,0,0
228,39529,0,0
228,39530,0,0
228,39531,0,0
228,39532,0,0
228,39533,0,0
228,39534,0,0
228,39535,0,0
228,39536,0,0
228,39537,0,0
228,39538,0,0
228,39539,0,0
228,39540,0,0
228,39541,0,0
228,39542,0,0
228,39543,2,2
228,39544,0,0
228,39545,0,0
228,39546,0,0
228,39547,0,0
228,39548,0,0
228,39549,0,0
228,39550,0,0
228,39551,0,0
228,39552,0,0
228,39553,0,0
228,39554,0,0
228,39555,0,0
228,39556,0,0
228,39557,0,0
228,39558,0,0
228,39559,0,0
228,39560,2,2
228,39561,0,0
228,39562,0,0
228,39563,0,0
228,39564,0,0
228,39565,0,0
228,39566,0,0
228,39567,0,0
228,39568,0,0
228,39569,0,0
228,39570,0,0
228,39571,0,0
228,39572,0,0
228,39573,0,0
228,39574,0,0
228,39575,0,0
228,39576,0,0
228,39577,0,0
228,39578,0,0
228,39579,0,0
228,39580,0,0
228,39581,0,0
228,39582,0,0
228,39583,0,0
228,39584,0,0
228,39585,0,0
228,39586,0,0
228,39587,0,0
228,39588,0,0
228,39589,0,0
228,39590,0,0
228,39591,0,0
228,39592,0,0
228,39593,0,0
228,39594,0,0
228,39595,0,0
228,39596,0,0
228,39597,2,2
228,39598,0,0
228,39599,0,0
228,39600,0,0
228,39601,0,0
228,39602,0,0
228,39603,0,0
228,39604,0,0
228,39605,0,0
228,39606,0,0
228,39607,0,0
228,39608,0,0
228,39609,0,0
228,39610,2,2
228,39611,0,0
228,39612,0,0
228,39613,0,0
228,39614,0,0
228,39615,0,0
228,39616,0,0
228,39617,2,2
228,39618,0,0
228,39619,0,0
228,39620,0,0
228,39621,0,0
228,39622,0,0
228,39623,0,0
228,39624,0,0
228,39625,0,0
228,39626,0,0
228,39627,0,0
228,39628,0,0
228,39629,0,0
228,39630,0,0
228,39631,0,0
228,39632,2,2
228,39633,0,0
228,39634,2,2
228,39635,0,0
228,39636,2,0
228,39637,0,0
228,39638,0,0
228,39639,0,0
228,39640,0,0
228,39641,0,0
228,39642,0,0
228,39643,0,0
228,39644,0,0
228,39645,2,2
228,39646,0,0
228,39647,0,0
228,39648,0,0
228,39649,0,0
228,39650,0,0
228,39651,0,0
228,39652,0,0
228,39653,0,0
228,39654,0,0
228,39655,0,0
228,39656,0,0
228,39657,0,0
228,39658,0,0
228,39659,2,2
228,39660,0,0
228,39661,0,0
228,39662,0,0
228,39663,0,0
228,39664,0,0
228,39665,0,0
228,39666,0,0
228,39667,0,0
228,39668,0,0
228,39669,0,0
228,39670,0,0
228,39671,0,0
228,39672,0,0
228,39673,0,0
228,39674,0,0
228,39675,0,0
228,39676,2,2
228,39677,0,0
228,39678,2,2
228,39679,0,0
228,39680,0,0
228,39681,0,0
228,39682,0,0
228,39683,0,0
228,39684,0,0
228,39685,2,2
228,39686,0,0
228,39687,0,0
228,39688,0,0
228,39689,0,0
228,39690,0,0
228,39691,0,0
228,39692,0,0
228,39693,0,0
228,39694,0,0
228,39695,0,0
228,39696,0,0
228,39697,0,0
228,39698,0,0
228,39699,0,0
228,39700,0,0
228,39701,0,0
228,39702,0,0
228,39703,0,0
228,39704,0,0
228,39705,0,0
228,39706,0,0
228,39707,0,0
228,39708,0,0
228,39709,0,0
228,39710,0,0
228,39711,0,0
228,39712,0,0
228,39713,0,0
228,39714,0,0
228,39715,0,0
228,39716,0,0
228,39717,0,0
228,39718,0,0
228,39719,0,0
228,39720,0,0
228,39721,0,0
228,39722,0,0
228,39723,0,0
228,39724,0,0
228,39725,0,0
228,39726,0,0
228,39727,0,0
228,39728,0,0
228,39729,2,2
228,39730,0,0
228,39731,0,0
228,39732,0,0
228,39733,0,0
228,39734,0,0
228,39735,0,0
228,39736,0,0
228,39737,0,0
228,39738,0,0
228,39739,0,0
228,39740,0,0
228,39741,0,0
228,39742,0,0
228,39743,0,0
228,39744,0,0
228,39745,0,0
228,39746,0,0
228,39747,0,0
228,39748,0,0
228,39749,0,0
228,39750,2,2
228,39751,0,0
228,39752,0,0
228,39753,0,0
228,39754,0,0
228,39755,0,0
228,39756,0,0
228,39757,0,0
228,39758,2,2
228,39759,0,0
228,39760,2,2
228,39761,0,0
228,39762,0,0
228,39763,0,0
228,39764,0,0
228,39765,0,0
228,39766,0,0
228,39767,0,0
228,39768,2,1
228,39769,0,0
228,39770,0,0
228,39771,0,0
228,39772,0,0
228,39773,0,0
228,39774,0,0
228,39775,0,0
228,39776,0,0
228,39777,2,2
228,39778,0,0
228,39779,0,0
228,39780,0,0
228,39781,1,0
228,39782,0,0
228,39783,0,0
228,39784,0,0
228,39785,0,0
228,39786,0,0
228,39787,0,0
228,39788,0,0
228,39789,0,0
228,39790,0,0
228,39791,0,0
228,39792,0,0
228,39793,0,0
228,39794,0,0
228,39795,0,0
228,39796,0,0
228,39797,0,0
228,39798,0,0
228,39799,0,0
228,39800,0,0
228,39801,0,0
228,39802,0,0
228,39803,0,0
228,39804,0,0
228,39805,0,0
228,39806,0,0
228,39807,0,0
228,39808,0,0
228,39809,0,0
228,39810,0,0
228,39811,0,0
228,39812,0,0
228,39813,0,0
228,39814,0,0
228,39815,0,0
228,39816,0,0
228,39817,0,0
228,39818,0,0
228,39819,0,0
228,39820,0,0
228,39821,0,0
228,39822,0,0
228,39823,0,0
228,39824,0,0
228,39825,0,0
228,39826,0,0
228,39827,2,2
228,39828,0,0
228,39829,0,0
228,39830,0,2
228,39831,0,2
228,39832,0,2
228,39833,0,2
228,39834,0,0
228,39835,0,0
228,39836,2,0
228,39837,0,0
228,39838,0,0
228,39839,0,0
228,39840,0,0
228,39841,0,0
228,39842,0,0
228,39843,2,2
228,39844,0,2
228,39845,0,0
228,39846,0,2
228,39847,2,2
228,39848,0,3
228,39849,0,0
228,39850,0,0
228,39851,0,0
228,39852,0,0
228,39853,0,0
228,39854,0,0
228,39855,2,2
228,39856,0,0
228,39857,0,0
228,39858,0,0
228,39859,0,0
228,39860,0,0
228,39861,0,0
228,39862,0,0
228,39863,2,2
228,39864,0,0
228,39865,0,0
228,39866,0,0
228,39867,0,0
228,39868,0,0
228,39869,2,0
228,39870,0,0
228,39871,0,0
228,39872,0,0
228,39873,0,0
228,39874,0,0
228,39875,0,0
228,39876,0,0
228,39877,0,0
228,39878,0,0
228,39879,0,0
228,39880,0,0
228,39881,2,2
228,39882,0,0
228,39883,0,0
228,39884,0,0
228,39885,0,0
228,39886,0,0
228,39887,2,0
228,39888,0,0
228,39889,2,2
228,39890,0,0
228,39891,0,0
228,39892,0,0
228,39893,0,0
228,39894,0,0
228,39895,0,0
228,39896,0,0
228,39897,0,0
228,39898,0,0
228,39899,0,0
228,39900,0,0
228,39901,0,0
228,39902,2,2
228,39903,0,0
228,39904,0,0
228,39905,0,0
228,39906,0,0
228,39907,0,0
228,39908,0,0
228,39909,0,0
228,39910,0,0
228,39911,0,0
228,39912,0,0
228,39913,0,0
228,39914,2,2
228,39915,0,0
228,39916,0,0
228,39917,0,0
228,39918,0,0
228,39919,0,0
228,39920,2,0
228,39921,0,0
228,39922,2,2
228,39923,0,0
228,39924,2,2
228,39925,0,0
228,39926,0,0
228,39927,0,0
228,39928,0,0
228,39929,0,0
228,39930,2,2
228,39931,0,0
228,39932,0,0
228,39933,0,0
228,39934,0,0
228,39935,0,0
228,39936,0,0
228,39937,2,2
228,39938,0,0
228,39939,2,0
228,39940,0,0
228,39941,2,0
228,39942,0,2
228,39943,0,0
228,39944,0,0
228,39945,0,0
228,39946,0,0
228,39947,0,0
228,39948,2,2
228,39949,0,0
228,39950,0,0
228,39951,0,0
228,39952,2,2
228,39953,0,0
228,39954,0,0
228,39955,0,0
228,39956,0,0
228,39957,0,0
228,39958,0,0
228,39959,2,2
228,39960,0,0
228,39961,2,2
228,39962,0,0
228,39963,2,2
228,39964,0,0
228,39965,0,0
228,39966,0,0
228,39967,0,0
228,39968,0,0
228,39969,0,0
228,39970,0,0
228,39971,0,0
228,39972,0,0
228,39973,2,2
228,39974,0,0
228,39975,0,0
228,39976,0,0
228,39977,0,0
228,39978,0,0
228,39979,0,0
228,39980,0,0
228,39981,0,0
228,39982,0,0
228,39983,0,0
228,39984,0,0
228,39985,2,2
228,39986,0,0
228,39987,0,0
228,39988,0,0
228,39989,0,0
228,39990,0,0
228,39991,0,0
228,39992,0,0
228,39993,0,0
228,39994,0,0
228,39995,0,0
228,39996,0,0
228,39997,0,0
228,39998,0,0
228,39999,0,0
228,40000,0,0
228,40001,0,0
228,40002,0,0
228,40003,0,0
228,40004,0,0
228,40005,0,0
228,40006,0,0
228,40007,2,2
228,40008,0,0
228,40009,0,0
228,40010,0,0
228,40011,0,0
228,40012,0,0
228,40013,0,0
228,40014,0,0
228,40015,0,0
228,40016,0,0
228,40017,0,0
228,40018,0,0
228,40019,0,0
228,40020,0,0
228,40021,0,0
228,40022,0,0
228,40023,0,0
228,40024,0,0
228,40025,0,0
228,40026,0,0
228,40027,0,0
228,40028,0,0
228,40029,0,0
228,40030,0,0
228,40031,2,2
228,40032,0,0
228,40033,0,0
228,40034,0,0
228,40035,0,0
228,40036,0,0
228,40037,0,0
228,40038,2,2
228,40039,0,0
228,40040,0,0
228,40041,2,2
228,40042,0,0
228,40043,0,0
228,40044,0,0
228,40045,0,0
228,40046,2,2
228,40047,0,0
228,40048,2,0
228,40049,0,0
228,40050,2,2
228,40051,0,0
228,40052,2,2
228,40053,0,0
228,40054,2,2
228,40055,0,0
228,40056,2,2
228,40057,0,0
228,40058,2,2
228,40059,0,0
228,40060,2,2
228,40061,0,0
228,40062,2,2
228,40063,0,0
228,40064,2,2
228,40065,0,0
228,40066,2,2
228,40067,0,0
228,40068,2,2
228,40069,0,0
228,40070,2,2
228,40071,0,0
228,40072,2,2
228,40073,0,0
228,40074,2,2
228,40075,0,0
228,40076,2,2
228,40077,0,0
228,40078,2,2
228,40079,0,0
228,40080,2,2
228,40081,0,0
228,40082,2,2
228,40083,0,0
228,40084,2,2
228,40085,0,0
228,40086,2,2
228,40087,0,0
228,40088,2,2
228,40089,0,0
228,40090,2,2
228,40091,0,0
228,40092,2,2
228,40093,0,0
228,40094,2,2
228,40095,0,0
228,40096,2,2
228,40097,0,0
228,40098,2,2
228,40099,0,0
228,40100,2,2
228,40101,0,0
228,40102,2,2
228,40103,0,0
228,40104,2,2
228,40105,0,0
228,40106,2,2
228,40107,0,0
228,40108,2,2
228,40109,0,0
228,40110,0,0
228,40111,0,0
228,40112,0,0
228,40113,0,0
228,40114,2,3
228,40115,0,0
228,40116,0,0
228,40117,0,0
228,40118,0,0
228,40119,0,0
228,40120,0,0
228,40121,0,0
228,40122,2,2
228,40123,0,0
228,40124,0,0
228,40125,0,0
228,40126,0,0
228,40127,0,0
228,40128,2,2
228,40129,0,1
228,40130,0,0
228,40131,0,0
228,40132,2,2
228,40133,0,0
228,40134,2,2
228,40135,0,0
228,40136,0,0
228,40137,2,2
228,40138,0,0
228,40139,0,0
228,40140,1,0
228,40141,0,0
228,40142,0,0
228,40143,0,0
228,40144,0,0
228,40145,0,0
228,40146,0,0
228,40147,2,0
228,40148,0,0
228,40149,0,0
228,40150,0,0
228,40151,0,0
228,40152,0,0
228,40153,0,0
228,40154,0,0
228,40155,0,0
228,40156,0,0
228,40157,0,0
228,40158,2,2
228,40159,0,0
228,40160,2,0
228,40161,0,0
228,40162,0,0
228,40163,0,0
228,40164,0,0
228,40165,0,0
228,40166,0,0
228,40167,0,0
228,40168,0,0
228,40169,0,0
228,40170,0,0
228,40171,0,0
228,40172,0,0
228,40173,0,0
228,40174,0,0
228,40175,0,0
228,40176,0,0
228,40177,0,0
228,40178,0,0
228,40179,0,0
228,40180,0,0
228,40181,0,0
228,40182,0,0
228,40183,0,0
228,40184,0,0
228,40185,0,0
228,40186,0,0
228,40187,2,2
228,40188,0,0
228,40189,0,0
228,40190,2,2
228,40191,0,0
228,40192,0,0
228,40193,0,0
228,40194,0,0
228,40195,0,0
228,40196,0,0
228,40197,2,2
228,40198,0,0
228,40199,0,0
228,40200,0,0
228,40201,0,0
228,40202,0,0
228,40203,0,0
228,40204,0,0
228,40205,0,0
228,40206,0,0
228,40207,2,2
228,40208,0,0
228,40209,0,0
228,40210,0,0
228,40211,0,0
228,40212,0,0
228,40213,2,2
228,40214,0,0
228,40215,2,2
228,40216,0,0
228,40217,0,0
228,40218,0,0
228,40219,0,0
228,40220,0,0
228,40221,0,0
228,40222,0,0
228,40223,0,0
228,40224,0,0
228,40225,0,0
228,40226,0,0
228,40227,0,0
228,40228,2,3
228,40229,0,0
228,40230,0,0
228,40231,0,0
228,40232,0,0
228,40233,2,2
228,40234,0,0
228,40235,0,0
228,40236,0,0
228,40237,0,0
228,40238,2,2
228,40239,0,0
228,40240,0,0
228,40241,0,0
228,40242,0,0
228,40243,0,0
228,40244,0,0
228,40245,0,0
228,40246,0,0
228,40247,0,0
228,40248,0,0
228,40249,0,0
228,40250,0,0
228,40251,0,0
228,40252,0,0
228,40253,0,0
228,40254,0,0
228,40255,0,0
228,40256,0,0
228,40257,0,0
228,40258,0,0
228,40259,0,0
228,40260,0,0
228,40261,0,0
228,40262,0,0
228,40263,0,0
228,40264,0,0
228,40265,0,0
228,40266,2,2
228,40267,0,1
228,40268,0,0
228,40269,0,0
228,40270,0,0
228,40271,0,0
228,40272,0,0
228,40273,2,2
228,40274,0,0
228,40275,2,2
228,40276,0,0
228,40277,2,3
228,40278,0,0
228,40279,0,0
228,40280,0,0
228,40281,0,0
228,40282,0,0
228,40283,2,0
228,40284,0,0
228,40285,2,2
228,40286,0,0
228,40287,2,3
228,40288,0,0
228,40289,2,2
228,40290,0,0
228,40291,2,3
228,40292,0,0
228,40293,2,2
228,40294,0,0
228,40295,0,0
228,40296,0,0
228,40297,0,0
228,40298,0,0
228,40299,2,2
228,40300,0,0
228,40301,2,2
228,40302,0,0
228,40303,0,0
228,40304,0,0
228,40305,0,0
228,40306,2,2
228,40307,0,0
228,40308,0,0
228,40309,0,0
228,40310,0,0
228,40311,0,0
228,40312,0,0
228,40313,0,0
228,40314,0,0
228,40315,0,0
228,40316,0,0
228,40317,0,0
228,40318,2,2
228,40319,0,0
228,40320,2,2
228,40321,0,0
228,40322,0,0
228,40323,0,0
228,40324,0,0
228,40325,0,0
228,40326,0,0
228,40327,2,2
228,40328,0,0
228,40329,0,0
228,40330,0,0
228,40331,0,0
228,40332,0,0
228,40333,0,0
228,40334,0,0
228,40335,0,0
228,40336,2,2
228,40337,0,0
228,40338,2,0
228,40339,0,0
228,40340,0,0
228,40341,0,0
228,40342,0,0
228,40343,2,3
228,40344,0,0
228,40345,2,2
228,40346,0,0
228,40347,0,0
228,40348,0,0
228,40349,0,0
228,40350,1,0
228,40351,0,0
228,40352,2,2
228,40353,0,0
228,40354,0,0
228,40355,0,0
228,40356,0,0
228,40357,2,3
228,40358,0,0
228,40359,2,0
228,40360,0,0
228,40361,2,2
228,40362,0,0
228,40363,0,0
228,40364,0,0
228,40365,0,0
228,40366,0,0
228,40367,0,0
228,40368,0,0
228,40369,0,0
228,40370,0,0
228,40371,0,0
228,40372,0,0
228,40373,0,0
228,40374,0,0
228,40375,0,0
228,40376,0,0
228,40377,2,2
228,40378,0,0
228,40379,2,3
228,40380,0,0
228,40381,2,2
228,40382,0,0
228,40383,2,3
228,40384,0,0
228,40385,2,2
228,40386,0,0
228,40387,2,2
228,40388,0,0
228,40389,0,0
228,40390,0,0
228,40391,0,0
228,40392,0,0
228,40393,0,0
228,40394,2,2
228,40395,0,0
228,40396,0,0
228,40397,0,0
228,40398,0,0
228,40399,0,0
228,40400,0,0
228,40401,2,2
228,40402,0,0
228,40403,0,0
228,40404,0,0
228,40405,0,0
228,40406,0,0
228,40407,0,0
228,40408,0,0
228,40409,0,0
228,40410,0,0
228,40411,2,2
228,40412,0,0
228,40413,0,0
228,40414,0,0
228,40415,0,0
228,40416,0,0
228,40417,2,2
228,40418,0,0
228,40419,0,0
228,40420,0,0
228,40421,0,0
228,40422,0,0
228,40423,0,0
228,40424,2,3
228,40425,0,0
228,40426,0,0
228,40427,0,0
228,40428,0,0
228,40429,0,0
228,40430,0,0
228,40431,0,0
228,40432,0,0
228,40433,0,0
228,40434,0,0
228,40435,0,0
228,40436,0,0
228,40437,0,0
228,40438,0,0
228,40439,0,0
228,40440,0,0
228,40441,0,0
228,40442,0,0
228,40443,0,0
228,40444,0,0
228,40445,2,2
228,40446,0,0
228,40447,2,0
228,40448,0,0
228,40449,0,0
228,40450,0,0
228,40451,0,0
228,40452,2,2
228,40453,0,0
228,40454,0,0
228,40455,0,0
228,40456,0,0
228,40457,0,0
228,40458,0,0
228,40459,0,0
228,40460,0,0
228,40461,0,0
228,40462,0,0
228,40463,0,0
228,40464,0,0
228,40465,2,2
228,40466,0,0
228,40467,0,0
228,40468,0,0
228,40469,0,0
228,40470,2,0
228,40471,0,0
228,40472,2,0
228,40473,0,0
228,40474,0,0
228,40475,0,0
228,40476,0,0
228,40477,0,0
228,40478,2,0
228,40479,0,0
228,40480,2,2
228,40481,0,0
228,40482,2,2
228,40483,0,0
228,40484,0,0
228,40485,0,0
228,40486,0,0
228,40487,0,0
228,40488,0,0
228,40489,2,2
228,40490,0,0
228,40491,0,0
228,40492,0,0
228,40493,0,0
228,40494,0,0
228,40495,0,0
228,40496,2,2
228,40497,0,0
228,40498,0,0
228,40499,2,2
228,40500,0,0
228,40501,0,0
228,40502,0,0
228,40503,2,2
228,40504,0,0
231,40505,0,2
231,40506,0,2
231,40507,0,0
231,40508,0,2
231,40509,0,2
231,40510,0,2
231,40511,0,0
231,40512,0,2
231,40513,0,2
231,40514,0,2
231,40515,0,2
231,40516,0,2
231,40517,0,2
231,40518,0,2
231,40519,0,2
231,40520,0,2
231,40521,0,0
231,40522,0,2
231,40523,0,2
231,40524,0,2
231,40525,0,2
231,40526,0,2
231,40527,0,2
231,40528,0,2
231,40529,0,2
231,40530,0,2
231,40531,0,2
231,40532,0,2
231,40533,0,2
231,40534,0,2
231,40535,0,2
231,40536,0,2
231,40537,0,2
231,40538,0,2
231,40539,0,2
231,40540,0,2
231,40541,0,2
231,40542,0,2
231,40543,0,2
231,40544,0,2
231,40545,0,2
231,40546,0,2
231,40547,0,2
231,40548,0,2
231,40549,0,2
231,40550,0,2
231,40551,0,2
231,40552,0,2
231,40553,0,2
231,40554,0,2
231,40555,0,2
231,40556,0,2
231,40557,0,2
231,40558,0,2
231,40559,0,2
231,40560,0,2
231,40561,0,2
231,40562,0,2
231,40563,0,2
231,40564,0,2
231,40565,0,2
231,40566,0,2
231,40567,0,2
231,40568,0,2
231,40569,0,2
231,40570,0,2
231,40571,0,2
231,40572,0,2
231,40573,0,2
231,40574,0,2
231,40575,0,2
231,40576,0,2
231,40577,0,2
231,40578,0,2
231,40579,0,0
231,40580,0,2
231,40581,0,2
231,40582,0,0
231,40583,0,2
231,40584,0,2
231,40585,0,0
231,40586,0,2
231,40587,0,2
231,40588,0,0
231,40589,0,2
231,40590,0,2
231,40591,0,2
231,40592,0,2
231,40593,0,2
231,40594,0,2
231,40595,0,2
231,40596,0,2
231,40597,0,0
231,40598,0,2
231,40599,0,2
231,40600,0,2
231,40601,0,0
231,40602,0,2
231,40603,0,2
231,40604,0,2
231,40605,0,0
231,40606,0,2
231,40607,0,0
231,40608,0,0
231,40609,0,0
231,40610,0,0
231,40611,0,0
231,40612,0,0
231,40613,0,0
231,40614,0,0
231,40615,0,0
231,40616,0,0
231,40617,0,0
231,40618,0,0
231,40619,0,0
231,40620,0,0
231,40621,0,2
231,40622,0,0
231,40623,0,2
231,40624,0,0
231,40625,0,0
231,40626,0,2
231,40627,0,0
231,40628,0,0
231,40629,0,0
231,40630,0,2
231,40631,0,0
231,40632,0,0
231,40633,0,0
231,40634,0,0
231,40635,0,0
231,40636,1,0
231,40637,0,0
231,40638,2,2
231,40639,2,0
231,40640,0,0
231,40641,0,0
231,40642,0,0
231,40643,0,0
231,40644,0,0
231,40645,0,0
231,40646,0,0
231,40647,0,0
231,40648,0,2
231,40649,0,0
231,40650,0,0
231,40651,0,0
231,40652,0,0
231,40653,0,0
231,40654,0,1
231,40655,0,0
231,40656,0,0
231,40657,0,0
231,40658,0,0
231,40659,0,0
231,40660,0,0
231,40661,0,0
231,40662,0,0
231,40663,0,0
231,40664,0,0
231,40665,0,2
231,40666,0,0
231,40667,0,0
231,40668,0,0
231,40669,0,0
231,40670,0,0
231,40671,0,0
231,40672,0,2
231,40673,0,0
231,40674,0,0
231,40675,0,2
231,40676,0,0
231,40677,0,0
231,40678,0,0
231,40679,0,0
231,40680,0,2
231,40681,0,1
231,40682,0,0
231,40683,0,1
231,40684,0,2
231,40685,0,0
231,40686,0,1
231,40687,0,2
231,40688,0,1
231,40689,0,1
231,40690,0,2
231,40691,0,0
231,40692,0,2
231,40693,0,0
231,40694,0,0
231,40695,0,0
231,40696,0,2
231,40697,0,2
231,40698,0,2
231,40699,0,2
231,40700,0,2
231,40701,0,2
231,40702,0,2
231,40703,0,0
231,40704,0,2
231,40705,0,2
231,40706,0,0
231,40707,0,2
231,40708,0,0
231,40709,0,0
231,40710,0,2
231,40711,0,0
231,40712,0,0
231,40713,0,2
231,40714,0,0
231,40715,0,2
231,40716,0,0
231,40717,0,2
231,40718,0,2
231,40719,0,0
231,40720,0,0
231,40721,0,2
231,40722,0,0
231,40723,0,2
231,40724,0,2
231,40725,0,0
231,40726,0,1
231,40727,0,2
231,40728,0,0
231,40729,0,0
231,40730,0,2
231,40731,0,2
231,40732,0,0
231,40733,0,2
231,40734,0,2
231,40735,0,0
231,40736,0,2
231,40737,0,2
231,40738,0,1
231,40739,0,2
231,40740,0,2
231,40741,0,0
231,40742,0,2
231,40743,0,2
231,40744,0,0
231,40745,0,2
231,40746,0,2
231,40747,0,0
231,40748,0,2
231,40749,0,2
231,40750,0,0
231,40751,0,2
231,40752,0,2
231,40753,0,2
231,40754,0,2
231,40755,0,2
231,40756,0,2
231,40757,0,2
231,40758,0,2
231,40759,0,2
231,40760,0,2
231,40761,0,2
231,40762,0,2
231,40763,0,1
231,40764,0,2
231,40765,0,2
231,40766,0,2
231,40767,0,2
231,40768,0,2
231,40769,0,2
231,40770,0,2
231,40771,0,2
231,40772,0,2
231,40773,0,0
231,40774,0,2
231,40775,0,2
231,40776,0,2
231,40777,0,2
231,40778,0,2
231,40779,0,2
231,40780,0,2
231,40781,0,2
231,40782,0,2
231,40783,0,2
231,40784,0,2
231,40785,0,1
231,40786,0,2
231,40787,0,2
231,40788,0,2
231,40789,0,2
231,40790,0,2
231,40791,0,2
231,40792,0,2
231,40793,0,0
231,40794,0,2
231,40795,0,2
231,40796,0,2
231,40797,0,2
231,40798,0,2
231,40799,0,2
231,40800,0,2
231,40801,0,2
231,40802,0,2
231,40803,0,2
231,40804,0,2
231,40805,0,2
231,40806,0,0
231,40807,0,2
231,40808,0,2
231,40809,0,2
231,40810,0,2
231,40811,0,2
231,40812,0,0
231,40813,0,2
231,40814,0,2
231,40815,0,2
231,40816,0,2
231,40817,0,2
231,40818,0,0
231,40819,0,2
231,40820,0,2
231,40821,0,2
231,40822,0,2
231,40823,0,2
231,40824,0,2
231,40825,0,2
231,40826,0,2
231,40827,0,0
231,40828,0,2
231,40829,0,2
231,40830,0,0
231,40831,0,0
231,40832,0,2
231,40833,0,0
231,40834,0,0
231,40835,0,0
231,40836,0,0
231,40837,0,0
231,40838,0,0
231,40839,0,0
231,40840,0,0
231,40841,0,0
231,40842,0,0
231,40843,0,2
231,40844,0,0
231,40845,0,0
231,40846,0,0
231,40847,0,0
231,40848,0,0
231,40849,0,0
231,40850,0,0
231,40851,0,0
231,40852,0,0
231,40853,0,0
231,40854,0,0
231,40855,0,0
231,40856,0,0
231,40857,0,0
231,40858,0,0
231,40859,0,0
231,40860,0,0
231,40861,0,0
231,40862,0,0
231,40863,0,0
231,40864,0,0
231,40865,0,0
231,40866,0,0
231,40867,0,0
231,40868,0,0
231,40869,0,0
231,40870,0,0
231,40871,0,0
231,40872,0,0
231,40873,0,0
231,40874,0,0
231,40875,0,0
231,40876,0,0
231,40877,0,0
231,40878,0,0
231,40879,0,0
231,40880,0,0
231,40881,0,0
231,40882,0,0
231,40883,0,0
231,40884,0,0
231,40885,0,0
231,40886,0,0
231,40887,0,0
231,40888,0,0
231,40889,0,0
231,40890,0,0
231,40891,0,0
231,40892,0,0
231,40893,0,0
231,40894,0,0
231,40895,0,0
231,40896,0,0
231,40897,0,0
231,40898,0,0
231,40899,0,0
231,40900,0,0
231,40901,0,0
231,40902,0,0
231,40903,0,0
231,40904,0,0
231,40905,0,0
231,40906,0,0
231,40907,0,0
231,40908,0,0
231,40909,0,0
231,40910,0,0
231,40911,0,0
231,40912,0,0
231,40913,0,0
231,40914,0,0
231,40915,0,0
231,40916,0,0
231,40917,0,0
231,40918,0,0
231,40919,0,0
231,40920,0,0
231,40921,0,0
231,40922,0,0
231,40923,0,0
231,40924,0,0
231,40925,0,0
231,40926,0,0
231,40927,0,0
231,40928,0,0
231,40929,0,0
231,40930,0,0
231,40931,0,0
231,40932,0,0
231,40933,0,0
231,40934,0,0
231,40935,0,0
231,40936,0,0
231,40937,0,0
231,40938,0,0
231,40939,0,0
231,40940,0,0
231,40941,0,0
231,40942,0,0
231,40943,0,0
231,40944,0,0
231,40945,0,0
231,40946,0,0
231,40947,0,0
231,40948,0,0
231,40949,0,0
231,40950,0,0
231,40951,0,0
231,40952,0,0
231,40953,0,0
231,40954,0,0
231,40955,0,0
231,40956,0,0
231,40957,0,0
231,40958,0,0
231,40959,0,0
231,40960,0,0
231,40961,0,0
231,40962,0,0
231,40963,0,0
231,40964,0,0
231,40965,0,0
231,40966,0,0
231,40967,0,0
231,40968,0,0
231,40969,0,0
231,40970,0,0
231,40971,0,0
231,40972,0,0
231,40973,0,0
231,40974,0,0
231,40975,0,0
231,40976,0,0
231,40977,0,0
231,40978,0,0
231,40979,0,0
231,40980,0,0
231,40981,0,0
231,40982,0,0
231,40983,0,0
231,40984,0,0
231,40985,0,0
231,40986,0,0
231,40987,0,0
231,40988,0,0
231,40989,0,0
231,40990,0,0
231,40991,0,0
231,40992,0,0
231,40993,0,0
231,40994,0,0
231,40995,0,0
231,40996,0,0
231,40997,0,0
231,40998,0,0
231,40999,0,0
231,41000,0,0
231,41001,0,0
231,41002,0,0
231,41003,0,0
231,41004,0,0
231,41005,0,1
231,41006,0,0
231,41007,0,1
231,41008,0,1
231,41009,0,0
231,41010,0,0
231,41011,0,0
231,41012,0,0
231,41013,0,0
231,41014,0,0
231,41015,0,0
231,41016,0,0
231,41017,0,0
231,41018,0,0
231,41019,0,0
231,41020,0,0
231,41021,0,0
231,41022,0,0
231,41023,0,0
231,41024,0,0
231,41025,0,0
231,41026,0,0
231,41027,0,0
231,41028,0,1
231,41029,0,1
231,41030,0,0
231,41031,0,0
231,41032,0,0
231,41033,0,0
231,41034,0,0
231,41035,0,0
231,41036,0,0
231,41037,0,0
231,41038,0,0
231,41039,0,0
231,41040,0,0
231,41041,0,0
231,41042,0,0
231,41043,0,0
231,41044,0,0
231,41045,0,0
231,41046,0,1
231,41047,0,0
231,41048,0,0
231,41049,0,0
231,41050,0,0
231,41051,0,2
231,41052,0,0
231,41053,0,0
231,41054,0,2
231,41055,0,0
231,41056,0,0
231,41057,0,1
231,41058,0,2
231,41059,0,0
231,41060,0,1
231,41061,0,0
231,41062,0,0
231,41063,0,1
231,41064,0,1
231,41065,0,0
231,41066,0,0
231,41067,0,0
231,41068,0,2
231,41069,0,0
231,41070,0,2
231,41071,0,2
231,41072,0,0
231,41073,0,2
231,41074,0,2
231,41075,0,0
231,41076,0,0
231,41077,0,2
231,41078,0,2
231,41079,0,1
231,41080,0,2
231,41081,0,1
231,41082,0,0
231,41083,0,2
231,41084,0,2
231,41085,0,0
231,41086,0,2
231,41087,0,2
231,41088,0,1
231,41089,0,2
231,41090,0,0
231,41091,0,1
231,41092,0,2
231,41093,0,2
231,41094,0,0
231,41095,0,0
231,41096,0,2
231,41097,0,2
231,41098,0,0
231,41099,0,2
231,41100,0,0
231,41101,0,1
231,41102,0,0
231,41103,0,2
231,41104,0,0
231,41105,0,2
231,41106,0,2
231,41107,0,0
231,41108,0,2
231,41109,0,2
231,41110,0,0
231,41111,0,2
231,41112,0,2
231,41113,0,2
231,41114,0,0
231,41115,0,2
231,41116,0,2
231,41117,0,2
231,41118,0,2
231,41119,0,2
231,41120,0,1
231,41121,0,2
231,41122,0,2
231,41123,0,2
231,41124,0,1
231,41125,0,2
231,41126,0,0
231,41127,0,2
231,41128,0,2
231,41129,0,0
231,41130,0,0
231,41131,0,2
231,41132,0,2
231,41133,0,2
231,41134,0,2
231,41135,0,1
231,41136,0,2
231,41137,0,0
231,41138,0,2
231,41139,0,2
231,41140,0,0
231,41141,0,2
231,41142,0,2
231,41143,0,2
231,41144,0,0
231,41145,0,2
231,41146,0,2
231,41147,0,0
231,41148,0,2
231,41149,0,2
231,41150,0,2
231,41151,0,2
231,41152,0,2
231,41153,0,2
231,41154,0,0
231,41155,0,2
231,41156,0,2
231,41157,0,0
231,41158,0,2
231,41159,0,2
231,41160,0,0
231,41161,0,2
231,41162,0,2
231,41163,0,2
231,41164,0,1
231,41165,0,2
231,41166,0,1
231,41167,0,1
231,41168,0,2
231,41169,0,2
231,41170,0,1
231,41171,0,2
231,41172,0,2
231,41173,0,0
231,41174,0,2
231,41175,0,2
231,41176,0,0
231,41177,0,2
231,41178,0,0
231,41179,0,1
231,41180,0,2
231,41181,0,0
231,41182,0,2
231,41183,0,2
231,41184,0,0
231,41185,0,2
231,41186,0,2
231,41187,0,2
231,41188,0,2
231,41189,0,2
231,41190,0,0
231,41191,0,2
231,41192,0,2
231,41193,0,2
231,41194,0,2
231,41195,0,2
231,41196,0,2
231,41197,0,2
231,41198,0,2
231,41199,0,2
231,41200,0,2
231,41201,0,0
231,41202,0,2
231,41203,0,2
231,41204,0,2
231,41205,0,2
231,41206,0,2
231,41207,0,2
231,41208,0,2
231,41209,0,2
231,41210,0,2
231,41211,0,2
231,41212,0,2
231,41213,0,0
231,41214,0,2
231,41215,0,2
231,41216,0,2
231,41217,0,2
231,41218,0,2
231,41219,0,2
231,41220,0,2
231,41221,0,0
231,41222,0,0
231,41223,0,0
231,41224,0,0
231,41225,0,0
231,41226,0,0
231,41227,0,0
231,41228,0,0
231,41229,0,0
231,41230,0,2
231,41231,0,1
231,41232,0,0
231,41233,0,0
231,41234,0,0
231,41235,0,0
231,41236,0,0
231,41237,0,1
231,41238,0,0
231,41239,0,0
231,41240,0,0
231,41241,0,0
231,41242,0,0
231,41243,0,0
231,41244,0,0
231,41245,0,0
231,41246,0,0
231,41247,0,0
231,41248,0,0
231,41249,0,0
231,41250,0,0
231,41251,0,0
231,41252,0,0
231,41253,0,0
231,41254,0,0
231,41255,0,0
231,41256,0,0
231,41257,0,0
231,41258,0,0
231,41259,0,0
231,41260,0,0
231,41261,0,0
231,41262,0,0
231,41263,0,0
231,41264,0,0
231,41265,0,0
231,41266,0,0
231,41267,0,0
231,41268,0,0
231,41269,0,0
231,41270,0,0
231,41271,0,0
231,41272,0,0
231,41273,0,0
231,41274,0,0
231,41275,0,0
231,41276,0,0
231,41277,0,0
231,41278,0,0
231,41279,0,0
231,41280,0,0
231,41281,0,0
231,41282,0,0
231,41283,0,0
231,41284,0,0
231,41285,0,0
231,41286,0,0
231,41287,0,0
231,41288,0,0
231,41289,0,0
231,41290,0,0
231,41291,0,0
231,41292,0,0
231,41293,0,0
231,41294,0,0
231,41295,0,0
231,41296,0,0
231,41297,0,0
231,41298,0,0
231,41299,0,0
231,41300,0,0
231,41301,0,0
231,41302,0,0
231,41303,0,0
231,41304,0,0
231,41305,0,0
231,41306,0,0
231,41307,0,0
231,41308,0,0
231,41309,0,0
231,41310,0,0
231,41311,0,0
231,41312,0,0
231,41313,0,0
231,41314,0,0
231,41315,0,0
231,41316,0,0
231,41317,0,0
231,41318,0,0
231,41319,0,0
231,41320,0,0
231,41321,0,0
231,41322,0,0
231,41323,0,0
231,41324,0,0
231,41325,0,0
231,41326,0,0
231,41327,0,0
231,41328,0,0
231,41329,0,0
231,41330,0,0
231,41331,0,0
231,41332,0,0
231,41333,0,0
231,41334,0,0
231,41335,0,0
231,41336,0,0
231,41337,0,0
231,41338,0,0
231,41339,0,0
231,41340,0,0
231,41341,0,0
231,41342,0,0
231,41343,0,0
231,41344,0,0
231,41345,0,0
231,41346,0,0
231,41347,0,0
231,41348,0,0
231,41349,0,0
231,41350,0,0
231,41351,0,0
231,41352,0,0
231,41353,0,0
231,41354,0,0
231,41355,0,0
231,41356,0,0
231,41357,0,0
231,41358,0,0
231,41359,0,0
231,41360,0,0
231,41361,0,0
231,41362,0,0
231,41363,0,0
231,41364,0,0
231,41365,0,0
231,41366,0,0
231,41367,0,0
231,41368,0,0
231,41369,0,0
231,41370,0,0
231,41371,0,0
231,41372,0,0
231,41373,0,0
231,41374,0,0
231,41375,0,0
231,41376,0,1
231,41377,0,0
231,41378,0,0
231,41379,0,0
231,41380,0,0
231,41381,0,1
231,41382,0,0
231,41383,0,0
231,41384,0,0
231,41385,0,0
231,41386,0,0
231,41387,0,0
231,41388,0,1
231,41389,0,0
231,41390,0,0
231,41391,0,0
231,41392,0,0
231,41393,0,1
231,41394,0,0
231,41395,0,0
231,41396,0,1
231,41397,0,0
231,41398,0,0
231,41399,0,1
231,41400,0,1
231,41401,0,0
231,41402,0,0
231,41403,0,0
231,41404,0,0
231,41405,0,0
231,41406,0,0
231,41407,0,0
231,41408,0,1
231,41409,0,0
231,41410,0,0
231,41411,0,1
231,41412,0,1
231,41413,0,0
231,41414,0,0
231,41415,0,0
231,41416,0,0
231,41417,0,1
231,41418,0,0
231,41419,0,1
231,41420,0,1
231,41421,0,1
231,41422,0,0
231,41423,0,0
231,41424,0,0
231,41425,0,0
231,41426,0,0
231,41427,0,1
231,41428,0,0
231,41429,0,0
231,41430,0,0
231,41431,0,2
231,41432,0,0
231,41433,0,0
231,41434,0,0
231,41435,0,0
231,41436,0,0
231,41437,0,2
231,41438,0,0
231,41439,0,2
231,41440,0,0
231,41441,0,0
231,41442,0,0
231,41443,0,0
231,41444,0,0
231,41445,0,1
231,41446,0,0
231,41447,0,0
231,41448,0,1
231,41449,0,2
231,41450,0,0
231,41451,0,0
231,41452,0,2
231,41453,0,0
231,41454,0,0
231,41455,0,2
231,41456,0,0
231,41457,0,0
231,41458,0,0
231,41459,0,2
231,41460,0,1
231,41461,0,1
231,41462,0,0
231,41463,0,2
231,41464,0,0
231,41465,0,2
231,41466,0,2
231,41467,0,2
231,41468,0,0
231,41469,0,2
231,41470,0,0
231,41471,0,2
231,41472,0,2
231,41473,0,0
231,41474,0,2
231,41475,0,2
231,41476,0,2
231,41477,0,2
231,41478,0,2
231,41479,0,0
231,41480,0,2
231,41481,0,2
231,41482,0,2
231,41483,0,2
231,41484,0,2
231,41485,0,1
231,41486,0,0
231,41487,0,2
231,41488,0,1
231,41489,0,2
231,41490,0,2
231,41491,0,1
231,41492,0,2
231,41493,0,2
231,41494,0,2
231,41495,0,2
231,41496,0,2
231,41497,0,2
231,41498,0,2
231,41499,0,2
231,41500,0,2
231,41501,0,2
231,41502,0,2
231,41503,0,2
231,41504,0,2
231,41505,0,2
231,41506,0,2
231,41507,0,2
231,41508,0,2
231,41509,0,2
231,41510,0,2
231,41511,0,2
231,41512,0,2
231,41513,0,2
231,41514,0,2
231,41515,0,2
231,41516,0,2
231,41517,0,2
231,41518,0,2
231,41519,0,2
231,41520,0,2
231,41521,0,2
231,41522,0,2
231,41523,0,2
231,41524,0,2
231,41525,0,2
231,41526,0,2
231,41527,0,2
231,41528,0,0
231,41529,0,2
231,41530,0,2
231,41531,0,2
231,41532,0,2
231,41533,0,2
231,41534,0,0
231,41535,0,1
231,41536,0,2
231,41537,0,1
231,41538,0,2
231,41539,0,1
231,41540,0,2
231,41541,0,2
231,41542,0,0
231,41543,0,2
231,41544,0,2
231,41545,0,2
231,41546,0,2
231,41547,0,2
231,41548,0,2
231,41549,0,2
231,41550,0,1
231,41551,0,2
231,41552,0,0
231,41553,0,2
231,41554,0,2
231,41555,0,0
231,41556,0,2
231,41557,0,0
231,41558,0,0
231,41559,0,2
231,41560,0,2
231,41561,0,2
231,41562,0,2
231,41563,0,2
231,41564,0,2
231,41565,0,2
231,41566,0,0
231,41567,0,2
231,41568,0,2
231,41569,0,0
231,41570,0,2
231,41571,0,2
231,41572,0,2
231,41573,0,0
231,41574,0,2
231,41575,0,2
231,41576,0,2
231,41577,0,2
231,41578,0,2
231,41579,0,2
231,41580,0,2
231,41581,0,2
231,41582,0,2
231,41583,0,2
231,41584,0,2
231,41585,0,2
231,41586,0,2
231,41587,0,2
231,41588,0,2
231,41589,0,0
231,41590,0,1
231,41591,0,1
231,41592,0,0
231,41593,0,2
231,41594,0,0
231,41595,0,0
231,41596,0,0
231,41597,0,2
231,41598,0,2
231,41599,0,2
231,41600,0,2
231,41601,0,2
231,41602,0,2
231,41603,0,0
231,41604,0,0
231,41605,0,0
231,41606,0,0
231,41607,0,0
231,41608,0,0
231,41609,0,0
231,41610,0,0
231,41611,0,0
231,41612,0,0
231,41613,0,0
231,41614,0,0
231,41615,0,0
231,41616,0,0
231,41617,0,0
231,41618,0,0
231,41619,0,0
231,41620,0,0
231,41621,0,0
231,41622,0,0
231,41623,0,0
231,41624,0,0
231,41625,0,0
231,41626,0,0
231,41627,0,0
231,41628,0,0
231,41629,0,0
231,41630,0,0
231,41631,0,0
231,41632,0,0
231,41633,0,0
231,41634,0,0
231,41635,0,0
231,41636,0,0
231,41637,0,0
231,41638,0,0
231,41639,0,0
231,41640,0,0
231,41641,0,0
231,41642,0,0
231,41643,0,0
231,41644,0,0
231,41645,0,0
231,41646,0,0
231,41647,0,0
231,41648,0,0
231,41649,0,0
231,41650,0,0
231,41651,0,0
231,41652,0,0
231,41653,0,0
231,41654,0,0
231,41655,0,0
231,41656,0,0
231,41657,0,0
231,41658,0,0
231,41659,0,0
231,41660,0,0
231,41661,0,0
231,41662,0,0
231,41663,0,0
231,41664,0,0
231,41665,0,0
231,41666,0,0
231,41667,0,0
231,41668,0,0
231,41669,0,0
231,41670,0,0
231,41671,0,0
231,41672,0,0
231,41673,0,0
231,41674,0,0
231,41675,0,1
231,41676,0,0
231,41677,0,1
231,41678,0,0
231,41679,0,0
231,41680,0,0
231,41681,0,0
231,41682,0,0
231,41683,0,1
231,41684,0,1
231,41685,0,0
231,41686,0,0
231,41687,0,1
231,41688,0,1
231,41689,0,1
231,41690,0,0
231,41691,0,1
231,41692,0,0
231,41693,0,1
231,41694,0,1
231,41695,0,0
231,41696,0,0
231,41697,0,0
231,41698,0,1
231,41699,0,1
231,41700,0,0
231,41701,0,0
231,41702,0,0
231,41703,0,0
231,41704,0,0
231,41705,0,1
231,41706,0,0
231,41707,0,0
231,41708,0,1
231,41709,0,1
231,41710,0,0
231,41711,0,0
231,41712,0,0
231,41713,0,1
231,41714,0,0
231,41715,0,0
231,41716,0,0
231,41717,0,0
231,41718,0,0
231,41719,0,0
231,41720,0,0
231,41721,0,0
231,41722,0,0
231,41723,0,0
231,41724,0,0
231,41725,0,0
231,41726,0,0
231,41727,0,0
231,41728,0,1
231,41729,0,0
231,41730,0,0
231,41731,0,0
231,41732,0,2
231,41733,0,0
231,41734,0,0
231,41735,0,1
231,41736,0,0
231,41737,0,1
231,41738,0,2
231,41739,0,0
231,41740,0,0
231,41741,0,2
231,41742,0,0
231,41743,0,0
231,41744,0,1
231,41745,0,0
231,41746,0,2
231,41747,0,2
231,41748,0,2
231,41749,0,0
231,41750,0,2
231,41751,0,1
231,41752,0,2
231,41753,0,2
231,41754,0,0
231,41755,0,2
231,41756,0,2
231,41757,0,2
231,41758,0,1
231,41759,0,2
231,41760,0,2
231,41761,0,2
231,41762,0,2
231,41763,0,2
231,41764,0,2
231,41765,0,2
231,41766,0,2
231,41767,0,2
231,41768,0,2
231,41769,0,2
231,41770,0,2
231,41771,0,2
231,41772,0,2
231,41773,0,2
231,41774,0,2
231,41775,0,2
231,41776,0,1
231,41777,0,2
231,41778,0,2
231,41779,0,2
231,41780,0,2
231,41781,0,2
231,41782,0,2
231,41783,0,2
231,41784,0,0
231,41785,0,2
231,41786,0,2
231,41787,0,2
231,41788,0,2
231,41789,0,2
231,41790,0,2
231,41791,0,2
231,41792,0,2
231,41793,0,1
231,41794,0,2
231,41795,0,2
231,41796,0,2
231,41797,0,2
231,41798,0,2
231,41799,0,2
231,41800,0,1
231,41801,0,2
231,41802,0,1
231,41803,0,2
231,41804,0,2
231,41805,0,2
231,41806,0,2
231,41807,0,2
231,41808,0,2
231,41809,0,2
231,41810,0,2
231,41811,0,2
231,41812,0,2
231,41813,0,2
231,41814,0,2
231,41815,0,2
231,41816,0,2
231,41817,0,2
231,41818,0,2
231,41819,0,2
231,41820,0,2
231,41821,0,2
231,41822,0,2
231,41823,0,2
231,41824,0,2
231,41825,0,2
231,41826,0,2
231,41827,0,2
231,41828,0,2
231,41829,0,2
231,41830,0,2
231,41831,0,2
231,41832,0,2
231,41833,0,2
231,41834,0,2
231,41835,0,2
231,41836,0,2
231,41837,0,2
231,41838,0,2
231,41839,0,2
231,41840,0,2
231,41841,0,2
231,41842,0,2
231,41843,0,2
231,41844,0,1
231,41845,0,2
231,41846,0,2
231,41847,0,2
231,41848,0,2
231,41849,0,2
231,41850,0,1
231,41851,0,2
231,41852,0,2
231,41853,0,2
231,41854,0,2
231,41855,0,2
231,41856,0,2
231,41857,0,2
231,41858,0,2
231,41859,0,2
231,41860,0,2
231,41861,0,2
231,41862,0,2
231,41863,0,2
231,41864,0,2
231,41865,0,2
231,41866,0,2
231,41867,0,2
231,41868,0,2
231,41869,0,2
231,41870,0,2
231,41871,0,2
231,41872,0,0
231,41873,0,2
231,41874,0,2
231,41875,0,2
231,41876,0,2
231,41877,0,2
231,41878,0,2
231,41879,0,2
231,41880,0,2
231,41881,0,2
231,41882,0,2
231,41883,0,2
231,41884,0,2
231,41885,0,2
231,41886,0,2
231,41887,0,2
231,41888,0,2
231,41889,0,2
231,41890,0,2
231,41891,0,2
231,41892,0,2
231,41893,0,2
231,41894,0,2
231,41895,0,2
231,41896,0,2
231,41897,0,2
231,41898,0,2
231,41899,0,2
231,41900,0,2
231,41901,0,2
231,41902,0,2
231,41903,0,2
231,41904,0,2
231,41905,0,2
231,41906,0,2
231,41907,0,2
231,41908,0,2
231,41909,0,2
231,41910,0,2
231,41911,0,2
231,41912,0,2
231,41913,0,2
231,41914,0,2
231,41915,0,2
231,41916,0,2
231,41917,0,2
231,41918,0,2
231,41919,0,2
231,41920,0,2
231,41921,0,2
231,41922,0,2
231,41923,0,2
231,41924,0,2
231,41925,0,2
231,41926,0,2
231,41927,0,2
231,41928,0,2
231,41929,0,2
231,41930,0,2
231,41931,0,2
231,41932,0,2
231,41933,0,2
231,41934,0,2
231,41935,0,2
231,41936,0,2
231,41937,0,2
231,41938,0,2
231,41939,0,2
231,41940,0,2
231,41941,0,2
231,41942,0,2
231,41943,0,2
231,41944,0,2
231,41945,0,2
231,41946,0,2
231,41947,0,2
231,41948,0,2
231,41949,0,2
231,41950,0,2
231,41951,0,2
231,41952,0,2
231,41953,0,2
231,41954,0,2
231,41955,0,2
231,41956,0,2
231,41957,0,2
231,41958,0,2
231,41959,0,2
231,41960,0,2
231,41961,0,2
231,41962,0,2
231,41963,0,2
231,41964,0,2
231,41965,0,2
231,41966,0,2
231,41967,0,2
231,41968,0,2
231,41969,0,2
231,41970,0,2
231,41971,0,2
231,41972,0,2
231,41973,0,2
231,41974,0,2
231,41975,0,2
231,41976,0,2
231,41977,0,2
231,41978,0,2
231,41979,0,2
231,41980,0,2
231,41981,0,2
231,41982,0,2
231,41983,0,2
231,41984,0,2
231,41985,0,2
231,41986,0,2
231,41987,0,2
231,41988,0,2
231,41989,0,2
231,41990,0,2
231,41991,0,2
231,41992,0,2
231,41993,0,2
231,41994,0,2
231,41995,0,2
231,41996,0,2
231,41997,0,2
231,41998,0,2
231,41999,0,2
231,42000,0,2
231,42001,0,2
231,42002,0,2
231,42003,0,2
231,42004,0,2
231,42005,0,2
231,42006,0,2
231,42007,0,2
231,42008,0,2
231,42009,0,2
231,42010,0,2
231,42011,0,2
231,42012,0,2
231,42013,0,2
231,42014,0,2
231,42015,0,2
231,42016,0,2
231,42017,0,2
231,42018,0,2
231,42019,0,2
231,42020,0,2
231,42021,0,2
231,42022,0,2
231,42023,0,2
231,42024,0,2
231,42025,0,2
231,42026,0,2
231,42027,0,2
231,42028,0,0
231,42029,0,2
231,42030,0,2
231,42031,0,2
231,42032,0,2
231,42033,0,2
231,42034,0,2
231,42035,0,2
231,42036,0,2
231,42037,0,2
231,42038,0,2
231,42039,0,2
231,42040,0,2
231,42041,0,2
231,42042,0,2
231,42043,0,2
231,42044,0,2
231,42045,0,2
231,42046,0,2
231,42047,0,2
231,42048,0,2
231,42049,0,2
231,42050,0,2
231,42051,0,2
231,42052,0,2
231,42053,0,2
231,42054,0,2
231,42055,0,2
231,42056,0,2
231,42057,0,2
231,42058,0,2
231,42059,0,2
231,42060,0,2
231,42061,0,2
231,42062,0,2
231,42063,0,2
231,42064,0,2
231,42065,0,2
231,42066,0,0
231,42067,0,2
231,42068,0,2
231,42069,0,2
231,42070,0,2
231,42071,0,2
231,42072,0,2
231,42073,0,2
231,42074,0,2
232,42075,0,2
232,42076,1,0
232,42077,1,0
232,42078,0,0
232,42079,1,3
232,42080,1,0
232,42081,0,2
232,42082,1,2
232,42083,0,2
232,42084,1,3
232,42085,0,2
232,42086,1,0
232,42087,0,2
232,42088,1,2
232,42089,1,0
232,42090,0,2
232,42091,1,2
232,42092,1,3
232,42093,1,0
232,42094,1,2
232,42095,1,0
232,42096,1,3
232,42097,1,3
232,42098,0,0
232,42099,0,2
232,42100,0,2
232,42101,1,0
232,42102,1,2
232,42103,0,2
232,42104,1,0
232,42105,1,0
232,42106,1,3
232,42107,1,3
232,42108,1,3
232,42109,1,3
232,42110,1,0
232,42111,1,0
232,42112,1,0
232,42113,1,2
232,42114,1,2
232,42115,0,2
232,42116,0,2
232,42117,1,3
232,42118,1,0
232,42119,0,2
232,42120,1,0
232,42121,1,3
232,42122,1,0
232,42123,0,2
232,42124,0,2
232,42125,1,0
232,42126,1,0
232,42127,1,3
232,42128,1,2
232,42129,1,0
232,42130,0,0
232,42131,0,2
232,42132,1,0
232,42133,1,0
232,42134,0,0
232,42135,1,3
232,42136,1,3
232,42137,0,0
232,42138,1,0
232,42139,1,0
232,42140,1,2
232,42141,0,2
232,42142,0,2
232,42143,0,0
232,42144,1,0
232,42145,1,0
232,42146,1,0
232,42147,1,0
232,42148,1,0
232,42149,1,0
232,42150,1,2
232,42151,1,2
232,42152,1,2
232,42153,1,0
232,42154,0,2
232,42155,1,0
232,42156,1,2
232,42157,1,2
232,42158,0,2
232,42159,1,2
232,42160,1,0
232,42161,0,2
232,42162,1,0
232,42163,1,2
232,42164,1,3
232,42165,1,0
232,42166,1,3
232,42167,0,2
232,42168,1,2
232,42169,1,2
232,42170,0,2
232,42171,1,0
232,42172,1,0
232,42173,1,0
232,42174,0,2
232,42175,1,0
232,42176,1,0
232,42177,0,2
232,42178,1,3
232,42179,1,2
232,42180,1,0
232,42181,0,2
232,42182,1,2
232,42183,1,2
232,42184,0,0
232,42185,1,2
232,42186,1,3
232,42187,0,2
232,42188,1,3
232,42189,1,0
232,42190,0,0
232,42191,1,0
232,42192,1,0
232,42193,0,0
232,42194,1,3
232,42195,1,0
232,42196,1,0
232,42197,1,0
232,42198,1,2
232,42199,0,2
232,42200,1,2
232,42201,1,2
232,42202,1,2
232,42203,1,3
232,42204,1,3
232,42205,1,3
232,42206,1,3
232,42207,1,3
232,42208,1,3
232,42209,1,3
232,42210,0,2
232,42211,0,2
232,42212,1,2
232,42213,1,2
232,42214,1,2
232,42215,1,3
232,42216,0,2
232,42217,1,2
232,42218,1,0
232,42219,0,2
232,42220,1,2
232,42221,1,2
232,42222,0,0
232,42223,1,0
232,42224,1,2
232,42225,0,2
232,42226,1,0
232,42227,1,2
232,42228,0,2
232,42229,1,0
232,42230,1,3
232,42231,1,3
232,42232,1,0
232,42233,1,2
232,42234,0,0
232,42235,0,0
232,42236,1,3
232,42237,1,0
232,42238,0,0
232,42239,1,0
232,42240,1,0
232,42241,1,0
232,42242,1,0
232,42243,1,2
232,42244,0,2
232,42245,1,0
232,42246,0,2
232,42247,1,0
232,42248,0,2
232,42249,1,3
232,42250,0,0
232,42251,1,0
232,42252,1,0
232,42253,0,2
232,42254,1,0
232,42255,1,3
232,42256,0,0
232,42257,1,0
232,42258,1,2
232,42259,0,2
232,42260,1,3
232,42261,0,0
232,42262,1,0
232,42263,1,0
232,42264,0,0
232,42265,1,0
232,42266,1,2
232,42267,1,2
232,42268,0,2
232,42269,1,0
232,42270,0,2
232,42271,1,0
232,42272,1,2
232,42273,1,0
232,42274,1,2
232,42275,0,0
232,42276,0,2
232,42277,1,0
232,42278,1,0
232,42279,0,2
232,42280,1,0
232,42281,1,0
232,42282,0,0
232,42283,1,0
232,42284,1,0
232,42285,0,0
232,42286,1,0
232,42287,1,3
232,42288,1,2
232,42289,1,3
232,42290,1,0
232,42291,0,2
232,42292,1,0
232,42293,1,0
232,42294,1,2
232,42295,1,2
232,42296,1,0
232,42297,1,3
232,42298,1,3
232,42299,1,3
232,42300,1,2
232,42301,1,3
232,42302,1,0
232,42303,1,2
232,42304,1,2
232,42305,1,3
232,42306,1,3
232,42307,0,2
232,42308,1,2
232,42309,1,0
232,42310,1,2
232,42311,1,2
232,42312,0,2
232,42313,0,0
232,42314,1,0
232,42315,1,0
232,42316,1,3
232,42317,1,3
232,42318,1,3
232,42319,1,3
232,42320,1,0
232,42321,1,2
232,42322,0,2
232,42323,1,3
232,42324,1,2
232,42325,0,2
232,42326,1,2
232,42327,0,2
232,42328,1,2
232,42329,1,3
232,42330,1,0
232,42331,1,0
232,42332,0,2
232,42333,1,0
232,42334,1,0
232,42335,0,2
232,42336,1,0
232,42337,1,0
232,42338,1,0
232,42339,1,3
232,42340,1,2
232,42341,0,2
232,42342,1,0
232,42343,0,0
232,42344,1,0
232,42345,1,3
232,42346,1,0
232,42347,1,0
232,42348,0,2
232,42349,1,0
232,42350,1,2
232,42351,0,2
232,42352,1,0
232,42353,1,2
232,42354,1,2
232,42355,0,2
232,42356,0,2
232,42357,1,2
232,42358,1,2
232,42359,0,2
232,42360,1,2
232,42361,1,2
232,42362,0,0
232,42363,0,2
232,42364,1,3
232,42365,1,0
232,42366,1,2
232,42367,1,3
232,42368,1,2
232,42369,1,0
232,42370,1,0
232,42371,0,2
232,42372,0,0
232,42373,1,0
232,42374,1,2
232,42375,1,2
232,42376,1,2
232,42377,0,2
232,42378,1,0
232,42379,1,2
232,42380,1,2
232,42381,1,2
232,42382,1,2
232,42383,0,2
232,42384,0,2
232,42385,1,2
232,42386,0,0
232,42387,1,3
232,42388,1,0
232,42389,1,0
232,42390,1,0
232,42391,1,0
232,42392,1,3
232,42393,1,0
232,42394,1,2
232,42395,0,2
232,42396,1,3
232,42397,0,0
232,42398,1,0
232,42399,1,3
232,42400,0,0
232,42401,1,0
232,42402,1,0
232,42403,1,0
232,42404,1,3
232,42405,1,0
232,42406,0,2
232,42407,1,2
232,42408,1,2
232,42409,1,2
232,42410,1,2
232,42411,0,2
232,42412,1,3
232,42413,1,0
232,42414,1,0
232,42415,1,3
232,42416,0,2
232,42417,1,0
232,42418,1,0
232,42419,1,0
232,42420,1,0
232,42421,0,2
232,42422,1,0
232,42423,1,3
232,42424,0,2
232,42425,0,2
232,42426,0,0
232,42427,1,0
232,42428,1,0
232,42429,1,2
232,42430,1,2
232,42431,1,2
232,42432,1,2
232,42433,1,3
232,42434,0,2
232,42435,0,0
232,42436,1,0
232,42437,1,3
232,42438,1,3
232,42439,1,3
232,42440,0,2
232,42441,1,2
232,42442,1,2
232,42443,0,2
232,42444,1,0
232,42445,1,2
232,42446,1,3
232,42447,1,3
232,42448,1,3
232,42449,1,3
232,42450,0,2
232,42451,0,2
232,42452,1,0
232,42453,1,0
232,42454,1,0
232,42455,1,3
232,42456,1,2
232,42457,1,3
232,42458,0,2
232,42459,1,2
232,42460,1,0
232,42461,1,0
232,42462,1,0
232,42463,1,2
232,42464,1,2
232,42465,1,2
232,42466,0,2
232,42467,0,2
232,42468,1,0
232,42469,1,0
232,42470,1,0
232,42471,0,0
232,42472,1,0
232,42473,1,0
232,42474,0,2
232,42475,1,0
232,42476,1,0
232,42477,1,0
232,42478,1,0
232,42479,1,3
232,42480,1,0
232,42481,1,0
232,42482,1,0
232,42483,1,0
232,42484,1,2
232,42485,0,2
232,42486,1,0
232,42487,1,0
232,42488,0,0
232,42489,1,0
232,42490,1,0
232,42491,1,0
232,42492,1,0
232,42493,1,3
232,42494,0,2
232,42495,0,2
232,42496,1,2
232,42497,1,0
232,42498,0,2
232,42499,1,0
232,42500,1,2
232,42501,1,0
232,42502,1,3
232,42503,0,2
232,42504,1,2
232,42505,1,3
232,42506,0,2
232,42507,1,0
232,42508,1,0
232,42509,1,0
232,42510,1,0
232,42511,1,0
232,42512,1,0
232,42513,0,2
232,42514,1,0
232,42515,1,0
232,42516,1,0
232,42517,1,2
232,42518,1,0
232,42519,0,2
232,42520,1,0
232,42521,1,0
232,42522,1,0
232,42523,1,0
232,42524,0,0
232,42525,1,0
232,42526,1,0
232,42527,1,0
232,42528,1,2
232,42529,1,0
232,42530,1,2
232,42531,0,2
232,42532,1,2
232,42533,1,2
232,42534,1,0
232,42535,0,2
232,42536,0,2
232,42537,1,0
232,42538,1,0
232,42539,0,2
232,42540,1,0
232,42541,1,0
232,42542,0,2
232,42543,1,0
232,42544,1,2
232,42545,1,0
232,42546,0,2
232,42547,1,0
232,42548,1,2
232,42549,1,3
232,42550,0,2
232,42551,1,0
232,42552,1,2
232,42553,1,0
232,42554,1,0
232,42555,1,2
232,42556,0,2
232,42557,1,0
232,42558,1,2
232,42559,1,2
232,42560,1,0
232,42561,1,0
232,42562,1,2
232,42563,0,2
232,42564,1,0
232,42565,1,3
232,42566,0,0
232,42567,1,0
232,42568,1,0
232,42569,1,0
232,42570,1,0
232,42571,1,0
232,42572,1,0
232,42573,1,0
232,42574,1,2
232,42575,0,2
232,42576,1,3
232,42577,1,0
232,42578,1,0
232,42579,1,0
232,42580,1,0
232,42581,1,0
232,42582,1,0
232,42583,0,2
232,42584,1,0
232,42585,1,0
232,42586,1,0
232,42587,1,0
232,42588,0,0
232,42589,1,0
232,42590,1,3
232,42591,0,2
232,42592,1,0
232,42593,0,2
232,42594,1,0
232,42595,1,0
232,42596,1,0
232,42597,1,0
232,42598,1,0
232,42599,1,0
232,42600,0,2
232,42601,1,2
232,42602,1,2
232,42603,0,2
232,42604,1,0
232,42605,0,2
232,42606,1,0
232,42607,1,0
232,42608,1,0
232,42609,1,0
232,42610,1,2
232,42611,1,0
232,42612,0,2
232,42613,1,0
232,42614,1,2
232,42615,0,2
232,42616,1,2
232,42617,1,3
232,42618,0,2
232,42619,1,0
232,42620,1,0
232,42621,1,0
232,42622,1,2
232,42623,0,2
232,42624,1,0
232,42625,1,0
232,42626,1,0
232,42627,1,2
232,42628,0,2
232,42629,1,0
232,42630,1,2
232,42631,1,2
232,42632,0,2
232,42633,1,0
232,42634,1,2
232,42635,1,2
232,42636,1,0
232,42637,1,2
232,42638,0,2
232,42639,1,0
232,42640,1,0
232,42641,1,2
232,42642,1,2
232,42643,1,2
232,42644,0,2
232,42645,1,0
232,42646,1,2
232,42647,0,2
232,42648,1,0
232,42649,1,0
232,42650,1,2
232,42651,1,2
232,42652,0,2
232,42653,0,0
232,42654,1,2
232,42655,1,2
232,42656,0,2
232,42657,1,0
232,42658,1,0
232,42659,1,0
232,42660,0,2
232,42661,1,0
232,42662,1,2
232,42663,1,0
232,42664,1,3
232,42665,1,0
232,42666,1,2
232,42667,1,0
232,42668,1,0
232,42669,1,0
232,42670,1,0
232,42671,0,2
232,42672,1,0
232,42673,1,0
232,42674,1,0
232,42675,1,0
232,42676,0,0
232,42677,1,0
232,42678,1,0
232,42679,1,2
232,42680,0,2
232,42681,1,0
232,42682,1,0
232,42683,1,0
232,42684,1,0
232,42685,0,2
232,42686,1,0
232,42687,1,0
232,42688,1,0
232,42689,1,0
232,42690,0,2
232,42691,1,0
232,42692,1,0
232,42693,1,0
232,42694,0,2
232,42695,1,0
232,42696,1,0
232,42697,1,3
232,42698,1,2
232,42699,1,2
232,42700,1,0
232,42701,0,2
232,42702,1,0
232,42703,1,0
232,42704,0,2
232,42705,1,0
232,42706,1,2
232,42707,0,2
232,42708,1,0
232,42709,1,0
232,42710,0,2
232,42711,1,0
232,42712,1,0
232,42713,1,0
232,42714,1,3
232,42715,0,2
232,42716,0,2
232,42717,1,2
232,42718,1,0
232,42719,1,0
232,42720,1,2
232,42721,1,0
232,42722,1,0
232,42723,1,2
232,42724,0,2
232,42725,0,2
232,42726,1,2
232,42727,1,0
232,42728,0,2
232,42729,1,0
232,42730,1,0
232,42731,1,0
232,42732,1,0
232,42733,0,2
232,42734,1,0
232,42735,1,0
232,42736,1,0
232,42737,0,2
232,42738,1,0
232,42739,1,2
232,42740,1,2
232,42741,1,0
232,42742,0,2
232,42743,1,0
232,42744,1,0
232,42745,1,2
232,42746,1,0
232,42747,0,2
232,42748,1,0
232,42749,1,0
232,42750,1,2
232,42751,1,2
232,42752,1,0
232,42753,1,0
232,42754,1,0
232,42755,0,0
232,42756,1,0
232,42757,1,2
232,42758,1,2
232,42759,1,2
232,42760,1,0
232,42761,1,0
232,42762,1,0
232,42763,1,2
232,42764,1,0
232,42765,1,0
232,42766,1,2
232,42767,1,0
232,42768,1,0
232,42769,1,0
232,42770,1,0
232,42771,1,0
232,42772,1,0
232,42773,1,0
232,42774,1,0
232,42775,1,0
232,42776,1,0
232,42777,1,3
232,42778,1,2
232,42779,1,0
232,42780,1,2
232,42781,1,0
232,42782,1,0
232,42783,1,0
232,42784,1,0
232,42785,1,0
232,42786,1,0
232,42787,1,0
232,42788,1,0
232,42789,1,0
232,42790,1,0
232,42791,1,0
232,42792,0,2
232,42793,1,0
232,42794,0,2
232,42795,1,0
232,42796,1,0
232,42797,1,0
232,42798,1,0
232,42799,1,0
232,42800,1,0
232,42801,0,0
232,42802,1,0
232,42803,1,0
232,42804,1,0
232,42805,1,0
232,42806,1,0
232,42807,1,0
232,42808,1,2
232,42809,1,0
232,42810,1,0
232,42811,1,0
232,42812,1,2
232,42813,1,2
232,42814,0,0
232,42815,1,0
232,42816,1,2
232,42817,0,2
232,42818,1,0
232,42819,1,0
232,42820,1,2
232,42821,0,2
232,42822,1,3
232,42823,1,0
232,42824,1,0
232,42825,1,0
232,42826,1,0
232,42827,1,2
232,42828,0,2
232,42829,1,2
232,42830,1,3
232,42831,0,2
232,42832,1,2
232,42833,0,2
232,42834,1,0
232,42835,1,2
232,42836,0,2
232,42837,1,3
232,42838,1,0
232,42839,0,2
232,42840,1,0
232,42841,1,0
232,42842,1,2
232,42843,1,3
232,42844,0,2
232,42845,1,2
232,42846,1,3
232,42847,1,3
232,42848,1,0
232,42849,1,2
232,42850,1,0
232,42851,1,0
232,42852,1,0
232,42853,0,2
232,42854,1,2
232,42855,1,0
232,42856,0,0
232,42857,1,0
232,42858,1,2
232,42859,1,2
232,42860,0,2
232,42861,1,0
232,42862,1,2
232,42863,0,2
232,42864,1,2
232,42865,1,3
232,42866,0,2
232,42867,1,0
232,42868,1,2
232,42869,0,2
232,42870,1,0
232,42871,1,0
232,42872,1,2
232,42873,0,2
232,42874,1,0
232,42875,1,2
232,42876,0,2
232,42877,1,0
232,42878,1,2
232,42879,0,2
232,42880,1,2
232,42881,1,2
232,42882,0,2
232,42883,1,0
232,42884,1,2
232,42885,1,3
232,42886,1,0
232,42887,1,2
232,42888,1,0
232,42889,1,0
232,42890,1,0
232,42891,1,0
232,42892,1,2
232,42893,1,0
232,42894,1,0
232,42895,1,2
232,42896,1,0
232,42897,0,2
232,42898,1,0
232,42899,1,0
232,42900,1,2
232,42901,1,0
232,42902,0,2
232,42903,1,2
232,42904,1,0
232,42905,0,2
232,42906,1,0
232,42907,1,0
232,42908,0,0
232,42909,1,0
232,42910,1,2
232,42911,0,2
232,42912,1,0
232,42913,1,2
232,42914,0,2
232,42915,1,0
232,42916,1,2
232,42917,1,2
232,42918,0,0
232,42919,1,0
232,42920,1,0
232,42921,0,0
232,42922,1,0
232,42923,1,2
232,42924,0,2
232,42925,1,0
232,42926,1,2
232,42927,1,2
232,42928,0,2
232,42929,1,2
232,42930,1,3
232,42931,0,2
232,42932,1,2
232,42933,1,3
232,42934,0,2
232,42935,1,0
232,42936,1,2
232,42937,1,2
232,42938,1,2
232,42939,0,2
232,42940,1,0
232,42941,1,0
232,42942,1,2
232,42943,1,2
232,42944,1,2
232,42945,1,2
232,42946,1,3
232,42947,0,2
232,42948,1,2
232,42949,1,0
232,42950,0,0
232,42951,1,2
232,42952,0,2
232,42953,1,3
232,42954,1,0
232,42955,0,2
232,42956,1,0
232,42957,1,0
232,42958,1,0
232,42959,1,0
232,42960,1,0
232,42961,1,0
232,42962,0,2
232,42963,0,2
232,42964,0,2
232,42965,1,0
232,42966,1,0
232,42967,1,3
232,42968,1,2
232,42969,1,3
232,42970,0,2
232,42971,1,2
232,42972,1,0
232,42973,1,0
232,42974,0,0
232,42975,0,0
232,42976,1,0
232,42977,1,0
232,42978,1,0
232,42979,1,0
232,42980,1,2
232,42981,1,0
232,42982,1,0
232,42983,1,2
232,42984,1,2
232,42985,0,2
232,42986,0,2
232,42987,1,0
232,42988,1,0
232,42989,1,2
232,42990,1,2
232,42991,1,3
232,42992,1,2
232,42993,0,0
232,42994,1,0
232,42995,1,0
232,42996,0,2
232,42997,1,0
232,42998,1,0
232,42999,1,0
232,43000,0,2
232,43001,0,0
232,43002,1,0
232,43003,1,0
232,43004,1,0
232,43005,1,2
232,43006,1,2
232,43007,1,0
232,43008,0,0
232,43009,1,0
232,43010,1,0
232,43011,0,2
232,43012,1,0
232,43013,1,0
232,43014,1,0
232,43015,1,3
232,43016,1,3
232,43017,0,0
232,43018,1,0
232,43019,1,0
232,43020,1,0
232,43021,1,0
232,43022,1,0
232,43023,1,0
232,43024,0,2
232,43025,1,0
232,43026,1,0
232,43027,1,0
232,43028,0,0
232,43029,0,2
232,43030,1,0
232,43031,1,0
232,43032,0,0
232,43033,1,0
232,43034,1,0
232,43035,1,0
232,43036,1,0
232,43037,1,2
232,43038,1,0
232,43039,1,0
232,43040,1,0
232,43041,0,0
232,43042,0,2
232,43043,1,0
232,43044,1,0
232,43045,1,2
232,43046,1,0
232,43047,1,0
232,43048,1,0
232,43049,1,2
232,43050,0,0
232,43051,0,2
232,43052,1,0
232,43053,1,0
232,43054,0,2
232,43055,1,0
232,43056,1,0
232,43057,1,0
232,43058,1,0
232,43059,1,0
232,43060,1,0
232,43061,1,0
232,43062,1,0
232,43063,0,0
232,43064,0,0
232,43065,0,2
232,43066,1,0
232,43067,1,0
232,43068,1,0
232,43069,1,0
232,43070,1,0
232,43071,1,0
232,43072,1,0
232,43073,1,0
232,43074,1,3
232,43075,1,2
232,43076,0,0
232,43077,0,2
232,43078,1,2
232,43079,1,3
232,43080,0,2
232,43081,1,0
232,43082,1,3
232,43083,1,0
232,43084,1,0
232,43085,1,3
232,43086,1,3
232,43087,0,0
232,43088,1,0
232,43089,1,0
232,43090,1,2
232,43091,1,0
232,43092,0,0
232,43093,0,0
232,43094,1,0
232,43095,1,0
232,43096,1,2
232,43097,1,0
232,43098,1,2
232,43099,1,3
232,43100,0,0
232,43101,0,2
232,43102,1,0
232,43103,1,0
232,43104,1,2
232,43105,1,0
232,43106,1,0
232,43107,1,0
232,43108,1,0
232,43109,0,2
232,43110,0,0
232,43111,0,2
232,43112,1,0
232,43113,1,0
232,43114,1,0
232,43115,1,2
232,43116,1,2
232,43117,1,3
232,43118,0,2
232,43119,1,0
232,43120,1,0
232,43121,0,0
232,43122,1,0
232,43123,1,0
232,43124,1,0
232,43125,0,0
232,43126,1,0
232,43127,1,0
232,43128,1,0
232,43129,1,0
232,43130,1,0
232,43131,1,0
232,43132,1,0
232,43133,1,0
232,43134,0,2
232,43135,0,2
232,43136,1,0
232,43137,1,0
232,43138,1,0
232,43139,1,0
232,43140,1,0
232,43141,1,0
232,43142,1,0
232,43143,1,2
232,43144,1,0
232,43145,1,0
232,43146,1,0
232,43147,0,0
232,43148,0,0
232,43149,1,0
232,43150,1,0
232,43151,1,0
232,43152,1,0
232,43153,1,0
232,43154,1,0
232,43155,1,0
232,43156,1,2
232,43157,0,2
232,43158,0,3
232,43159,1,0
232,43160,1,0
232,43161,1,2
232,43162,0,0
232,43163,1,3
232,43164,1,0
232,43165,0,0
232,43166,1,0
232,43167,1,0
232,43168,1,2
232,43169,1,2
232,43170,1,0
232,43171,1,2
232,43172,0,2
232,43173,0,2
232,43174,0,2
232,43175,1,0
232,43176,1,0
232,43177,1,3
232,43178,1,2
232,43179,0,2
232,43180,0,2
232,43181,1,0
232,43182,1,0
232,43183,1,0
232,43184,1,0
232,43185,1,0
232,43186,1,2
232,43187,1,0
232,43188,1,2
232,43189,1,2
232,43190,0,0
232,43191,0,0
232,43192,0,2
232,43193,1,0
232,43194,1,2
232,43195,1,0
232,43196,1,2
232,43197,1,0
232,43198,1,0
232,43199,1,0
232,43200,1,2
232,43201,0,0
232,43202,1,0
232,43203,1,0
232,43204,1,0
232,43205,1,0
232,43206,1,3
232,43207,0,0
232,43208,0,2
232,43209,1,0
232,43210,1,0
232,43211,1,0
232,43212,1,0
232,43213,1,0
232,43214,1,3
232,43215,1,0
232,43216,1,2
232,43217,1,0
232,43218,1,2
232,43219,1,0
232,43220,0,0
232,43221,0,0
232,43222,1,0
232,43223,1,0
232,43224,1,0
232,43225,1,0
232,43226,1,0
232,43227,1,0
232,43228,1,0
232,43229,0,2
232,43230,0,2
232,43231,0,2
232,43232,1,0
232,43233,1,0
232,43234,1,2
232,43235,1,0
232,43236,1,0
232,43237,1,0
232,43238,1,0
232,43239,1,0
232,43240,1,0
232,43241,1,0
232,43242,1,3
232,43243,0,0
232,43244,0,0
232,43245,1,0
232,43246,1,0
232,43247,1,0
232,43248,1,0
232,43249,1,0
232,43250,1,0
232,43251,1,0
232,43252,1,0
232,43253,0,0
232,43254,0,0
232,43255,1,0
232,43256,1,0
232,43257,1,0
232,43258,1,3
232,43259,1,0
232,43260,1,0
232,43261,0,0
232,43262,0,0
232,43263,1,0
232,43264,1,0
232,43265,1,0
232,43266,1,0
232,43267,1,0
232,43268,1,0
232,43269,1,3
232,43270,1,0
232,43271,1,0
232,43272,0,0
232,43273,0,2
232,43274,1,0
232,43275,1,0
232,43276,1,0
232,43277,1,0
232,43278,1,0
232,43279,1,0
232,43280,1,0
232,43281,1,0
232,43282,1,3
232,43283,0,0
232,43284,0,2
232,43285,1,0
232,43286,1,0
232,43287,1,0
232,43288,1,0
232,43289,1,0
232,43290,1,0
232,43291,1,0
232,43292,1,0
232,43293,1,0
232,43294,1,0
232,43295,0,2
232,43296,1,0
232,43297,1,0
232,43298,0,0
232,43299,1,0
232,43300,1,0
232,43301,1,0
232,43302,1,0
232,43303,1,0
232,43304,1,0
232,43305,1,0
232,43306,0,2
232,43307,0,2
232,43308,1,0
232,43309,1,0
232,43310,1,0
232,43311,1,0
232,43312,1,0
232,43313,1,0
232,43314,1,2
232,43315,1,0
232,43316,1,0
232,43317,0,0
232,43318,0,0
232,43319,1,0
232,43320,1,0
232,43321,1,0
232,43322,1,0
232,43323,0,0
232,43324,0,0
232,43325,1,0
232,43326,1,0
232,43327,1,0
232,43328,1,0
232,43329,1,0
232,43330,1,0
232,43331,1,0
232,43332,1,0
232,43333,1,2
232,43334,1,2
232,43335,0,2
232,43336,0,0
232,43337,1,0
232,43338,1,0
232,43339,1,0
232,43340,1,0
232,43341,1,0
232,43342,1,0
232,43343,1,0
232,43344,1,0
232,43345,1,0
232,43346,1,0
232,43347,0,2
232,43348,0,0
232,43349,0,0
232,43350,0,2
232,43351,0,0
232,43352,1,0
232,43353,1,0
232,43354,1,0
232,43355,1,2
232,43356,1,0
232,43357,1,0
232,43358,1,0
232,43359,1,2
232,43360,0,2
232,43361,0,0
232,43362,1,0
232,43363,1,0
232,43364,1,0
232,43365,1,2
232,43366,1,0
232,43367,1,0
232,43368,1,0
232,43369,1,0
232,43370,1,0
232,43371,1,0
232,43372,0,2
232,43373,0,2
232,43374,1,0
232,43375,1,0
232,43376,1,0
232,43377,1,0
232,43378,1,0
232,43379,1,0
232,43380,0,0
232,43381,0,0
232,43382,1,0
232,43383,1,0
232,43384,1,0
232,43385,1,0
232,43386,1,0
232,43387,1,3
232,43388,1,0
232,43389,1,0
232,43390,1,0
232,43391,1,0
232,43392,1,0
232,43393,1,0
232,43394,1,0
232,43395,0,0
232,43396,0,0
232,43397,1,0
232,43398,1,0
232,43399,1,0
232,43400,1,0
232,43401,1,0
232,43402,1,2
232,43403,1,0
232,43404,1,2
232,43405,0,0
232,43406,0,0
232,43407,1,0
232,43408,0,2
232,43409,1,2
232,43410,1,0
232,43411,0,2
232,43412,1,0
232,43413,1,0
232,43414,1,0
232,43415,1,0
232,43416,1,0
232,43417,1,0
232,43418,1,0
232,43419,0,0
232,43420,0,0
232,43421,0,0
232,43422,1,0
232,43423,1,2
232,43424,1,0
232,43425,1,0
232,43426,1,0
232,43427,1,0
232,43428,1,0
232,43429,1,0
232,43430,1,0
232,43431,0,0
232,43432,0,0
232,43433,0,0
232,43434,0,2
232,43435,1,0
232,43436,1,0
232,43437,1,0
232,43438,1,0
232,43439,1,0
232,43440,1,0
232,43441,1,0
232,43442,1,0
232,43443,1,0
232,43444,1,2
232,43445,0,0
232,43446,0,0
232,43447,0,0
232,43448,1,0
232,43449,1,0
232,43450,1,0
232,43451,1,0
232,43452,1,2
232,43453,1,2
232,43454,1,0
232,43455,1,0
232,43456,1,0
232,43457,1,0
232,43458,1,0
232,43459,1,0
232,43460,1,0
232,43461,1,0
232,43462,1,2
232,43463,0,0
232,43464,0,0
232,43465,0,2
232,43466,1,0
232,43467,1,0
232,43468,1,0
232,43469,1,0
232,43470,1,2
232,43471,1,0
232,43472,1,0
232,43473,1,0
232,43474,1,0
232,43475,1,0
232,43476,1,3
232,43477,0,0
232,43478,0,0
232,43479,1,0
232,43480,1,0
232,43481,1,0
232,43482,1,0
232,43483,1,0
232,43484,1,0
232,43485,1,0
232,43486,1,0
232,43487,0,0
232,43488,0,0
232,43489,0,0
232,43490,0,0
232,43491,0,0
232,43492,0,0
232,43493,1,0
232,43494,1,0
232,43495,1,0
232,43496,1,0
232,43497,1,0
232,43498,1,0
232,43499,1,3
232,43500,1,3
232,43501,1,2
232,43502,1,0
232,43503,1,3
232,43504,0,2
232,43505,0,0
232,43506,1,0
232,43507,1,0
232,43508,1,0
232,43509,1,0
232,43510,1,0
232,43511,1,3
232,43512,1,0
232,43513,1,0
232,43514,1,0
232,43515,1,2
232,43516,1,3
232,43517,1,0
232,43518,0,0
232,43519,0,2
232,43520,1,0
232,43521,1,0
232,43522,1,0
232,43523,1,0
232,43524,1,0
232,43525,1,2
232,43526,1,0
232,43527,1,0
232,43528,1,0
232,43529,1,0
232,43530,1,0
232,43531,1,0
232,43532,0,0
232,43533,1,0
232,43534,1,0
232,43535,1,0
232,43536,1,3
232,43537,0,0
232,43538,0,0
232,43539,1,0
232,43540,1,0
232,43541,1,0
232,43542,1,0
232,43543,1,3
232,43544,1,3
232,43545,1,0
232,43546,1,0
232,43547,1,3
232,43548,1,0
232,43549,0,2
232,43550,0,0
232,43551,1,0
232,43552,1,0
232,43553,1,0
232,43554,1,0
232,43555,1,0
232,43556,1,0
232,43557,0,0
232,43558,0,2
232,43559,1,0
232,43560,1,0
232,43561,1,3
232,43562,1,0
232,43563,1,3
232,43564,1,3
232,43565,1,0
232,43566,1,0
232,43567,1,2
232,43568,0,2
232,43569,0,0
232,43570,0,0
232,43571,1,0
232,43572,1,0
232,43573,1,0
232,43574,1,0
232,43575,1,0
232,43576,1,0
232,43577,1,2
232,43578,1,0
232,43579,1,3
232,43580,1,0
232,43581,1,0
232,43582,1,0
232,43583,1,0
232,43584,0,0
232,43585,0,2
232,43586,1,0
232,43587,1,0
232,43588,1,0
232,43589,1,0
232,43590,1,0
232,43591,1,3
232,43592,1,0
232,43593,1,0
232,43594,1,0
232,43595,1,0
232,43596,0,2
232,43597,0,2
232,43598,1,0
232,43599,1,0
232,43600,1,0
232,43601,1,0
232,43602,1,0
232,43603,1,2
232,43604,1,0
232,43605,1,2
232,43606,1,0
232,43607,1,3
232,43608,1,0
232,43609,1,0
232,43610,0,2
232,43611,0,2
232,43612,1,0
232,43613,1,0
232,43614,1,0
232,43615,1,0
232,43616,1,2
232,43617,1,0
232,43618,1,0
232,43619,1,0
232,43620,1,0
232,43621,1,0
232,43622,1,0
232,43623,0,2
232,43624,0,0
232,43625,1,0
232,43626,1,0
232,43627,1,0
232,43628,1,0
232,43629,1,0
232,43630,1,2
232,43631,1,2
232,43632,1,2
232,43633,1,0
232,43634,1,0
232,43635,1,0
232,43636,1,0
232,43637,1,2
232,43638,0,2
232,43639,0,2
232,43640,1,0
232,43641,1,0
232,43642,1,0
232,43643,1,0
232,43644,1,0
232,43645,1,0
232,43646,0,0
232,43647,0,0
232,43648,1,0
232,43649,1,0
232,43650,1,0
232,43651,1,0
232,43652,1,0
232,43653,1,0
232,43654,1,0
232,43655,1,0
232,43656,1,0
232,43657,0,0
232,43658,0,2
232,43659,1,0
232,43660,1,0
232,43661,1,0
232,43662,1,0
232,43663,1,0
232,43664,1,0
232,43665,1,0
232,43666,1,0
232,43667,1,0
232,43668,1,0
232,43669,1,0
232,43670,0,0
232,43671,0,2
232,43672,1,0
232,43673,1,0
232,43674,1,0
232,43675,1,2
232,43676,1,0
232,43677,1,0
232,43678,0,2
232,43679,0,0
232,43680,0,0
232,43681,1,0
232,43682,1,0
232,43683,1,2
232,43684,1,0
232,43685,1,3
232,43686,1,3
232,43687,0,2
232,43688,0,2
232,43689,1,0
232,43690,1,0
232,43691,1,0
232,43692,1,0
232,43693,1,0
232,43694,1,3
232,43695,1,0
232,43696,1,0
232,43697,1,0
232,43698,1,0
232,43699,0,2
232,43700,0,2
232,43701,1,0
232,43702,1,0
232,43703,1,0
232,43704,1,0
232,43705,1,0
232,43706,1,0
232,43707,1,0
232,43708,1,3
232,43709,1,0
232,43710,1,0
232,43711,1,0
232,43712,0,0
232,43713,0,0
232,43714,0,0
232,43715,1,0
232,43716,1,0
232,43717,1,0
232,43718,1,3
232,43719,1,3
232,43720,1,2
232,43721,1,2
232,43722,1,0
232,43723,1,2
232,43724,1,0
232,43725,1,0
232,43726,1,2
232,43727,1,0
232,43728,0,2
232,43729,0,2
232,43730,1,0
232,43731,1,0
232,43732,1,2
232,43733,1,0
232,43734,1,0
232,43735,1,0
232,43736,0,2
232,43737,0,2
232,43738,0,0
232,43739,1,0
232,43740,1,0
232,43741,1,0
232,43742,1,2
232,43743,1,0
232,43744,1,3
232,43745,1,0
232,43746,1,2
232,43747,1,3
232,43748,1,0
232,43749,1,0
232,43750,0,2
232,43751,1,0
232,43752,1,0
232,43753,1,0
232,43754,1,2
232,43755,0,0
232,43756,0,2
232,43757,1,0
232,43758,1,0
232,43759,1,0
232,43760,0,2
232,43761,0,0
232,43762,0,0
232,43763,0,0
232,43764,0,2
232,43765,0,0
232,43766,1,0
232,43767,1,0
232,43768,1,0
232,43769,1,0
232,43770,1,0
232,43771,1,0
232,43772,1,0
232,43773,1,0
232,43774,1,0
232,43775,1,2
232,43776,1,0
232,43777,1,2
232,43778,1,0
232,43779,1,0
232,43780,0,0
232,43781,0,3
232,43782,1,0
232,43783,1,0
232,43784,1,3
232,43785,1,0
232,43786,1,0
232,43787,1,0
232,43788,1,3
232,43789,1,0
232,43790,1,0
232,43791,1,2
232,43792,1,3
232,43793,1,2
232,43794,1,2
232,43795,1,3
232,43796,1,0
232,43797,0,0
232,43798,0,0
232,43799,0,2
232,43800,1,0
232,43801,1,2
232,43802,1,0
232,43803,1,3
232,43804,1,3
232,43805,1,0
232,43806,1,0
232,43807,1,0
232,43808,1,0
232,43809,0,0
232,43810,0,0
232,43811,0,2
232,43812,1,0
232,43813,1,0
232,43814,1,0
232,43815,1,3
232,43816,1,0
232,43817,1,2
232,43818,1,2
232,43819,1,2
232,43820,1,0
232,43821,1,2
232,43822,1,2
232,43823,0,0
232,43824,0,0
232,43825,1,0
232,43826,1,0
232,43827,1,0
232,43828,1,0
232,43829,1,0
232,43830,1,0
232,43831,1,0
232,43832,1,0
232,43833,1,0
232,43834,1,0
232,43835,0,2
232,43836,0,0
232,43837,1,0
232,43838,1,0
232,43839,1,0
232,43840,1,0
232,43841,1,0
232,43842,1,0
232,43843,1,0
232,43844,1,2
232,43845,1,0
232,43846,1,0
232,43847,0,0
232,43848,1,2
232,43849,1,2
232,43850,1,2
232,43851,1,0
232,43852,0,2
232,43853,1,0
232,43854,1,0
233,43855,0,0
233,43856,2,0
233,43857,0,0
233,43858,0,0
233,43859,2,2
233,43860,0,0
233,43861,2,0
233,43862,0,0
233,43863,0,0
233,43864,2,2
233,43865,0,0
233,43866,0,0
233,43867,0,0
233,43868,2,2
233,43869,0,0
233,43870,0,0
233,43871,0,0
233,43872,0,0
233,43873,0,0
233,43874,0,0
233,43875,2,2
233,43876,0,0
233,43877,2,0
233,43878,0,0
233,43879,0,0
233,43880,1,0
233,43881,2,2
233,43882,0,0
233,43883,0,0
233,43884,0,0
233,43885,0,0
233,43886,0,0
233,43887,0,0
233,43888,0,0
233,43889,1,0
233,43890,0,0
233,43891,0,0
233,43892,2,2
233,43893,0,0
233,43894,0,0
233,43895,0,0
233,43896,2,2
233,43897,0,0
233,43898,0,0
233,43899,0,0
233,43900,0,3
233,43901,2,2
233,43902,2,2
233,43903,2,2
233,43904,0,0
233,43905,2,0
233,43906,0,0
233,43907,0,0
233,43908,2,2
233,43909,0,0
233,43910,2,0
233,43911,0,0
233,43912,0,0
233,43913,2,2
233,43914,0,0
233,43915,2,0
233,43916,0,0
233,43917,0,0
233,43918,0,0
233,43919,2,0
233,43920,0,0
233,43921,0,0
233,43922,2,2
233,43923,0,0
233,43924,2,0
233,43925,0,0
233,43926,0,0
233,43927,0,0
233,43928,2,2
233,43929,2,2
233,43930,0,0
233,43931,2,0
233,43932,0,0
233,43933,0,0
233,43934,0,0
233,43935,0,0
233,43936,0,0
233,43937,2,2
233,43938,0,0
233,43939,0,0
233,43940,0,0
233,43941,2,2
233,43942,0,0
233,43943,0,0
233,43944,0,0
233,43945,0,0
233,43946,0,0
233,43947,2,2
233,43948,0,0
233,43949,0,0
233,43950,0,0
233,43951,2,2
233,43952,0,0
233,43953,0,0
233,43954,2,2
233,43955,0,0
233,43956,0,0
233,43957,0,0
233,43958,0,0
233,43959,0,0
233,43960,0,0
233,43961,2,2
233,43962,0,0
233,43963,2,2
233,43964,0,0
233,43965,0,0
233,43966,2,2
233,43967,0,0
233,43968,2,2
233,43969,0,0
233,43970,0,0
233,43971,0,0
233,43972,0,0
233,43973,0,0
233,43974,2,0
233,43975,0,0
233,43976,0,0
233,43977,2,2
233,43978,0,0
233,43979,2,0
233,43980,0,0
233,43981,0,0
233,43982,2,2
233,43983,0,0
233,43984,0,0
233,43985,0,0
233,43986,2,2
233,43987,0,0
233,43988,0,0
233,43989,0,0
233,43990,2,2
233,43991,0,0
233,43992,0,0
233,43993,2,2
233,43994,0,0
233,43995,0,0
233,43996,2,2
233,43997,0,0
233,43998,0,0
233,43999,0,0
233,44000,0,0
233,44001,0,0
233,44002,0,0
233,44003,0,0
233,44004,0,0
233,44005,0,0
233,44006,0,2
233,44007,0,0
233,44008,2,2
233,44009,0,0
233,44010,0,0
233,44011,0,0
233,44012,0,0
233,44013,0,0
233,44014,2,2
233,44015,0,0
233,44016,0,0
233,44017,0,0
233,44018,2,2
233,44019,0,0
233,44020,0,0
233,44021,0,0
233,44022,0,0
233,44023,0,0
233,44024,2,2
233,44025,0,0
233,44026,0,0
233,44027,0,0
233,44028,0,0
233,44029,0,0
233,44030,0,0
233,44031,0,0
233,44032,2,2
233,44033,0,0
233,44034,0,0
233,44035,0,0
233,44036,0,0
233,44037,0,0
233,44038,0,0
233,44039,0,0
233,44040,0,0
233,44041,0,0
233,44042,0,0
233,44043,0,0
233,44044,0,0
233,44045,0,0
233,44046,0,0
233,44047,0,0
233,44048,2,2
233,44049,0,0
233,44050,0,0
233,44051,0,0
233,44052,0,0
233,44053,0,0
233,44054,0,0
233,44055,0,0
233,44056,2,0
233,44057,0,0
233,44058,0,0
233,44059,0,0
233,44060,0,0
233,44061,2,2
233,44062,0,0
233,44063,2,0
233,44064,0,0
233,44065,0,0
233,44066,2,2
233,44067,0,0
233,44068,2,0
233,44069,0,0
233,44070,0,0
233,44071,2,2
233,44072,0,0
233,44073,2,2
233,44074,0,0
233,44075,2,2
233,44076,0,0
233,44077,2,0
233,44078,0,0
233,44079,0,0
233,44080,2,2
233,44081,0,0
233,44082,1,0
233,44083,0,0
233,44084,0,0
233,44085,2,2
233,44086,0,0
233,44087,2,2
233,44088,0,0
233,44089,2,2
233,44090,0,0
233,44091,2,2
233,44092,0,0
233,44093,0,0
233,44094,0,0
233,44095,2,0
233,44096,0,0
233,44097,0,0
233,44098,2,2
233,44099,0,0
233,44100,2,2
233,44101,0,0
233,44102,2,2
233,44103,0,0
233,44104,2,0
233,44105,0,0
233,44106,0,0
233,44107,2,2
233,44108,0,0
233,44109,2,2
233,44110,0,0
233,44111,2,2
233,44112,0,0
233,44113,2,0
233,44114,2,2
233,44115,0,0
233,44116,2,0
233,44117,0,0
233,44118,0,0
233,44119,2,2
233,44120,0,0
233,44121,2,2
233,44122,0,0
233,44123,0,0
233,44124,2,2
233,44125,0,0
233,44126,2,2
233,44127,0,0
233,44128,2,2
233,44129,0,0
233,44130,0,0
233,44131,2,2
233,44132,0,0
233,44133,2,0
233,44134,0,0
233,44135,0,0
233,44136,2,2
233,44137,0,0
233,44138,2,2
233,44139,0,0
233,44140,2,2
233,44141,0,0
233,44142,2,0
233,44143,0,0
233,44144,0,0
233,44145,2,2
233,44146,0,0
233,44147,3,2
233,44148,2,2
233,44149,0,0
233,44150,0,0
233,44151,0,0
233,44152,2,2
233,44153,0,0
233,44154,0,0
233,44155,2,2
233,44156,0,0
233,44157,0,0
233,44158,2,2
233,44159,0,0
233,44160,2,2
233,44161,0,0
233,44162,0,0
233,44163,0,0
233,44164,0,0
233,44165,0,0
233,44166,0,0
233,44167,2,2
233,44168,0,0
233,44169,2,0
233,44170,0,0
233,44171,0,0
233,44172,0,0
233,44173,2,0
233,44174,0,0
233,44175,0,0
233,44176,0,0
233,44177,2,2
233,44178,0,0
233,44179,0,0
233,44180,0,0
233,44181,0,0
233,44182,0,0
233,44183,0,0
233,44184,2,2
233,44185,0,0
233,44186,2,2
233,44187,0,0
233,44188,0,0
233,44189,2,2
233,44190,0,0
233,44191,2,2
233,44192,0,0
233,44193,0,0
233,44194,2,2
233,44195,0,0
233,44196,2,0
233,44197,0,0
233,44198,0,0
233,44199,0,0
233,44200,2,2
233,44201,0,0
233,44202,0,0
233,44203,0,0
233,44204,2,0
233,44205,0,0
233,44206,0,0
233,44207,2,2
233,44208,0,0
233,44209,2,2
233,44210,0,0
233,44211,0,0
233,44212,0,0
233,44213,0,0
233,44214,0,0
233,44215,0,0
233,44216,0,0
233,44217,0,0
233,44218,0,0
233,44219,0,0
233,44220,2,2
233,44221,0,0
233,44222,2,0
233,44223,0,0
233,44224,0,0
233,44225,2,2
233,44226,0,0
233,44227,2,2
233,44228,0,0
233,44229,2,2
233,44230,0,0
233,44231,0,0
233,44232,0,0
233,44233,0,0
233,44234,0,0
233,44235,0,0
233,44236,0,0
233,44237,0,0
233,44238,2,0
233,44239,2,2
233,44240,0,0
233,44241,0,0
233,44242,2,2
233,44243,3,2
233,44244,0,0
233,44245,2,2
233,44246,3,0
233,44247,0,0
233,44248,0,0
233,44249,0,0
233,44250,2,0
233,44251,2,2
233,44252,0,0
233,44253,0,0
233,44254,0,0
233,44255,0,0
233,44256,0,0
233,44257,0,0
233,44258,0,0
233,44259,0,0
233,44260,2,0
233,44261,2,2
233,44262,0,0
233,44263,0,0
233,44264,0,0
233,44265,0,0
233,44266,2,2
233,44267,0,0
233,44268,0,0
233,44269,0,0
233,44270,0,0
233,44271,0,0
233,44272,0,0
233,44273,0,0
233,44274,2,2
233,44275,0,0
233,44276,2,0
233,44277,0,0
233,44278,0,0
233,44279,2,2
233,44280,0,0
233,44281,2,2
233,44282,0,0
233,44283,0,0
233,44284,0,0
233,44285,0,0
233,44286,0,0
233,44287,0,0
233,44288,0,0
233,44289,0,0
233,44290,0,0
233,44291,0,0
233,44292,0,0
233,44293,0,0
233,44294,0,0
233,44295,0,0
233,44296,0,0
233,44297,2,2
233,44298,0,0
233,44299,3,0
233,44300,0,0
233,44301,0,0
233,44302,0,0
233,44303,2,0
233,44304,2,2
233,44305,0,0
233,44306,2,0
233,44307,0,0
233,44308,0,0
233,44309,0,0
233,44310,0,0
233,44311,0,0
233,44312,2,2
233,44313,0,0
233,44314,0,0
233,44315,2,2
233,44316,0,0
233,44317,0,0
233,44318,0,0
233,44319,0,0
233,44320,0,0
233,44321,2,2
233,44322,0,0
233,44323,0,0
233,44324,0,0
233,44325,0,0
233,44326,0,0
233,44327,2,2
233,44328,0,0
233,44329,0,0
233,44330,0,0
233,44331,0,0
233,44332,0,0
233,44333,0,0
233,44334,2,2
233,44335,0,0
233,44336,0,0
233,44337,0,0
233,44338,2,2
233,44339,0,0
233,44340,2,0
233,44341,0,0
233,44342,0,0
233,44343,0,0
233,44344,3,0
233,44345,0,0
233,44346,0,0
233,44347,0,0
233,44348,0,0
233,44349,2,2
233,44350,0,0
233,44351,0,0
233,44352,0,0
233,44353,2,2
233,44354,0,0
233,44355,2,0
233,44356,0,0
233,44357,0,0
233,44358,0,0
233,44359,0,0
233,44360,0,0
233,44361,2,2
233,44362,0,0
233,44363,0,0
233,44364,0,0
233,44365,0,0
233,44366,0,0
233,44367,2,2
233,44368,0,0
233,44369,0,0
233,44370,0,0
233,44371,2,2
233,44372,0,0
233,44373,0,0
233,44374,0,0
233,44375,2,2
233,44376,0,0
233,44377,0,0
233,44378,0,0
233,44379,2,2
233,44380,0,0
233,44381,2,0
233,44382,0,0
233,44383,2,2
233,44384,0,1
233,44385,2,0
233,44386,0,2
233,44387,0,2
233,44388,0,0
233,44389,0,0
233,44390,0,0
233,44391,2,2
233,44392,0,0
233,44393,0,0
233,44394,0,0
233,44395,2,2
233,44396,0,0
233,44397,2,0
233,44398,0,0
233,44399,2,2
233,44400,0,0
233,44401,2,0
233,44402,0,0
233,44403,0,0
233,44404,0,0
233,44405,0,0
233,44406,0,0
233,44407,2,2
233,44408,0,0
233,44409,0,0
233,44410,0,0
233,44411,2,2
233,44412,0,0
233,44413,0,0
233,44414,0,0
233,44415,2,2
233,44416,0,0
233,44417,0,0
233,44418,0,0
233,44419,2,2
233,44420,0,0
233,44421,0,0
233,44422,0,0
233,44423,2,2
233,44424,0,0
233,44425,0,0
233,44426,0,0
233,44427,2,2
233,44428,0,0
233,44429,0,0
233,44430,0,0
233,44431,2,2
233,44432,0,0
233,44433,0,0
233,44434,0,0
233,44435,2,0
233,44436,0,0
233,44437,0,0
233,44438,0,0
233,44439,2,0
233,44440,0,3
233,44441,2,0
233,44442,2,2
233,44443,0,0
233,44444,0,0
233,44445,0,0
233,44446,0,0
233,44447,0,0
233,44448,2,2
233,44449,0,0
233,44450,0,0
233,44451,0,0
233,44452,2,2
233,44453,0,0
233,44454,0,0
233,44455,0,0
233,44456,2,2
233,44457,0,0
233,44458,0,0
233,44459,0,0
233,44460,0,0
233,44461,0,0
233,44462,2,2
233,44463,0,0
233,44464,0,0
233,44465,0,0
233,44466,2,2
233,44467,0,0
233,44468,0,0
233,44469,0,0
233,44470,2,2
233,44471,0,0
233,44472,0,0
233,44473,0,0
233,44474,2,2
233,44475,0,0
233,44476,0,0
233,44477,0,0
233,44478,2,2
233,44479,0,0
233,44480,0,0
233,44481,0,0
233,44482,2,2
233,44483,0,0
233,44484,0,0
233,44485,0,0
233,44486,2,2
233,44487,0,0
233,44488,0,0
233,44489,0,0
233,44490,2,2
233,44491,0,0
233,44492,0,0
233,44493,0,0
233,44494,2,2
233,44495,0,0
233,44496,0,0
233,44497,0,0
233,44498,2,2
233,44499,0,0
233,44500,0,0
233,44501,0,0
233,44502,2,2
233,44503,0,0
233,44504,0,0
233,44505,0,0
233,44506,2,2
233,44507,0,0
233,44508,0,0
233,44509,0,0
233,44510,2,2
233,44511,0,0
233,44512,0,0
233,44513,0,0
233,44514,2,2
233,44515,0,0
233,44516,0,0
233,44517,0,0
233,44518,2,2
233,44519,0,0
233,44520,0,0
233,44521,0,0
233,44522,2,2
233,44523,0,0
233,44524,0,0
233,44525,0,0
233,44526,2,2
233,44527,0,0
233,44528,0,0
233,44529,0,0
233,44530,2,2
233,44531,0,0
233,44532,0,0
233,44533,0,0
233,44534,2,2
233,44535,0,0
233,44536,0,0
233,44537,0,0
233,44538,2,2
233,44539,0,0
233,44540,0,0
233,44541,0,0
233,44542,0,0
233,44543,0,0
233,44544,2,2
233,44545,0,0
233,44546,0,0
233,44547,0,0
233,44548,0,0
233,44549,2,2
233,44550,0,0
233,44551,2,0
233,44552,2,2
233,44553,0,0
233,44554,2,2
233,44555,0,0
233,44556,2,0
233,44557,0,0
233,44558,0,0
233,44559,2,2
233,44560,0,0
233,44561,2,0
233,44562,0,0
233,44563,0,0
233,44564,0,0
233,44565,2,0
233,44566,0,0
233,44567,0,0
233,44568,2,0
233,44569,2,2
233,44570,0,0
233,44571,2,2
233,44572,0,0
233,44573,0,0
233,44574,0,0
233,44575,2,2
233,44576,0,0
233,44577,0,0
233,44578,0,0
233,44579,0,0
233,44580,2,2
233,44581,0,0
233,44582,0,0
233,44583,0,0
233,44584,2,0
233,44585,2,2
233,44586,0,0
233,44587,2,2
233,44588,0,0
233,44589,0,0
233,44590,0,0
233,44591,0,0
233,44592,0,0
233,44593,0,0
233,44594,0,0
233,44595,0,0
233,44596,0,0
233,44597,0,3
233,44598,0,0
233,44599,0,0
233,44600,0,0
233,44601,0,0
233,44602,0,0
233,44603,0,0
233,44604,0,0
233,44605,2,0
233,44606,0,0
233,44607,0,0
233,44608,2,2
233,44609,0,0
233,44610,0,0
233,44611,0,0
233,44612,0,0
233,44613,0,0
233,44614,2,2
233,44615,0,0
233,44616,0,0
233,44617,0,0
233,44618,0,0
233,44619,0,0
233,44620,2,2
233,44621,0,0
233,44622,3,0
233,44623,0,0
233,44624,0,0
233,44625,0,0
233,44626,2,2
233,44627,3,2
233,44628,0,0
233,44629,0,0
233,44630,0,0
233,44631,0,0
233,44632,0,0
233,44633,2,2
233,44634,0,0
233,44635,2,0
233,44636,0,0
233,44637,0,0
233,44638,0,0
233,44639,0,0
233,44640,0,0
233,44641,2,2
233,44642,0,0
233,44643,0,0
233,44644,0,0
233,44645,2,2
233,44646,0,0
233,44647,0,0
233,44648,0,0
233,44649,2,2
233,44650,0,0
233,44651,0,0
233,44652,0,0
233,44653,2,2
233,44654,0,0
233,44655,0,0
233,44656,0,0
233,44657,2,2
233,44658,0,0
233,44659,0,0
233,44660,0,0
233,44661,2,2
233,44662,0,0
233,44663,0,0
233,44664,0,0
233,44665,2,2
233,44666,0,0
233,44667,0,0
233,44668,0,0
233,44669,2,2
233,44670,0,0
233,44671,0,0
233,44672,0,0
233,44673,2,2
233,44674,0,0
233,44675,0,0
233,44676,0,0
233,44677,2,2
233,44678,0,0
233,44679,0,0
233,44680,0,0
233,44681,2,2
233,44682,0,0
233,44683,0,0
233,44684,0,0
233,44685,2,2
233,44686,0,0
233,44687,0,0
233,44688,0,0
233,44689,2,2
233,44690,0,0
233,44691,0,0
233,44692,0,0
233,44693,2,2
233,44694,0,0
233,44695,0,0
233,44696,2,2
233,44697,2,2
233,44698,0,0
233,44699,2,2
233,44700,0,0
233,44701,0,0
233,44702,0,0
233,44703,0,0
233,44704,0,0
233,44705,2,2
233,44706,0,0
233,44707,0,0
233,44708,0,0
233,44709,2,2
233,44710,0,0
233,44711,0,0
233,44712,0,0
233,44713,2,2
233,44714,0,0
233,44715,0,0
233,44716,0,0
233,44717,2,2
233,44718,0,0
233,44719,0,0
233,44720,0,0
233,44721,2,2
233,44722,0,0
233,44723,0,0
233,44724,0,0
233,44725,2,2
233,44726,0,0
233,44727,0,0
233,44728,0,0
233,44729,2,2
233,44730,2,2
233,44731,0,0
233,44732,0,0
233,44733,0,0
233,44734,2,2
233,44735,0,0
233,44736,0,0
233,44737,0,0
233,44738,2,2
233,44739,0,0
233,44740,0,0
233,44741,0,0
233,44742,2,2
233,44743,0,0
233,44744,0,0
233,44745,0,0
233,44746,2,2
233,44747,0,0
233,44748,0,0
233,44749,0,0
233,44750,2,2
233,44751,0,0
233,44752,0,0
233,44753,0,0
233,44754,0,0
233,44755,0,0
233,44756,0,0
233,44757,2,2
233,44758,0,0
233,44759,0,0
233,44760,0,0
233,44761,2,2
233,44762,0,0
233,44763,0,0
233,44764,0,0
233,44765,2,2
233,44766,0,0
233,44767,0,0
233,44768,0,0
233,44769,2,2
233,44770,0,3
233,44771,2,0
233,44772,0,0
233,44773,0,0
233,44774,0,0
233,44775,2,0
233,44776,0,0
233,44777,0,0
233,44778,0,0
233,44779,2,2
233,44780,2,2
233,44781,0,0
233,44782,0,0
233,44783,0,0
233,44784,0,0
233,44785,0,0
233,44786,2,2
233,44787,0,0
233,44788,0,0
233,44789,0,0
233,44790,0,0
233,44791,0,0
233,44792,2,2
233,44793,0,0
233,44794,0,0
233,44795,0,0
233,44796,2,2
233,44797,0,0
233,44798,0,0
233,44799,0,0
233,44800,2,2
233,44801,0,0
233,44802,0,0
233,44803,0,0
233,44804,2,0
233,44805,0,0
233,44806,0,0
233,44807,0,0
233,44808,2,2
233,44809,0,0
233,44810,0,0
233,44811,0,0
233,44812,2,0
233,44813,0,0
233,44814,0,0
233,44815,0,0
233,44816,2,0
233,44817,2,2
233,44818,0,0
233,44819,0,0
233,44820,0,0
233,44821,0,0
233,44822,0,0
233,44823,2,2
233,44824,0,0
233,44825,2,0
233,44826,2,2
233,44827,0,0
233,44828,0,0
233,44829,0,0
233,44830,2,2
233,44831,0,0
233,44832,0,0
233,44833,0,0
233,44834,2,2
233,44835,0,0
233,44836,2,0
233,44837,0,0
233,44838,0,0
233,44839,0,0
233,44840,2,0
233,44841,0,0
233,44842,0,0
233,44843,0,0
233,44844,2,0
233,44845,0,0
233,44846,0,0
233,44847,0,0
233,44848,2,2
233,44849,0,0
233,44850,0,0
233,44851,0,0
233,44852,2,2
233,44853,0,0
233,44854,0,0
233,44855,0,0
233,44856,2,2
233,44857,2,2
233,44858,2,2
233,44859,0,0
233,44860,2,0
233,44861,0,0
233,44862,0,0
233,44863,0,0
233,44864,0,0
233,44865,0,0
233,44866,2,2
233,44867,0,0
233,44868,0,0
233,44869,0,0
233,44870,0,0
233,44871,0,0
233,44872,2,2
233,44873,0,0
233,44874,0,0
233,44875,0,0
233,44876,2,2
233,44877,0,0
233,44878,0,0
233,44879,0,0
233,44880,2,2
233,44881,0,0
233,44882,0,0
233,44883,0,0
233,44884,2,2
233,44885,0,0
233,44886,0,0
233,44887,0,0
233,44888,2,2
233,44889,0,0
233,44890,0,0
233,44891,0,0
233,44892,2,2
233,44893,0,0
233,44894,0,0
233,44895,2,2
233,44896,0,0
233,44897,0,0
233,44898,0,0
233,44899,0,0
233,44900,0,0
233,44901,2,2
233,44902,0,0
233,44903,0,0
233,44904,0,0
233,44905,0,0
233,44906,0,0
233,44907,0,0
233,44908,2,2
233,44909,2,2
233,44910,0,0
233,44911,2,2
233,44912,0,0
233,44913,0,0
233,44914,0,0
233,44915,2,0
233,44916,2,2
233,44917,0,0
233,44918,0,0
233,44919,0,0
233,44920,0,0
233,44921,0,0
233,44922,2,2
233,44923,0,0
233,44924,2,0
233,44925,2,2
233,44926,0,0
233,44927,2,2
233,44928,0,0
233,44929,2,2
233,44930,0,0
233,44931,2,2
233,44932,0,0
233,44933,2,2
233,44934,0,0
233,44935,0,0
233,44936,0,0
233,44937,2,2
233,44938,0,0
233,44939,3,0
233,44940,0,0
233,44941,0,0
233,44942,0,0
233,44943,0,0
233,44944,0,0
233,44945,0,0
233,44946,0,0
233,44947,2,0
233,44948,2,0
233,44949,0,0
233,44950,2,2
233,44951,0,0
233,44952,2,0
233,44953,0,0
233,44954,0,0
233,44955,2,2
233,44956,0,0
233,44957,2,2
233,44958,0,0
233,44959,0,0
233,44960,0,0
233,44961,0,0
233,44962,0,0
233,44963,2,0
233,44964,0,0
233,44965,0,0
233,44966,0,0
233,44967,2,0
233,44968,0,0
233,44969,0,0
233,44970,0,0
233,44971,2,0
233,44972,0,0
233,44973,0,0
233,44974,0,0
233,44975,2,0
233,44976,0,0
233,44977,0,0
233,44978,2,2
233,44979,0,0
233,44980,0,0
233,44981,0,0
233,44982,0,0
233,44983,0,0
233,44984,0,0
233,44985,0,0
233,44986,0,0
233,44987,0,0
233,44988,0,0
233,44989,0,0
233,44990,2,0
233,44991,0,0
233,44992,0,0
233,44993,2,2
233,44994,0,0
233,44995,2,2
233,44996,0,0
233,44997,0,0
233,44998,2,2
233,44999,0,0
233,45000,0,0
233,45001,0,0
233,45002,0,0
233,45003,0,0
233,45004,0,0
233,45005,0,0
233,45006,2,0
233,45007,0,0
233,45008,0,0
233,45009,2,2
233,45010,0,0
233,45011,2,2
233,45012,0,0
233,45013,2,2
233,45014,0,0
233,45015,2,0
233,45016,0,0
233,45017,0,0
233,45018,2,2
233,45019,0,0
233,45020,2,2
233,45021,0,0
233,45022,2,2
233,45023,0,0
233,45024,2,0
233,45025,0,0
233,45026,0,0
233,45027,2,2
233,45028,0,0
233,45029,2,0
233,45030,0,0
233,45031,2,2
233,45032,0,0
233,45033,2,0
233,45034,0,0
233,45035,0,0
233,45036,2,2
233,45037,0,0
233,45038,2,0
233,45039,0,0
233,45040,0,0
233,45041,0,0
233,45042,2,0
233,45043,0,0
233,45044,0,0
233,45045,0,0
233,45046,0,0
233,45047,0,0
233,45048,0,0
233,45049,2,2
233,45050,0,0
233,45051,2,0
233,45052,0,0
233,45053,0,0
233,45054,0,0
233,45055,2,0
233,45056,2,2
233,45057,0,0
233,45058,2,0
233,45059,0,0
233,45060,0,0
233,45061,2,2
233,45062,0,0
233,45063,0,0
233,45064,0,0
233,45065,0,0
233,45066,0,0
233,45067,2,2
233,45068,0,0
233,45069,2,2
233,45070,0,0
233,45071,0,0
233,45072,0,0
233,45073,2,0
233,45074,0,0
233,45075,0,0
233,45076,0,0
233,45077,2,2
233,45078,0,0
233,45079,0,0
233,45080,0,0
233,45081,2,0
233,45082,0,0
233,45083,0,0
233,45084,0,0
233,45085,2,0
233,45086,0,0
233,45087,0,0
233,45088,2,2
233,45089,0,0
233,45090,0,0
233,45091,0,0
233,45092,0,0
233,45093,0,0
233,45094,0,0
233,45095,2,2
233,45096,0,0
233,45097,2,0
233,45098,0,0
233,45099,0,0
233,45100,2,2
233,45101,0,0
233,45102,0,0
233,45103,0,0
233,45104,2,2
233,45105,0,0
233,45106,0,0
233,45107,0,0
233,45108,2,0
233,45109,0,0
233,45110,0,0
233,45111,2,2
233,45112,0,0
233,45113,0,0
233,45114,0,0
233,45115,2,2
233,45116,0,0
233,45117,0,0
233,45118,0,0
233,45119,2,2
233,45120,0,0
233,45121,0,0
233,45122,0,0
233,45123,2,2
233,45124,0,0
233,45125,0,0
233,45126,0,0
233,45127,2,2
233,45128,0,0
233,45129,0,0
233,45130,0,0
233,45131,2,2
233,45132,0,0
233,45133,0,0
233,45134,0,0
233,45135,2,2
233,45136,0,0
233,45137,0,0
233,45138,0,0
233,45139,2,0
233,45140,0,0
233,45141,0,0
233,45142,2,2
233,45143,0,0
233,45144,0,0
233,45145,0,0
233,45146,0,0
233,45147,0,0
233,45148,0,0
233,45149,0,0
233,45150,2,0
233,45151,0,0
233,45152,0,0
233,45153,0,0
233,45154,2,0
233,45155,0,0
233,45156,0,0
233,45157,2,2
233,45158,0,0
233,45159,0,0
233,45160,0,0
233,45161,0,0
233,45162,0,0
233,45163,0,0
233,45164,0,0
233,45165,2,0
233,45166,0,0
233,45167,0,0
233,45168,2,2
233,45169,0,0
233,45170,2,2
233,45171,0,0
233,45172,0,0
233,45173,2,2
233,45174,0,0
233,45175,0,0
233,45176,0,0
233,45177,0,0
233,45178,0,0
233,45179,0,0
233,45180,0,0
233,45181,0,0
233,45182,0,0
233,45183,0,0
233,45184,0,0
233,45185,0,0
233,45186,0,0
233,45187,0,0
233,45188,0,0
233,45189,0,0
233,45190,0,0
233,45191,0,0
233,45192,0,0
233,45193,0,0
233,45194,2,2
233,45195,2,2
233,45196,0,0
233,45197,2,0
233,45198,0,0
233,45199,0,0
233,45200,0,0
233,45201,2,0
233,45202,2,2
233,45203,0,0
233,45204,0,0
233,45205,0,0
233,45206,0,0
233,45207,0,0
233,45208,2,2
233,45209,0,0
233,45210,0,0
233,45211,0,0
233,45212,2,2
233,45213,0,0
233,45214,0,0
233,45215,0,0
233,45216,0,0
233,45217,0,0
233,45218,2,2
233,45219,0,0
233,45220,0,0
233,45221,0,0
233,45222,0,0
233,45223,0,0
233,45224,0,0
233,45225,0,0
233,45226,0,0
233,45227,0,0
233,45228,0,0
233,45229,2,2
233,45230,0,0
233,45231,0,0
233,45232,0,0
233,45233,0,0
233,45234,0,0
233,45235,0,0
233,45236,0,0
233,45237,2,2
233,45238,0,0
233,45239,2,2
233,45240,0,0
233,45241,2,0
233,45242,0,0
233,45243,0,0
233,45244,0,0
233,45245,2,0
233,45246,0,0
233,45247,0,0
233,45248,2,2
233,45249,0,0
233,45250,0,0
233,45251,0,0
233,45252,0,0
233,45253,0,0
233,45254,0,0
233,45255,0,0
233,45256,2,0
233,45257,0,0
233,45258,0,0
233,45259,2,2
233,45260,0,0
233,45261,0,0
233,45262,0,0
233,45263,0,0
233,45264,0,0
233,45265,2,2
233,45266,0,0
233,45267,0,0
233,45268,0,0
233,45269,2,2
233,45270,0,0
233,45271,0,0
233,45272,0,0
233,45273,2,2
233,45274,0,0
233,45275,2,2
233,45276,0,0
233,45277,2,0
233,45278,0,0
233,45279,0,0
233,45280,2,2
233,45281,2,2
233,45282,0,0
233,45283,0,0
233,45284,0,0
233,45285,2,2
233,45286,0,0
233,45287,0,0
233,45288,0,0
233,45289,0,0
233,45290,0,0
233,45291,2,2
233,45292,0,0
233,45293,0,0
233,45294,0,0
233,45295,0,0
233,45296,0,0
233,45297,0,0
233,45298,2,2
233,45299,0,0
233,45300,2,2
233,45301,0,0
233,45302,2,2
233,45303,0,0
233,45304,2,2
233,45305,0,0
233,45306,2,0
233,45307,0,0
233,45308,0,0
233,45309,2,2
233,45310,0,0
233,45311,2,2
233,45312,0,0
233,45313,2,2
233,45314,0,0
233,45315,0,0
233,45316,0,0
233,45317,2,2
233,45318,0,0
233,45319,3,0
233,45320,2,2
233,45321,0,0
233,45322,2,2
233,45323,0,0
233,45324,2,2
233,45325,0,0
233,45326,2,0
233,45327,0,0
233,45328,0,0
233,45329,2,2
233,45330,0,0
233,45331,2,0
233,45332,0,0
233,45333,0,0
233,45334,2,2
233,45335,0,0
233,45336,2,2
233,45337,0,0
233,45338,2,2
233,45339,0,0
233,45340,0,0
233,45341,2,2
233,45342,0,0
233,45343,2,0
233,45344,0,0
233,45345,0,0
233,45346,2,2
233,45347,0,0
233,45348,2,2
233,45349,0,0
233,45350,2,2
233,45351,0,0
233,45352,2,2
233,45353,0,0
233,45354,0,0
233,45355,0,0
233,45356,2,0
233,45357,0,0
233,45358,0,0
233,45359,0,0
233,45360,2,2
233,45361,0,0
233,45362,0,0
233,45363,2,2
233,45364,0,0
233,45365,2,2
233,45366,0,0
233,45367,0,0
233,45368,0,0
233,45369,0,0
233,45370,0,0
233,45371,2,2
233,45372,0,0
233,45373,0,0
233,45374,0,0
233,45375,2,2
233,45376,0,0
233,45377,0,0
233,45378,0,0
233,45379,2,0
233,45380,0,0
233,45381,0,0
233,45382,0,0
233,45383,2,0
233,45384,2,2
233,45385,0,0
233,45386,2,0
233,45387,0,0
233,45388,0,0
233,45389,0,0
233,45390,2,2
233,45391,0,0
233,45392,0,0
233,45393,0,0
233,45394,2,2
233,45395,0,3
233,45396,0,0
233,45397,2,2
233,45398,0,0
233,45399,2,0
233,45400,0,0
233,45401,0,0
233,45402,2,2
233,45403,0,0
233,45404,2,2
233,45405,0,0
233,45406,0,0
233,45407,0,0
233,45408,0,0
233,45409,0,0
233,45410,0,0
233,45411,0,0
233,45412,0,0
233,45413,0,0
233,45414,0,0
233,45415,0,2
233,45416,0,0
233,45417,0,0
233,45418,0,0
233,45419,0,0
233,45420,0,0
233,45421,2,2
233,45422,0,0
233,45423,0,0
233,45424,0,0
233,45425,2,2
233,45426,0,0
233,45427,2,2
233,45428,0,0
233,45429,0,0
233,45430,0,0
233,45431,2,2
233,45432,0,0
233,45433,2,2
233,45434,0,0
233,45435,0,0
233,45436,0,0
233,45437,0,0
233,45438,0,0
233,45439,2,2
233,45440,0,0
233,45441,2,2
233,45442,0,0
233,45443,0,0
233,45444,0,0
233,45445,0,0
233,45446,0,0
233,45447,0,0
233,45448,0,0
233,45449,0,0
233,45450,0,0
233,45451,0,0
233,45452,0,0
233,45453,0,0
233,45454,2,2
233,45455,0,0
233,45456,0,0
233,45457,0,0
233,45458,2,2
233,45459,0,0
233,45460,0,0
233,45461,0,0
233,45462,2,2
233,45463,0,0
233,45464,0,0
233,45465,0,0
233,45466,0,0
233,45467,0,0
233,45468,0,0
233,45469,0,0
233,45470,3,2
233,45471,0,0
233,45472,0,0
233,45473,2,2
233,45474,0,0
233,45475,0,0
233,45476,0,0
233,45477,0,0
233,45478,0,0
233,45479,0,0
233,45480,0,0
233,45481,0,0
233,45482,0,0
233,45483,0,0
233,45484,0,0
233,45485,0,0
233,45486,0,0
233,45487,0,0
233,45488,0,0
233,45489,0,0
233,45490,0,0
233,45491,2,2
233,45492,0,0
233,45493,0,0
233,45494,0,0
233,45495,0,0
233,45496,0,0
233,45497,0,0
233,45498,0,0
233,45499,0,0
233,45500,0,0
233,45501,0,0
233,45502,2,2
233,45503,0,0
233,45504,2,2
233,45505,0,0
233,45506,2,2
233,45507,2,2
233,45508,0,0
233,45509,0,0
233,45510,0,0
233,45511,0,0
233,45512,0,0
233,45513,0,0
233,45514,0,0
233,45515,0,0
233,45516,0,0
233,45517,0,0
233,45518,0,0
233,45519,0,0
233,45520,0,0
233,45521,0,0
233,45522,0,0
233,45523,2,2
233,45524,0,3
233,45525,2,2
233,45526,0,0
233,45527,0,0
233,45528,0,0
233,45529,0,0
233,45530,2,2
233,45531,0,0
233,45532,2,2
233,45533,0,0
233,45534,0,0
233,45535,2,2
233,45536,0,0
233,45537,2,0
233,45538,2,0
233,45539,0,0
233,45540,0,0
233,45541,0,0
233,45542,2,2
233,45543,0,0
233,45544,2,0
233,45545,0,0
233,45546,0,0
233,45547,2,2
233,45548,0,0
233,45549,2,0
233,45550,0,0
233,45551,0,0
233,45552,2,2
233,45553,0,0
233,45554,2,2
233,45555,0,0
233,45556,0,0
233,45557,0,0
233,45558,0,0
233,45559,0,0
233,45560,2,2
233,45561,0,0
233,45562,2,2
233,45563,0,0
233,45564,2,0
233,45565,0,0
233,45566,0,0
233,45567,0,0
233,45568,2,0
233,45569,0,0
233,45570,0,0
233,45571,0,0
233,45572,2,0
233,45573,0,0
233,45574,0,0
233,45575,2,2
233,45576,0,0
233,45577,2,2
233,45578,0,0
233,45579,0,0
233,45580,0,0
233,45581,2,2
233,45582,0,0
233,45583,0,0
233,45584,0,0
233,45585,2,2
233,45586,0,0
233,45587,0,0
233,45588,0,0
233,45589,2,2
233,45590,0,0
233,45591,0,0
233,45592,0,0
233,45593,2,2
233,45594,0,0
233,45595,0,0
233,45596,0,0
233,45597,0,0
233,45598,0,0
233,45599,2,2
233,45600,0,0
233,45601,0,0
233,45602,0,0
233,45603,0,0
233,45604,0,0
233,45605,2,2
233,45606,0,0
233,45607,2,0
233,45608,0,0
233,45609,0,0
233,45610,0,0
233,45611,0,0
233,45612,0,0
233,45613,2,2
233,45614,0,0
233,45615,0,0
233,45616,0,0
233,45617,1,0
233,45618,0,0
233,45619,0,0
233,45620,2,2
233,45621,0,0
233,45622,2,2
233,45623,0,0
233,45624,0,0
233,45625,0,0
233,45626,2,0
233,45627,0,0
233,45628,0,0
233,45629,0,0
233,45630,2,0
233,45631,0,0
233,45632,0,0
233,45633,0,0
233,45634,2,0
233,45635,0,0
233,45636,0,0
233,45637,2,2
233,45638,0,0
233,45639,0,0
233,45640,0,0
233,45641,0,0
233,45642,0,0
233,45643,2,2
233,45644,0,0
233,45645,2,0
233,45646,0,0
233,45647,0,0
233,45648,2,2
233,45649,0,0
233,45650,2,0
233,45651,0,0
233,45652,0,0
233,45653,2,2
233,45654,0,0
233,45655,2,0
233,45656,0,0
233,45657,0,0
233,45658,2,2
233,45659,0,0
233,45660,2,2
233,45661,0,0
233,45662,0,0
233,45663,0,0
233,45664,0,0
233,45665,0,0
233,45666,2,2
233,45667,0,0
233,45668,0,0
233,45669,0,0
233,45670,2,0
233,45671,0,0
233,45672,0,0
233,45673,0,0
233,45674,0,0
233,45675,0,0
233,45676,2,0
233,45677,0,0
233,45678,0,0
233,45679,0,0
233,45680,0,0
233,45681,0,0
233,45682,2,2
233,45683,0,0
233,45684,2,0
233,45685,0,0
233,45686,0,0
233,45687,0,0
233,45688,0,0
233,45689,0,0
233,45690,0,0
233,45691,0,0
233,45692,0,0
233,45693,2,2
233,45694,0,0
233,45695,2,0
233,45696,0,0
233,45697,0,0
233,45698,0,0
233,45699,2,0
233,45700,2,2
233,45701,0,0
233,45702,2,0
233,45703,0,0
233,45704,0,0
233,45705,0,0
233,45706,0,0
233,45707,0,0
233,45708,2,2
233,45709,0,0
233,45710,0,0
233,45711,0,0
233,45712,1,0
233,45713,0,0
233,45714,0,0
233,45715,0,0
233,45716,2,0
233,45717,0,0
233,45718,0,0
233,45719,0,0
233,45720,2,0
233,45721,0,0
233,45722,0,0
233,45723,0,0
233,45724,2,0
233,45725,0,0
233,45726,0,0
233,45727,1,0
233,45728,0,0
233,45729,0,0
233,45730,0,0
233,45731,0,0
233,45732,0,0
233,45733,0,0
233,45734,2,2
233,45735,0,0
233,45736,0,0
233,45737,0,0
233,45738,2,2
233,45739,0,0
233,45740,0,0
233,45741,2,2
233,45742,0,0
233,45743,0,0
233,45744,0,0
233,45745,2,2
233,45746,0,0
233,45747,2,2
233,45748,0,0
233,45749,2,0
233,45750,0,0
233,45751,0,0
233,45752,0,0
233,45753,0,0
233,45754,0,0
233,45755,2,2
233,45756,0,0
233,45757,0,0
233,45758,0,0
233,45759,0,0
233,45760,0,0
233,45761,0,0
233,45762,0,0
233,45763,0,0
233,45764,0,0
233,45765,2,2
233,45766,0,0
233,45767,0,0
233,45768,0,0
233,45769,0,0
233,45770,0,0
233,45771,2,2
233,45772,0,0
233,45773,0,0
233,45774,0,0
233,45775,0,0
233,45776,0,0
233,45777,0,0
233,45778,0,0
233,45779,0,0
233,45780,0,0
233,45781,2,2
233,45782,0,0
233,45783,2,0
233,45784,0,0
233,45785,0,0
233,45786,0,0
233,45787,0,3
233,45788,2,2
233,45789,2,2
233,45790,0,0
233,45791,2,0
233,45792,0,0
233,45793,2,0
233,45794,0,0
233,45795,0,0
233,45796,2,2
233,45797,0,0
233,45798,2,0
233,45799,0,0
233,45800,0,0
233,45801,0,0
233,45802,0,0
233,45803,0,0
233,45804,0,0
233,45805,2,2
233,45806,0,0
233,45807,2,0
233,45808,0,0
233,45809,0,0
233,45810,0,0
233,45811,0,0
233,45812,0,0
233,45813,2,2
233,45814,0,0
233,45815,0,0
233,45816,0,0
233,45817,0,0
233,45818,0,0
233,45819,2,2
233,45820,2,0
233,45821,0,0
233,45822,2,0
233,45823,0,0
233,45824,0,0
233,45825,0,0
233,45826,0,0
233,45827,0,0
233,45828,0,0
233,45829,2,2
233,45830,0,0
233,45831,2,0
233,45832,0,0
233,45833,0,0
233,45834,0,0
233,45835,2,0
233,45836,2,2
233,45837,0,0
233,45838,2,0
233,45839,0,0
233,45840,0,0
233,45841,2,2
233,45842,0,0
233,45843,2,0
233,45844,0,0
233,45845,0,0
233,45846,2,2
233,45847,0,0
233,45848,2,2
233,45849,2,0
233,45850,0,0
233,45851,0,0
233,45852,0,0
233,45853,2,0
233,45854,0,0
233,45855,0,0
233,45856,2,2
233,45857,0,0
233,45858,2,0
233,45859,0,0
233,45860,0,0
233,45861,2,2
233,45862,0,0
233,45863,2,0
233,45864,0,0
233,45865,2,0
233,45866,0,0
233,45867,0,0
233,45868,2,2
233,45869,0,0
233,45870,0,0
233,45871,0,0
233,45872,2,2
233,45873,0,0
233,45874,0,0
233,45875,0,0
233,45876,2,2
233,45877,0,0
233,45878,0,0
233,45879,0,0
233,45880,2,2
233,45881,0,0
233,45882,0,0
233,45883,0,0
233,45884,2,2
233,45885,0,0
233,45886,0,0
233,45887,0,0
233,45888,2,2
233,45889,0,0
233,45890,0,0
233,45891,0,0
233,45892,2,2
233,45893,0,0
233,45894,0,0
233,45895,0,0
233,45896,2,2
233,45897,0,0
233,45898,2,0
233,45899,0,0
233,45900,0,0
233,45901,0,0
233,45902,2,0
233,45903,0,0
233,45904,0,0
233,45905,0,0
233,45906,0,0
233,45907,0,0
233,45908,0,0
233,45909,0,0
233,45910,0,0
233,45911,0,0
233,45912,0,0
233,45913,0,0
233,45914,0,0
233,45915,0,0
233,45916,0,0
233,45917,0,0
233,45918,0,0
233,45919,0,0
233,45920,0,0
233,45921,0,0
233,45922,0,0
233,45923,2,2
233,45924,0,0
233,45925,0,0
233,45926,0,0
233,45927,2,2
233,45928,0,0
233,45929,2,0
233,45930,0,0
233,45931,0,0
233,45932,0,0
233,45933,0,3
233,45934,2,2
233,45935,0,0
233,45936,0,0
233,45937,0,0
233,45938,2,0
233,45939,0,0
233,45940,0,0
233,45941,0,0
233,45942,0,0
233,45943,0,0
233,45944,2,2
233,45945,0,0
233,45946,0,0
233,45947,0,0
233,45948,2,2
233,45949,0,0
233,45950,0,0
233,45951,0,0
233,45952,2,2
233,45953,0,0
233,45954,2,0
233,45955,0,0
233,45956,0,0
233,45957,0,0
233,45958,0,0
233,45959,2,2
233,45960,0,0
233,45961,0,0
233,45962,0,0
233,45963,2,2
233,45964,0,0
233,45965,0,0
233,45966,0,0
233,45967,2,2
233,45968,0,0
233,45969,2,2
233,45970,0,0
233,45971,0,0
233,45972,0,0
233,45973,2,0
233,45974,2,2
233,45975,0,0
233,45976,2,0
233,45977,2,2
233,45978,0,0
233,45979,0,0
233,45980,0,0
233,45981,0,0
233,45982,0,0
233,45983,2,2
233,45984,0,0
233,45985,0,0
233,45986,0,0
233,45987,2,2
233,45988,0,0
233,45989,0,0
233,45990,0,0
233,45991,2,2
233,45992,0,0
233,45993,0,0
233,45994,0,0
233,45995,2,2
233,45996,0,0
233,45997,0,0
233,45998,0,0
233,45999,0,0
233,46000,0,0
233,46001,0,0
233,46002,0,0
233,46003,0,0
233,46004,0,0
233,46005,2,2
233,46006,0,0
233,46007,0,0
233,46008,0,0
233,46009,2,2
233,46010,0,0
233,46011,0,0
233,46012,0,0
233,46013,2,2
233,46014,0,0
233,46015,0,0
233,46016,0,0
233,46017,0,0
233,46018,0,0
233,46019,0,0
233,46020,0,0
233,46021,2,2
233,46022,0,0
233,46023,0,0
233,46024,0,0
233,46025,2,2
233,46026,0,0
233,46027,0,0
233,46028,0,0
233,46029,2,2
233,46030,0,0
233,46031,0,0
233,46032,0,0
233,46033,2,2
233,46034,0,0
233,46035,0,0
233,46036,0,0
233,46037,2,2
233,46038,0,0
233,46039,0,0
233,46040,0,0
233,46041,2,2
233,46042,0,0
233,46043,0,0
233,46044,0,0
233,46045,2,2
233,46046,0,0
233,46047,0,0
233,46048,0,0
233,46049,2,2
233,46050,0,0
233,46051,0,0
233,46052,0,0
233,46053,2,2
233,46054,0,0
233,46055,0,0
233,46056,0,0
233,46057,2,2
233,46058,0,0
233,46059,0,0
233,46060,0,0
233,46061,2,2
233,46062,0,0
233,46063,0,0
233,46064,0,0
233,46065,2,2
233,46066,0,0
233,46067,0,0
233,46068,0,0
233,46069,2,2
233,46070,0,0
233,46071,0,0
233,46072,0,0
233,46073,2,2
233,46074,0,0
233,46075,0,0
233,46076,0,0
233,46077,2,2
233,46078,0,0
233,46079,0,0
233,46080,0,0
233,46081,2,2
233,46082,0,0
233,46083,0,0
233,46084,0,0
233,46085,2,2
233,46086,0,0
233,46087,0,0
233,46088,0,0
233,46089,2,2
233,46090,0,0
233,46091,0,0
233,46092,0,0
233,46093,2,2
233,46094,0,0
233,46095,0,0
233,46096,0,0
233,46097,2,2
233,46098,0,0
233,46099,0,0
233,46100,0,0
233,46101,2,2
233,46102,0,0
233,46103,0,0
233,46104,0,0
233,46105,2,0
233,46106,0,0
233,46107,0,0
233,46108,0,0
233,46109,2,0
233,46110,2,2
233,46111,0,0
233,46112,2,2
233,46113,0,0
233,46114,0,0
233,46115,0,0
233,46116,2,0
233,46117,0,0
233,46118,0,0
233,46119,0,0
233,46120,2,0
233,46121,2,2
233,46122,0,0
233,46123,2,0
233,46124,0,0
233,46125,0,0
233,46126,0,3
233,46127,0,0
233,46128,0,0
233,46129,2,2
233,46130,0,0
233,46131,0,0
233,46132,0,0
233,46133,2,0
233,46134,2,2
233,46135,0,0
233,46136,2,2
233,46137,0,0
233,46138,2,0
233,46139,0,0
233,46140,0,0
233,46141,0,0
233,46142,2,0
233,46143,0,0
233,46144,0,0
233,46145,0,0
233,46146,2,0
233,46147,2,2
233,46148,0,3
233,46149,0,0
233,46150,0,3
233,46151,0,0
233,46152,2,0
233,46153,2,2
233,46154,0,0
233,46155,0,0
233,46156,2,2
233,46157,0,0
233,46158,0,0
233,46159,2,2
233,46160,2,0
233,46161,2,0
233,46162,0,0
233,46163,2,0
233,46164,2,2
233,46165,0,0
233,46166,2,2
233,46167,2,0
233,46168,2,2
233,46169,0,0
233,46170,2,0
233,46171,0,0
233,46172,0,0
233,46173,0,0
233,46174,0,0
233,46175,2,2
233,46176,0,0
233,46177,2,2
233,46178,2,0
233,46179,0,0
233,46180,0,0
233,46181,0,0
233,46182,2,2
233,46183,0,0
233,46184,0,0
233,46185,2,2
233,46186,0,0
233,46187,0,0
233,46188,0,0
233,46189,2,2
233,46190,0,0
233,46191,0,0
233,46192,0,0
233,46193,2,2
233,46194,2,0
233,46195,2,2
233,46196,0,0
233,46197,0,0
233,46198,0,0
233,46199,2,2
233,46200,0,0
233,46201,2,0
233,46202,0,0
233,46203,0,0
233,46204,0,0
233,46205,0,0
233,46206,0,0
233,46207,0,0
233,46208,0,0
233,46209,0,0
233,46210,2,2
233,46211,0,0
233,46212,0,0
233,46213,0,0
233,46214,2,2
233,46215,0,0
233,46216,0,0
233,46217,0,0
233,46218,2,2
233,46219,0,0
233,46220,0,0
233,46221,0,0
233,46222,2,2
233,46223,0,0
233,46224,0,0
233,46225,0,0
233,46226,2,2
233,46227,0,0
233,46228,0,0
233,46229,0,0
233,46230,2,2
233,46231,0,0
233,46232,0,0
233,46233,0,0
233,46234,2,2
233,46235,0,0
233,46236,0,0
233,46237,0,0
233,46238,2,2
233,46239,0,0
233,46240,0,0
233,46241,0,0
233,46242,2,2
233,46243,0,0
233,46244,0,0
233,46245,0,0
233,46246,2,2
233,46247,0,0
233,46248,0,0
233,46249,0,0
233,46250,2,2
233,46251,0,0
233,46252,0,0
233,46253,0,0
233,46254,2,2
233,46255,0,0
233,46256,0,0
233,46257,0,0
233,46258,2,2
233,46259,0,0
233,46260,0,0
233,46261,0,0
233,46262,2,2
233,46263,0,0
233,46264,0,0
233,46265,0,0
233,46266,2,0
233,46267,0,0
233,46268,0,0
233,46269,0,0
233,46270,0,0
233,46271,0,0
233,46272,0,0
233,46273,0,0
233,46274,0,0
233,46275,0,0
233,46276,0,0
233,46277,0,0
233,46278,0,0
233,46279,0,0
233,46280,0,0
233,46281,2,2
233,46282,0,0
233,46283,2,2
233,46284,0,0
233,46285,2,2
233,46286,0,0
233,46287,2,0
233,46288,0,0
233,46289,0,0
233,46290,0,0
233,46291,2,0
233,46292,0,0
233,46293,0,0
233,46294,0,0
233,46295,2,0
233,46296,0,0
233,46297,0,0
233,46298,0,0
233,46299,2,0
233,46300,0,0
233,46301,0,0
233,46302,0,0
233,46303,2,0
233,46304,0,0
233,46305,0,0
233,46306,0,0
233,46307,2,0
233,46308,2,2
233,46309,0,0
233,46310,2,2
233,46311,0,0
233,46312,0,0
233,46313,0,0
233,46314,2,2
233,46315,0,3
233,46316,2,0
233,46317,0,0
233,46318,0,0
233,46319,0,0
233,46320,0,0
233,46321,0,0
233,46322,0,0
233,46323,0,0
233,46324,0,0
233,46325,0,0
233,46326,2,2
233,46327,0,0
233,46328,0,0
233,46329,0,0
233,46330,2,2
233,46331,0,3
233,46332,2,0
233,46333,0,0
233,46334,0,0
233,46335,0,0
233,46336,2,0
233,46337,0,0
233,46338,0,0
233,46339,0,0
233,46340,2,0
233,46341,0,0
233,46342,0,0
233,46343,0,0
233,46344,2,0
233,46345,2,2
233,46346,0,0
233,46347,2,2
233,46348,0,0
233,46349,2,2
233,46350,0,0
233,46351,2,2
233,46352,2,2
233,46353,0,0
233,46354,0,0
233,46355,0,0
233,46356,2,2
233,46357,0,0
233,46358,2,0
233,46359,0,0
233,46360,0,0
233,46361,0,0
233,46362,2,0
233,46363,0,0
233,46364,0,0
233,46365,0,0
233,46366,2,0
233,46367,0,0
233,46368,0,0
233,46369,0,0
233,46370,2,0
233,46371,0,0
233,46372,0,0
233,46373,0,0
233,46374,2,0
233,46375,2,2
233,46376,0,0
233,46377,2,2
233,46378,2,0
233,46379,0,0
233,46380,0,0
233,46381,2,2
233,46382,0,0
233,46383,2,0
233,46384,0,0
233,46385,0,0
233,46386,0,0
233,46387,2,0
233,46388,0,0
233,46389,0,0
233,46390,2,2
233,46391,0,0
233,46392,0,0
233,46393,0,0
233,46394,2,2
233,46395,0,0
233,46396,0,0
233,46397,0,0
233,46398,2,2
233,46399,0,0
233,46400,0,0
233,46401,0,0
233,46402,2,2
233,46403,0,3
233,46404,0,0
233,46405,0,0
233,46406,2,2
233,46407,0,0
233,46408,0,0
233,46409,0,0
233,46410,2,2
233,46411,0,0
233,46412,0,0
233,46413,0,0
233,46414,2,2
233,46415,0,0
233,46416,0,0
233,46417,0,0
233,46418,2,2
233,46419,0,0
233,46420,0,0
233,46421,0,0
233,46422,2,2
233,46423,0,0
233,46424,0,0
233,46425,0,0
233,46426,2,2
233,46427,0,0
233,46428,0,0
233,46429,0,0
233,46430,2,2
233,46431,0,0
233,46432,0,0
233,46433,0,0
233,46434,2,2
233,46435,0,0
233,46436,0,0
233,46437,0,0
233,46438,2,2
233,46439,0,3
233,46440,0,0
233,46441,0,0
233,46442,2,2
233,46443,0,0
233,46444,0,0
233,46445,0,0
233,46446,2,2
233,46447,0,0
233,46448,0,0
233,46449,0,0
233,46450,2,2
233,46451,0,0
233,46452,0,0
233,46453,0,0
233,46454,2,2
233,46455,0,0
233,46456,0,0
233,46457,0,0
233,46458,2,2
233,46459,0,0
233,46460,0,0
233,46461,0,0
233,46462,2,2
233,46463,0,0
233,46464,2,2
233,46465,0,0
233,46466,2,0
233,46467,0,0
233,46468,0,0
233,46469,0,0
233,46470,0,0
233,46471,0,0
233,46472,0,0
233,46473,0,0
233,46474,0,0
233,46475,2,2
233,46476,0,0
233,46477,2,2
233,46478,2,2
233,46479,0,3
233,46480,0,0
233,46481,0,0
233,46482,2,2
233,46483,0,0
233,46484,0,0
233,46485,0,0
233,46486,2,2
233,46487,0,0
233,46488,0,0
233,46489,0,0
233,46490,2,2
233,46491,0,0
233,46492,0,0
233,46493,0,0
233,46494,2,2
233,46495,0,0
233,46496,0,0
233,46497,0,0
233,46498,2,2
233,46499,0,0
233,46500,0,0
233,46501,0,0
233,46502,2,2
233,46503,0,0
233,46504,0,0
233,46505,0,0
233,46506,2,2
233,46507,0,3
233,46508,0,0
233,46509,0,0
233,46510,2,2
233,46511,0,0
233,46512,0,0
233,46513,0,0
233,46514,2,2
233,46515,0,0
233,46516,0,0
233,46517,0,0
233,46518,2,2
233,46519,0,0
233,46520,0,0
233,46521,0,0
233,46522,2,2
233,46523,0,0
233,46524,0,0
233,46525,0,0
233,46526,2,2
233,46527,0,0
233,46528,0,0
233,46529,0,0
233,46530,2,2
233,46531,0,0
233,46532,0,0
233,46533,0,0
233,46534,2,2
233,46535,0,0
233,46536,0,0
233,46537,0,0
233,46538,2,2
233,46539,0,0
233,46540,0,0
233,46541,0,0
233,46542,2,2
233,46543,0,0
233,46544,0,0
233,46545,0,0
233,46546,2,2
233,46547,0,0
233,46548,0,0
233,46549,0,0
233,46550,2,2
233,46551,0,0
233,46552,0,0
233,46553,0,0
233,46554,2,2
233,46555,0,0
233,46556,0,0
233,46557,0,0
233,46558,2,0
233,46559,0,0
233,46560,0,0
233,46561,2,2
233,46562,0,0
233,46563,0,0
233,46564,0,0
233,46565,2,2
233,46566,0,0
233,46567,0,0
233,46568,0,0
233,46569,2,2
233,46570,0,0
233,46571,0,0
233,46572,0,0
233,46573,2,2
233,46574,0,0
233,46575,0,0
233,46576,0,0
233,46577,2,2
233,46578,0,0
233,46579,0,0
233,46580,0,0
233,46581,2,2
233,46582,0,0
233,46583,0,0
233,46584,0,0
233,46585,2,2
233,46586,0,0
233,46587,0,0
233,46588,0,0
233,46589,2,2
233,46590,0,0
233,46591,0,0
233,46592,0,0
233,46593,2,2
233,46594,0,0
233,46595,0,0
233,46596,0,0
233,46597,2,2
233,46598,0,0
233,46599,0,0
233,46600,0,0
233,46601,2,2
233,46602,0,0
233,46603,0,0
233,46604,0,0
233,46605,2,2
233,46606,0,0
233,46607,0,0
233,46608,0,0
233,46609,2,2
233,46610,0,0
233,46611,0,0
233,46612,0,0
233,46613,2,2
233,46614,0,0
233,46615,0,0
233,46616,0,0
233,46617,2,2
233,46618,0,0
233,46619,0,0
233,46620,0,0
233,46621,2,2
233,46622,0,0
233,46623,0,0
233,46624,0,0
233,46625,2,2
233,46626,0,0
233,46627,0,0
233,46628,0,0
233,46629,2,2
233,46630,0,0
233,46631,0,0
233,46632,0,0
233,46633,2,2
233,46634,0,0
233,46635,0,0
233,46636,0,0
233,46637,2,2
233,46638,0,0
233,46639,0,0
233,46640,0,0
233,46641,2,2
233,46642,0,0
233,46643,0,0
233,46644,0,0
233,46645,2,2
233,46646,0,0
233,46647,0,0
233,46648,0,0
233,46649,2,2
233,46650,0,0
233,46651,0,0
233,46652,0,0
233,46653,2,2
233,46654,0,0
233,46655,0,0
233,46656,0,0
233,46657,2,2
233,46658,0,0
233,46659,0,0
233,46660,0,0
233,46661,2,2
233,46662,0,0
233,46663,0,0
233,46664,0,0
233,46665,2,2
233,46666,0,0
233,46667,0,0
233,46668,0,0
233,46669,2,2
233,46670,0,0
233,46671,0,0
233,46672,0,0
233,46673,2,2
233,46674,2,2
233,46675,0,0
233,46676,2,0
233,46677,0,0
233,46678,2,0
233,46679,0,0
233,46680,0,0
233,46681,0,0
233,46682,3,0
233,46683,0,0
233,46684,0,0
233,46685,0,0
233,46686,2,2
233,46687,0,0
233,46688,2,2
233,46689,2,2
233,46690,0,0
233,46691,0,0
233,46692,0,0
233,46693,2,2
233,46694,0,0
233,46695,0,0
233,46696,0,0
233,46697,2,2
233,46698,0,0
233,46699,0,0
233,46700,0,0
233,46701,2,2
233,46702,0,0
233,46703,0,0
233,46704,0,0
233,46705,2,2
233,46706,0,0
233,46707,0,0
233,46708,0,0
233,46709,2,2
233,46710,0,0
233,46711,0,0
233,46712,0,0
233,46713,2,2
233,46714,0,0
233,46715,0,0
233,46716,0,0
233,46717,2,2
233,46718,0,0
233,46719,0,0
233,46720,0,0
233,46721,2,2
233,46722,0,0
233,46723,0,0
233,46724,0,0
233,46725,2,0
233,46726,0,0
233,46727,2,2
233,46728,0,0
233,46729,2,0
233,46730,0,0
233,46731,2,2
233,46732,0,0
233,46733,2,0
233,46734,0,0
233,46735,0,0
233,46736,0,0
233,46737,0,0
233,46738,0,0
233,46739,2,2
233,46740,2,0
233,46741,0,0
233,46742,0,0
233,46743,0,0
233,46744,2,2
233,46745,0,0
233,46746,2,0
233,46747,0,0
233,46748,0,0
233,46749,0,0
233,46750,2,0
233,46751,0,0
233,46752,0,0
233,46753,2,2
233,46754,0,0
233,46755,0,0
233,46756,2,2
233,46757,0,0
233,46758,2,0
233,46759,0,0
233,46760,0,0
233,46761,2,2
233,46762,0,0
233,46763,0,0
233,46764,0,0
233,46765,2,2
233,46766,0,0
233,46767,0,0
233,46768,0,0
233,46769,2,2
233,46770,0,0
233,46771,1,0
233,46772,0,0
233,46773,0,0
233,46774,0,0
233,46775,0,0
233,46776,0,0
233,46777,2,2
233,46778,0,0
233,46779,0,0
233,46780,0,0
233,46781,2,2
233,46782,0,0
233,46783,0,0
233,46784,0,0
233,46785,2,2
233,46786,0,0
233,46787,0,0
233,46788,0,0
233,46789,2,0
233,46790,0,0
233,46791,0,0
233,46792,0,0
233,46793,2,2
233,46794,0,0
233,46795,0,0
233,46796,0,0
233,46797,2,0
233,46798,2,2
233,46799,0,0
233,46800,2,2
233,46801,0,0
233,46802,0,0
233,46803,0,0
233,46804,2,0
233,46805,0,0
233,46806,0,0
233,46807,0,0
233,46808,2,0
233,46809,2,2
233,46810,0,0
233,46811,2,2
233,46812,0,0
233,46813,0,0
233,46814,0,0
233,46815,2,0
233,46816,0,0
233,46817,0,0
233,46818,0,0
233,46819,2,2
233,46820,2,2
233,46821,0,0
233,46822,2,2
233,46823,0,0
233,46824,0,0
233,46825,0,0
233,46826,2,0
233,46827,0,0
233,46828,0,0
233,46829,0,0
233,46830,2,0
233,46831,2,2
233,46832,0,0
233,46833,2,0
233,46834,0,0
233,46835,0,0
233,46836,0,0
233,46837,2,2
233,46838,0,0
233,46839,2,2
233,46840,0,0
233,46841,2,0
233,46842,0,0
233,46843,0,0
233,46844,0,0
233,46845,2,0
233,46846,2,2
233,46847,2,0
233,46848,0,0
233,46849,2,0
233,46850,0,0
233,46851,0,0
233,46852,0,0
233,46853,0,0
233,46854,0,0
233,46855,2,2
233,46856,0,0
233,46857,2,0
233,46858,0,0
233,46859,0,0
233,46860,0,0
233,46861,2,0
233,46862,0,0
233,46863,0,0
233,46864,0,0
233,46865,2,0
233,46866,0,0
233,46867,0,0
233,46868,0,0
233,46869,2,0
233,46870,2,2
233,46871,0,0
233,46872,2,0
233,46873,0,0
233,46874,2,0
233,46875,0,0
233,46876,0,0
233,46877,2,2
233,46878,0,0
233,46879,2,2
233,46880,0,0
233,46881,0,0
233,46882,2,2
233,46883,0,0
233,46884,2,0
233,46885,0,0
233,46886,0,0
233,46887,0,0
233,46888,0,0
233,46889,2,2
233,46890,0,0
233,46891,0,0
233,46892,0,0
233,46893,0,0
233,46894,0,0
233,46895,0,0
233,46896,0,0
233,46897,2,0
233,46898,0,0
233,46899,0,0
233,46900,0,0
233,46901,2,2
233,46902,2,2
233,46903,0,0
233,46904,2,0
233,46905,0,0
233,46906,0,0
233,46907,2,2
233,46908,0,0
233,46909,2,2
233,46910,0,0
233,46911,2,2
233,46912,0,0
233,46913,2,2
233,46914,0,0
233,46915,2,0
233,46916,0,0
233,46917,0,0
233,46918,0,0
233,46919,0,0
233,46920,0,0
233,46921,2,2
233,46922,0,0
233,46923,0,0
233,46924,0,0
233,46925,2,2
233,46926,0,0
233,46927,0,0
233,46928,0,0
233,46929,2,2
233,46930,0,0
233,46931,0,0
234,46932,0,0
234,46933,0,0
234,46934,0,0
234,46935,0,0
234,46936,0,0
234,46937,0,0
234,46938,0,0
234,46939,0,0
234,46940,0,0
234,46941,0,0
234,46942,0,0
234,46943,0,0
234,46944,0,0
234,46945,0,0
234,46946,0,0
234,46947,0,0
234,46948,0,0
234,46949,0,0
234,46950,0,0
234,46951,0,0
234,46952,0,0
234,46953,0,0
234,46954,0,0
234,46955,0,0
234,46956,0,0
234,46957,0,0
234,46958,0,0
234,46959,0,0
234,46960,0,0
234,46961,0,0
234,46962,0,0
234,46963,0,0
234,46964,0,0
234,46965,0,0
234,46966,0,0
234,46967,0,0
234,46968,0,0
234,46969,0,0
234,46970,0,0
234,46971,0,0
234,46972,0,0
234,46973,0,0
234,46974,0,0
234,46975,0,0
234,46976,0,0
234,46977,0,0
234,46978,0,0
234,46979,0,0
234,46980,0,0
234,46981,0,0
234,46982,0,0
234,46983,0,0
234,46984,0,0
234,46985,0,0
234,46986,0,0
234,46987,0,0
234,46988,0,0
234,46989,0,0
234,46990,0,0
234,46991,0,0
234,46992,0,0
234,46993,0,0
234,46994,0,0
234,46995,0,0
234,46996,0,0
234,46997,0,0
234,46998,0,0
234,46999,0,0
234,47000,0,0
234,47001,0,0
234,47002,0,0
234,47003,0,0
234,47004,0,0
234,47005,0,0
234,47006,0,0
234,47007,0,0
234,47008,0,0
234,47009,0,0
234,47010,0,0
234,47011,0,0
234,47012,0,0
234,47013,0,0
234,47014,0,0
234,47015,0,0
234,47016,0,0
234,47017,0,0
234,47018,0,0
234,47019,0,0
234,47020,0,0
234,47021,0,0
234,47022,0,0
234,47023,0,0
234,47024,0,0
234,47025,0,0
234,47026,0,0
234,47027,0,0
234,47028,0,0
234,47029,0,0
234,47030,0,0
234,47031,0,0
234,47032,0,0
234,47033,0,0
234,47034,0,0
234,47035,0,0
234,47036,0,0
234,47037,0,0
234,47038,0,0
234,47039,0,0
234,47040,0,0
234,47041,0,0
234,47042,0,0
234,47043,0,0
234,47044,0,0
234,47045,0,0
234,47046,0,0
234,47047,0,0
234,47048,0,0
234,47049,0,0
234,47050,0,0
234,47051,0,0
234,47052,0,0
234,47053,0,0
234,47054,0,0
234,47055,0,0
234,47056,0,0
234,47057,0,0
234,47058,0,0
234,47059,0,0
234,47060,0,0
234,47061,0,0
234,47062,0,0
234,47063,0,0
234,47064,0,0
234,47065,0,0
234,47066,0,0
234,47067,0,0
234,47068,0,0
234,47069,0,0
234,47070,0,0
234,47071,0,0
234,47072,0,0
234,47073,0,0
234,47074,0,0
234,47075,0,0
234,47076,0,0
234,47077,0,0
234,47078,0,0
234,47079,0,0
234,47080,0,0
234,47081,0,0
234,47082,0,0
234,47083,0,0
234,47084,0,0
234,47085,0,0
234,47086,0,0
234,47087,0,0
234,47088,0,0
234,47089,0,0
234,47090,0,0
234,47091,0,0
234,47092,0,0
234,47093,0,0
234,47094,0,0
234,47095,0,0
234,47096,0,0
234,47097,0,0
234,47098,0,0
234,47099,0,0
234,47100,0,0
234,47101,0,0
234,47102,0,0
234,47103,0,0
234,47104,0,0
234,47105,0,0
234,47106,0,0
234,47107,0,0
234,47108,0,0
234,47109,0,0
234,47110,0,0
234,47111,0,0
234,47112,0,0
234,47113,0,0
234,47114,0,0
234,47115,0,0
234,47116,0,0
234,47117,0,0
234,47118,0,0
234,47119,0,0
234,47120,0,0
234,47121,0,0
234,47122,0,0
234,47123,0,0
234,47124,0,0
234,47125,0,0
234,47126,0,0
234,47127,0,0
234,47128,0,0
234,47129,0,0
234,47130,0,0
234,47131,0,0
234,47132,0,0
234,47133,0,0
234,47134,0,0
234,47135,0,0
234,47136,0,0
234,47137,0,0
234,47138,0,0
234,47139,0,0
234,47140,0,0
234,47141,0,0
234,47142,0,0
234,47143,0,0
234,47144,0,0
234,47145,0,0
234,47146,0,0
234,47147,0,0
234,47148,0,0
234,47149,0,0
234,47150,0,0
234,47151,0,0
234,47152,0,0
234,47153,0,0
234,47154,0,0
234,47155,0,0
234,47156,0,0
234,47157,0,0
234,47158,0,0
234,47159,0,0
234,47160,0,0
234,47161,0,0
234,47162,0,0
234,47163,0,3
234,47164,0,0
234,47165,0,0
234,47166,0,0
234,47167,0,0
234,47168,0,0
234,47169,0,0
234,47170,0,0
234,47171,0,0
234,47172,0,0
234,47173,0,0
234,47174,0,0
234,47175,0,0
234,47176,0,0
234,47177,0,0
234,47178,0,0
234,47179,0,0
234,47180,0,0
234,47181,0,0
234,47182,0,0
234,47183,0,0
234,47184,0,0
234,47185,0,0
234,47186,0,0
234,47187,0,0
234,47188,0,0
234,47189,0,0
234,47190,0,0
234,47191,0,0
234,47192,0,0
234,47193,0,0
234,47194,0,0
234,47195,0,0
234,47196,0,0
234,47197,0,0
234,47198,0,0
234,47199,0,0
234,47200,0,0
234,47201,0,0
234,47202,0,0
234,47203,0,0
234,47204,0,0
234,47205,0,0
234,47206,0,0
234,47207,0,0
234,47208,0,0
234,47209,0,0
234,47210,0,0
234,47211,0,0
234,47212,0,0
234,47213,0,0
234,47214,0,0
234,47215,0,0
234,47216,0,0
234,47217,0,0
234,47218,0,0
234,47219,0,0
234,47220,0,0
234,47221,0,0
234,47222,0,0
234,47223,0,0
234,47224,0,0
234,47225,0,0
234,47226,0,0
234,47227,0,0
234,47228,0,0
234,47229,0,0
234,47230,0,0
234,47231,0,0
234,47232,0,0
234,47233,0,0
234,47234,0,0
234,47235,0,0
234,47236,0,0
234,47237,0,0
234,47238,0,0
234,47239,0,0
234,47240,0,3
234,47241,0,0
234,47242,0,0
234,47243,0,0
234,47244,0,0
234,47245,0,0
234,47246,0,0
234,47247,0,0
234,47248,0,0
234,47249,0,0
234,47250,0,0
234,47251,0,0
234,47252,0,0
234,47253,0,0
234,47254,0,0
234,47255,0,0
234,47256,0,0
234,47257,0,0
234,47258,0,0
234,47259,0,0
234,47260,0,0
234,47261,0,0
234,47262,0,0
234,47263,0,0
234,47264,0,0
234,47265,0,0
234,47266,0,0
234,47267,0,0
234,47268,0,0
234,47269,0,0
234,47270,0,0
234,47271,0,0
234,47272,0,0
234,47273,0,0
234,47274,0,0
234,47275,0,0
234,47276,0,0
234,47277,0,0
234,47278,0,0
234,47279,0,0
234,47280,0,0
234,47281,0,0
234,47282,0,0
234,47283,0,0
234,47284,0,0
234,47285,0,0
234,47286,0,0
234,47287,0,0
234,47288,0,0
234,47289,0,0
234,47290,0,0
234,47291,0,0
234,47292,0,0
234,47293,0,0
234,47294,0,0
234,47295,0,0
234,47296,0,0
234,47297,0,0
234,47298,0,0
234,47299,0,0
234,47300,0,0
234,47301,0,0
234,47302,0,0
234,47303,0,0
234,47304,0,0
234,47305,0,0
234,47306,0,0
234,47307,0,0
234,47308,0,0
234,47309,0,0
234,47310,0,0
234,47311,0,0
234,47312,0,0
234,47313,0,0
234,47314,0,0
234,47315,0,0
234,47316,0,0
234,47317,0,0
234,47318,0,0
234,47319,0,0
234,47320,0,0
234,47321,0,0
234,47322,0,0
234,47323,0,0
234,47324,0,0
234,47325,0,0
234,47326,0,0
234,47327,0,0
234,47328,0,0
234,47329,0,0
234,47330,0,0
234,47331,0,0
234,47332,0,0
234,47333,0,0
234,47334,0,0
234,47335,0,0
234,47336,0,0
234,47337,0,0
234,47338,0,0
234,47339,0,0
234,47340,0,0
234,47341,0,0
234,47342,0,0
234,47343,0,0
234,47344,0,0
234,47345,0,0
234,47346,0,0
234,47347,0,0
234,47348,0,0
234,47349,0,0
234,47350,0,0
234,47351,0,0
234,47352,0,0
234,47353,0,0
234,47354,0,0
234,47355,0,0
234,47356,0,0
234,47357,0,0
234,47358,0,0
234,47359,0,0
234,47360,0,0
234,47361,0,0
234,47362,0,0
234,47363,0,0
234,47364,0,0
234,47365,0,0
234,47366,0,0
234,47367,0,0
234,47368,0,0
234,47369,0,0
234,47370,0,0
234,47371,0,0
234,47372,0,0
234,47373,0,0
234,47374,0,0
234,47375,0,0
234,47376,0,0
234,47377,0,0
234,47378,0,0
234,47379,0,0
234,47380,0,0
234,47381,0,0
234,47382,0,0
234,47383,0,0
234,47384,0,0
234,47385,0,0
234,47386,0,0
234,47387,0,0
234,47388,0,0
234,47389,0,3
234,47390,0,0
234,47391,0,0
234,47392,0,0
234,47393,0,0
234,47394,0,0
234,47395,0,0
234,47396,0,0
234,47397,0,0
234,47398,0,0
234,47399,0,0
234,47400,0,0
234,47401,0,0
234,47402,0,0
234,47403,0,0
234,47404,0,0
234,47405,0,0
234,47406,0,0
234,47407,0,0
234,47408,0,0
234,47409,0,0
234,47410,0,0
234,47411,0,0
234,47412,0,3
234,47413,0,0
234,47414,0,0
234,47415,0,0
234,47416,0,0
234,47417,0,0
234,47418,0,0
234,47419,0,0
234,47420,0,0
234,47421,0,3
234,47422,0,0
234,47423,0,0
234,47424,0,0
234,47425,0,0
234,47426,0,0
234,47427,0,0
234,47428,0,0
234,47429,0,0
234,47430,0,0
234,47431,0,0
234,47432,0,0
234,47433,0,0
234,47434,0,0
234,47435,0,0
234,47436,0,0
234,47437,0,0
234,47438,0,0
234,47439,0,0
234,47440,0,0
234,47441,0,0
234,47442,0,0
234,47443,0,0
234,47444,0,0
234,47445,0,0
234,47446,0,0
234,47447,0,0
234,47448,0,0
234,47449,0,0
234,47450,0,0
234,47451,0,0
234,47452,0,0
234,47453,0,0
234,47454,0,0
234,47455,0,0
234,47456,0,0
234,47457,0,0
234,47458,0,0
234,47459,0,0
234,47460,0,0
234,47461,0,0
234,47462,0,0
234,47463,0,0
234,47464,0,0
234,47465,0,0
234,47466,0,0
234,47467,0,0
234,47468,0,0
234,47469,0,0
234,47470,0,0
234,47471,0,0
234,47472,0,0
234,47473,0,0
234,47474,0,0
234,47475,0,0
234,47476,0,0
234,47477,0,0
234,47478,0,0
234,47479,0,0
234,47480,0,0
234,47481,0,0
234,47482,0,0
234,47483,0,0
234,47484,0,0
234,47485,0,0
234,47486,0,0
234,47487,0,0
234,47488,0,0
234,47489,0,0
234,47490,0,0
234,47491,0,0
234,47492,0,0
234,47493,0,0
234,47494,0,0
234,47495,0,0
234,47496,0,0
234,47497,0,0
234,47498,0,0
234,47499,0,0
234,47500,0,0
234,47501,0,0
234,47502,0,0
234,47503,0,0
234,47504,0,0
234,47505,0,0
234,47506,0,0
234,47507,0,0
234,47508,0,0
234,47509,0,0
234,47510,0,0
234,47511,0,0
234,47512,0,0
234,47513,0,0
234,47514,0,0
234,47515,0,0
234,47516,0,0
234,47517,0,0
234,47518,0,0
234,47519,0,0
234,47520,0,0
234,47521,0,0
234,47522,0,0
234,47523,0,0
234,47524,0,0
234,47525,0,0
234,47526,0,0
234,47527,0,0
234,47528,0,0
234,47529,0,0
234,47530,0,0
234,47531,0,0
234,47532,0,0
234,47533,0,0
234,47534,0,0
234,47535,0,0
234,47536,0,0
234,47537,0,0
234,47538,0,0
234,47539,0,0
234,47540,0,0
234,47541,0,0
234,47542,0,0
234,47543,0,0
234,47544,0,0
234,47545,0,0
234,47546,0,0
234,47547,0,0
234,47548,0,0
234,47549,0,0
234,47550,0,0
234,47551,0,0
234,47552,0,0
234,47553,0,0
234,47554,0,0
234,47555,0,0
234,47556,0,0
234,47557,0,0
234,47558,0,0
234,47559,0,0
234,47560,0,0
234,47561,0,0
234,47562,0,0
234,47563,0,0
234,47564,0,0
234,47565,0,0
234,47566,0,0
234,47567,0,0
234,47568,0,0
234,47569,0,0
234,47570,0,0
234,47571,0,0
234,47572,0,0
234,47573,0,0
234,47574,0,0
234,47575,0,0
234,47576,0,0
234,47577,0,0
234,47578,0,0
234,47579,0,0
234,47580,0,0
234,47581,0,0
234,47582,0,0
234,47583,0,0
234,47584,0,0
234,47585,0,0
234,47586,0,0
234,47587,0,0
234,47588,0,0
234,47589,0,0
234,47590,0,0
234,47591,0,0
234,47592,0,0
234,47593,0,0
234,47594,0,0
234,47595,0,0
234,47596,0,0
234,47597,0,0
234,47598,0,0
234,47599,0,0
234,47600,0,0
234,47601,0,0
234,47602,0,0
234,47603,0,0
234,47604,0,0
234,47605,0,0
234,47606,0,0
234,47607,0,0
234,47608,0,0
234,47609,0,0
234,47610,0,0
234,47611,0,0
234,47612,0,0
234,47613,0,0
234,47614,0,0
234,47615,0,0
234,47616,0,0
234,47617,0,0
234,47618,0,0
234,47619,0,0
234,47620,0,0
234,47621,0,0
234,47622,0,0
234,47623,0,0
234,47624,0,0
234,47625,0,0
234,47626,0,0
234,47627,0,0
234,47628,0,0
234,47629,0,0
234,47630,0,0
234,47631,0,0
234,47632,0,0
234,47633,0,0
234,47634,0,0
234,47635,0,0
234,47636,0,0
234,47637,0,0
234,47638,0,0
234,47639,0,0
234,47640,0,0
234,47641,0,0
234,47642,0,0
234,47643,0,0
234,47644,0,0
234,47645,0,0
234,47646,0,0
234,47647,0,0
234,47648,0,0
234,47649,0,0
234,47650,0,0
234,47651,0,0
234,47652,0,0
234,47653,0,0
234,47654,0,0
234,47655,0,0
234,47656,0,0
234,47657,0,0
234,47658,0,0
234,47659,0,0
234,47660,0,0
234,47661,0,0
234,47662,0,0
234,47663,0,0
234,47664,0,0
234,47665,0,0
234,47666,0,0
234,47667,0,0
234,47668,0,0
234,47669,0,0
234,47670,0,0
234,47671,0,0
234,47672,0,0
234,47673,0,0
234,47674,0,0
234,47675,0,0
234,47676,0,0
234,47677,0,0
234,47678,0,0
234,47679,0,0
234,47680,0,0
234,47681,0,0
234,47682,0,0
234,47683,0,0
234,47684,0,0
234,47685,0,0
234,47686,0,0
234,47687,0,0
234,47688,0,0
234,47689,0,0
234,47690,0,0
234,47691,0,0
234,47692,0,0
234,47693,0,0
234,47694,0,0
234,47695,0,0
234,47696,0,0
234,47697,0,0
234,47698,0,0
234,47699,0,0
234,47700,0,0
234,47701,0,0
234,47702,0,0
234,47703,0,0
234,47704,0,0
234,47705,0,0
234,47706,0,0
234,47707,0,0
234,47708,0,0
234,47709,0,0
234,47710,0,0
234,47711,0,0
234,47712,0,0
234,47713,0,0
234,47714,0,0
234,47715,0,0
234,47716,0,0
234,47717,0,0
234,47718,0,0
234,47719,0,0
234,47720,0,0
234,47721,0,0
234,47722,0,0
234,47723,0,0
234,47724,0,0
234,47725,0,0
234,47726,0,0
234,47727,0,0
234,47728,0,0
234,47729,0,0
234,47730,0,0
234,47731,0,0
234,47732,0,0
234,47733,0,0
234,47734,0,0
234,47735,0,0
234,47736,0,0
234,47737,0,0
234,47738,0,0
234,47739,0,0
234,47740,0,0
234,47741,0,0
234,47742,0,0
234,47743,0,0
234,47744,0,0
234,47745,0,0
234,47746,0,0
234,47747,0,0
234,47748,0,0
234,47749,0,0
234,47750,0,0
234,47751,0,0
234,47752,0,0
234,47753,0,0
234,47754,0,0
234,47755,0,0
234,47756,0,0
234,47757,0,0
234,47758,0,0
234,47759,0,0
234,47760,0,0
234,47761,0,0
234,47762,0,0
234,47763,0,0
234,47764,0,0
234,47765,0,0
234,47766,0,0
234,47767,0,0
234,47768,0,0
234,47769,0,0
234,47770,0,0
234,47771,0,0
234,47772,0,0
234,47773,0,0
234,47774,0,0
234,47775,0,0
234,47776,0,0
234,47777,0,0
234,47778,0,0
234,47779,0,0
234,47780,0,0
234,47781,0,0
234,47782,0,0
234,47783,0,0
234,47784,0,0
234,47785,0,0
234,47786,0,0
234,47787,0,0
234,47788,0,0
234,47789,0,0
234,47790,0,0
234,47791,0,0
234,47792,0,0
234,47793,0,0
234,47794,0,0
234,47795,0,0
234,47796,0,0
234,47797,0,0
234,47798,0,0
234,47799,0,0
234,47800,0,0
234,47801,0,0
234,47802,0,0
234,47803,0,0
234,47804,0,0
234,47805,0,0
234,47806,0,0
234,47807,0,0
234,47808,0,0
234,47809,0,0
234,47810,0,0
234,47811,0,3
234,47812,0,0
234,47813,0,0
234,47814,0,0
234,47815,0,0
234,47816,0,0
234,47817,0,0
234,47818,0,0
234,47819,0,0
234,47820,0,0
234,47821,0,0
234,47822,0,0
234,47823,0,0
234,47824,0,0
234,47825,0,0
234,47826,0,0
234,47827,0,0
234,47828,0,0
234,47829,0,0
234,47830,0,0
234,47831,0,0
234,47832,0,0
234,47833,0,0
234,47834,0,0
234,47835,0,0
234,47836,0,0
234,47837,0,0
234,47838,0,0
234,47839,0,0
234,47840,0,0
234,47841,0,0
234,47842,0,0
234,47843,0,0
234,47844,0,0
234,47845,0,0
234,47846,0,0
234,47847,0,0
234,47848,0,0
234,47849,0,0
234,47850,0,0
234,47851,0,0
234,47852,0,0
234,47853,0,0
234,47854,0,0
234,47855,0,0
234,47856,0,0
234,47857,0,0
234,47858,0,0
234,47859,0,0
234,47860,0,0
234,47861,0,0
234,47862,0,0
234,47863,0,0
234,47864,0,0
234,47865,0,0
234,47866,0,0
234,47867,0,0
234,47868,0,0
234,47869,0,0
234,47870,0,0
234,47871,0,0
234,47872,0,0
234,47873,0,0
234,47874,0,0
234,47875,0,0
234,47876,0,0
234,47877,0,0
234,47878,0,0
234,47879,0,0
234,47880,0,0
234,47881,0,0
234,47882,0,0
234,47883,0,0
234,47884,0,0
234,47885,0,0
234,47886,0,0
234,47887,0,0
234,47888,0,0
234,47889,0,0
234,47890,0,0
234,47891,0,0
234,47892,0,0
234,47893,0,0
234,47894,0,0
234,47895,0,0
234,47896,0,0
234,47897,0,0
234,47898,0,0
234,47899,0,0
234,47900,0,0
234,47901,0,0
234,47902,0,0
234,47903,0,0
234,47904,0,0
234,47905,0,0
234,47906,0,0
234,47907,0,0
234,47908,0,0
234,47909,0,0
234,47910,0,0
234,47911,0,0
234,47912,0,0
234,47913,0,0
234,47914,0,0
234,47915,0,0
234,47916,0,0
234,47917,0,0
234,47918,0,0
234,47919,0,0
234,47920,0,0
234,47921,0,0
234,47922,0,0
234,47923,0,0
234,47924,0,0
234,47925,0,0
234,47926,0,0
234,47927,0,0
234,47928,0,0
234,47929,0,0
234,47930,0,0
234,47931,0,0
234,47932,0,0
234,47933,0,0
234,47934,0,0
234,47935,0,0
234,47936,0,0
234,47937,0,0
234,47938,0,0
234,47939,0,0
234,47940,0,0
234,47941,0,0
234,47942,0,0
234,47943,0,0
234,47944,0,0
234,47945,0,0
234,47946,0,0
234,47947,0,0
234,47948,0,0
234,47949,0,0
234,47950,0,0
234,47951,0,0
234,47952,0,0
234,47953,0,0
234,47954,0,0
234,47955,0,0
234,47956,0,0
234,47957,0,0
234,47958,0,0
234,47959,0,0
234,47960,0,0
234,47961,0,0
234,47962,0,0
234,47963,0,0
234,47964,0,0
234,47965,0,0
234,47966,0,0
234,47967,0,0
234,47968,0,0
234,47969,0,0
234,47970,0,0
234,47971,0,0
234,47972,0,0
234,47973,0,0
234,47974,0,0
234,47975,0,0
234,47976,0,0
234,47977,0,0
234,47978,0,0
234,47979,0,0
234,47980,0,0
234,47981,0,0
234,47982,0,0
234,47983,0,0
234,47984,0,0
234,47985,0,0
234,47986,0,0
234,47987,0,0
234,47988,0,0
234,47989,0,0
234,47990,0,0
234,47991,0,0
234,47992,0,0
234,47993,0,0
234,47994,0,0
234,47995,0,0
234,47996,0,0
234,47997,0,0
234,47998,0,0
234,47999,0,0
234,48000,0,0
234,48001,0,0
234,48002,0,0
234,48003,0,0
234,48004,0,0
234,48005,0,0
234,48006,0,0
234,48007,0,0
234,48008,0,0
234,48009,0,0
234,48010,0,0
234,48011,0,0
234,48012,0,0
234,48013,0,0
234,48014,0,0
234,48015,0,0
234,48016,0,0
234,48017,0,0
234,48018,0,0
234,48019,0,0
234,48020,0,0
234,48021,0,0
234,48022,0,0
234,48023,0,0
234,48024,0,0
234,48025,0,0
234,48026,0,0
234,48027,0,0
234,48028,0,0
234,48029,0,0
234,48030,0,0
234,48031,0,0
234,48032,0,0
234,48033,0,0
234,48034,0,0
234,48035,0,0
234,48036,0,0
234,48037,0,0
234,48038,0,0
234,48039,0,0
234,48040,0,0
234,48041,0,0
234,48042,0,0
234,48043,0,0
234,48044,0,0
234,48045,0,0
234,48046,0,0
234,48047,0,0
234,48048,0,0
234,48049,0,0
234,48050,0,0
234,48051,0,0
234,48052,0,0
234,48053,0,0
234,48054,0,0
234,48055,0,0
234,48056,0,0
234,48057,0,0
234,48058,0,0
234,48059,0,0
234,48060,0,0
234,48061,0,0
234,48062,0,0
234,48063,0,0
234,48064,0,0
234,48065,0,0
234,48066,0,0
234,48067,0,0
234,48068,0,0
234,48069,0,0
234,48070,0,0
234,48071,0,0
234,48072,0,0
234,48073,0,0
234,48074,0,0
234,48075,0,0
234,48076,0,0
234,48077,0,0
234,48078,0,0
234,48079,0,0
234,48080,0,0
234,48081,0,0
234,48082,0,0
234,48083,0,0
234,48084,0,0
234,48085,0,0
234,48086,0,0
234,48087,0,0
234,48088,0,0
234,48089,0,0
234,48090,0,0
234,48091,0,0
234,48092,0,0
234,48093,0,0
234,48094,0,0
234,48095,0,0
234,48096,0,0
234,48097,0,0
234,48098,0,0
234,48099,0,0
234,48100,0,0
234,48101,0,0
234,48102,0,0
234,48103,0,0
234,48104,0,0
234,48105,0,0
234,48106,0,0
234,48107,0,0
234,48108,0,0
234,48109,0,0
234,48110,0,0
234,48111,0,0
234,48112,0,0
234,48113,0,0
234,48114,0,0
234,48115,0,0
234,48116,0,0
234,48117,0,0
234,48118,0,0
234,48119,0,0
234,48120,0,0
234,48121,0,0
234,48122,0,0
234,48123,0,0
234,48124,0,0
234,48125,0,0
234,48126,0,0
234,48127,0,0
234,48128,0,0
234,48129,0,0
234,48130,0,0
234,48131,0,0
234,48132,0,0
234,48133,0,0
234,48134,0,0
234,48135,0,0
234,48136,0,0
234,48137,0,0
234,48138,0,0
234,48139,0,0
234,48140,0,0
234,48141,0,0
234,48142,0,0
234,48143,0,0
234,48144,0,0
234,48145,0,0
234,48146,0,0
234,48147,0,0
234,48148,0,0
234,48149,0,0
234,48150,0,0
234,48151,0,0
234,48152,0,0
234,48153,0,0
234,48154,0,0
234,48155,0,0
234,48156,0,0
234,48157,0,0
234,48158,0,0
234,48159,0,0
234,48160,0,0
234,48161,0,0
234,48162,0,0
234,48163,0,0
234,48164,0,0
234,48165,0,0
234,48166,0,0
234,48167,0,0
234,48168,0,0
234,48169,0,0
234,48170,0,0
234,48171,0,0
234,48172,0,0
234,48173,0,0
234,48174,0,0
234,48175,0,0
234,48176,0,0
234,48177,0,0
234,48178,0,0
234,48179,0,0
234,48180,0,0
234,48181,0,0
234,48182,0,0
234,48183,0,3
234,48184,0,0
234,48185,0,0
234,48186,0,0
234,48187,0,0
234,48188,0,0
234,48189,0,0
234,48190,0,0
234,48191,0,0
234,48192,0,0
234,48193,0,0
234,48194,0,0
234,48195,0,0
234,48196,0,0
234,48197,0,0
234,48198,0,0
234,48199,0,0
234,48200,0,0
234,48201,0,0
234,48202,0,0
234,48203,0,0
234,48204,0,0
234,48205,0,0
234,48206,0,0
234,48207,0,0
234,48208,0,0
234,48209,0,0
234,48210,0,0
234,48211,0,0
234,48212,0,0
234,48213,0,0
234,48214,0,0
234,48215,0,0
234,48216,0,0
234,48217,0,0
234,48218,0,0
234,48219,0,0
234,48220,0,0
234,48221,0,0
234,48222,0,0
234,48223,0,0
234,48224,0,0
234,48225,0,0
234,48226,0,0
234,48227,0,0
234,48228,0,0
234,48229,1,0
234,48230,1,0
234,48231,1,0
234,48232,1,0
234,48233,1,0
234,48234,1,0
234,48235,1,0
234,48236,1,0
234,48237,1,0
234,48238,1,0
234,48239,1,0
234,48240,1,0
234,48241,1,0
234,48242,1,0
234,48243,1,0
234,48244,1,0
234,48245,1,0
234,48246,1,0
234,48247,1,0
234,48248,1,0
234,48249,1,0
234,48250,1,0
234,48251,1,0
234,48252,1,0
234,48253,1,0
234,48254,1,0
234,48255,1,0
234,48256,1,0
234,48257,1,0
234,48258,1,0
234,48259,1,0
234,48260,1,0
234,48261,1,0
234,48262,1,0
234,48263,1,0
234,48264,1,0
234,48265,1,0
234,48266,1,0
234,48267,1,0
234,48268,1,0
234,48269,1,0
234,48270,1,0
234,48271,1,0
234,48272,1,0
234,48273,1,0
234,48274,1,0
234,48275,1,0
234,48276,1,1
234,48277,1,0
234,48278,1,0
234,48279,0,0
234,48280,0,0
234,48281,0,0
234,48282,0,0
234,48283,0,0
234,48284,0,0
234,48285,0,0
234,48286,0,0
234,48287,0,0
234,48288,0,0
234,48289,0,0
234,48290,0,0
234,48291,0,0
234,48292,0,0
234,48293,0,0
234,48294,0,0
234,48295,0,0
234,48296,0,0
234,48297,0,0
234,48298,0,0
234,48299,0,0
234,48300,0,0
234,48301,0,0
234,48302,0,0
234,48303,0,0
234,48304,0,0
234,48305,0,0
234,48306,0,0
234,48307,0,0
234,48308,0,0
234,48309,0,0
234,48310,0,0
234,48311,0,0
234,48312,0,0
234,48313,0,0
234,48314,0,0
234,48315,0,0
234,48316,0,0
234,48317,0,0
234,48318,0,0
234,48319,0,0
234,48320,0,0
234,48321,0,0
234,48322,0,0
234,48323,0,0
234,48324,0,0
234,48325,0,0
234,48326,0,0
234,48327,0,0
234,48328,0,0
234,48329,0,0
234,48330,0,0
234,48331,0,0
234,48332,0,0
234,48333,0,0
234,48334,0,0
234,48335,0,0
234,48336,0,0
234,48337,0,0
234,48338,0,0
234,48339,0,0
234,48340,0,0
234,48341,0,0
234,48342,0,0
234,48343,0,0
234,48344,0,0
234,48345,0,0
234,48346,0,0
234,48347,0,0
234,48348,0,0
234,48349,0,0
234,48350,0,0
234,48351,0,0
234,48352,0,0
234,48353,0,0
234,48354,0,0
234,48355,0,0
234,48356,0,0
234,48357,0,0
234,48358,0,0
234,48359,0,0
234,48360,0,0
234,48361,0,0
234,48362,0,0
234,48363,0,0
234,48364,0,0
234,48365,0,0
234,48366,0,0
234,48367,0,0
234,48368,0,0
234,48369,0,0
234,48370,0,0
234,48371,0,0
234,48372,0,0
234,48373,0,0
234,48374,0,0
234,48375,0,0
234,48376,0,0
234,48377,0,0
234,48378,0,0
234,48379,0,0
234,48380,0,0
234,48381,0,0
234,48382,0,0
234,48383,0,0
234,48384,0,0
234,48385,0,0
234,48386,0,0
234,48387,0,0
234,48388,0,0
234,48389,0,0
234,48390,0,0
234,48391,0,0
234,48392,0,0
234,48393,0,0
234,48394,0,0
234,48395,0,0
234,48396,0,0
234,48397,0,0
234,48398,0,0
234,48399,0,0
234,48400,0,0
234,48401,0,0
234,48402,0,0
234,48403,0,0
234,48404,0,0
234,48405,0,0
234,48406,0,0
234,48407,0,0
234,48408,0,0
234,48409,0,0
234,48410,0,0
234,48411,0,0
234,48412,0,0
234,48413,0,0
234,48414,0,0
234,48415,0,0
234,48416,0,0
234,48417,0,0
234,48418,0,0
234,48419,0,0
234,48420,0,0
234,48421,0,0
234,48422,0,0
234,48423,0,0
234,48424,0,0
234,48425,0,0
234,48426,0,0
234,48427,0,0
234,48428,0,0
234,48429,0,0
234,48430,0,0
234,48431,0,0
234,48432,0,0
234,48433,0,0
234,48434,0,0
234,48435,0,0
234,48436,0,0
234,48437,0,0
234,48438,0,0
234,48439,0,0
234,48440,0,0
234,48441,0,0
234,48442,0,0
234,48443,0,0
234,48444,0,0
234,48445,0,0
234,48446,0,0
234,48447,0,0
234,48448,0,0
234,48449,0,0
234,48450,0,0
234,48451,0,0
234,48452,0,0
234,48453,0,0
234,48454,0,0
234,48455,0,0
234,48456,0,0
234,48457,0,0
234,48458,0,0
234,48459,0,3
234,48460,0,0
234,48461,0,0
234,48462,0,0
234,48463,0,0
234,48464,0,0
234,48465,0,0
234,48466,0,0
234,48467,0,0
234,48468,0,0
234,48469,0,0
234,48470,0,0
234,48471,0,0
234,48472,0,0
234,48473,0,0
234,48474,0,0
234,48475,0,0
234,48476,0,0
234,48477,0,0
234,48478,0,0
234,48479,0,0
234,48480,0,0
234,48481,0,0
234,48482,0,0
234,48483,0,0
234,48484,0,0
234,48485,0,0
234,48486,0,0
234,48487,0,0
234,48488,0,0
234,48489,0,0
234,48490,0,0
234,48491,0,0
234,48492,0,0
234,48493,0,0
234,48494,0,0
234,48495,0,0
234,48496,0,0
234,48497,0,0
234,48498,0,0
234,48499,0,0
234,48500,0,0
234,48501,0,0
234,48502,0,0
234,48503,0,0
234,48504,0,0
234,48505,0,0
234,48506,0,0
234,48507,0,3
234,48508,0,0
234,48509,0,0
234,48510,0,0
234,48511,0,3
234,48512,2,2
234,48513,0,0
234,48514,0,0
234,48515,0,0
234,48516,0,0
234,48517,0,0
234,48518,0,0
234,48519,0,0
234,48520,0,0
234,48521,0,0
234,48522,0,0
234,48523,0,0
234,48524,0,0
234,48525,0,0
234,48526,0,0
234,48527,0,0
234,48528,0,0
234,48529,0,0
234,48530,0,0
234,48531,0,0
234,48532,0,0
234,48533,0,0
234,48534,0,0
234,48535,0,0
234,48536,0,0
234,48537,0,0
234,48538,0,0
234,48539,0,0
234,48540,0,0
234,48541,0,0
234,48542,0,0
234,48543,0,0
234,48544,0,0
234,48545,0,0
234,48546,0,0
234,48547,0,0
234,48548,0,0
234,48549,0,0
234,48550,0,0
234,48551,0,0
234,48552,0,0
234,48553,0,0
234,48554,0,0
234,48555,0,0
234,48556,0,0
234,48557,0,0
234,48558,0,0
234,48559,0,0
234,48560,0,3
234,48561,0,0
234,48562,0,0
234,48563,0,0
234,48564,0,0
234,48565,0,0
234,48566,0,0
234,48567,0,0
234,48568,0,0
234,48569,0,0
234,48570,0,0
234,48571,0,0
234,48572,0,0
234,48573,0,0
234,48574,0,0
234,48575,0,0
234,48576,0,0
234,48577,0,0
234,48578,0,0
234,48579,0,0
234,48580,0,0
234,48581,0,0
234,48582,0,0
234,48583,0,0
234,48584,0,0
234,48585,0,0
234,48586,0,0
234,48587,0,0
234,48588,0,0
234,48589,0,0
234,48590,0,0
234,48591,0,0
234,48592,0,0
234,48593,0,0
234,48594,0,0
234,48595,0,0
234,48596,0,0
234,48597,0,0
234,48598,0,0
234,48599,0,0
234,48600,0,0
234,48601,0,0
234,48602,0,0
234,48603,0,0
234,48604,0,0
234,48605,0,0
234,48606,0,0
234,48607,0,0
234,48608,0,0
234,48609,0,0
234,48610,0,0
234,48611,0,0
234,48612,0,0
234,48613,0,0
234,48614,0,0
234,48615,0,0
234,48616,0,0
234,48617,0,0
234,48618,0,0
234,48619,0,0
234,48620,0,0
234,48621,0,0
234,48622,0,0
234,48623,0,0
234,48624,0,0
234,48625,0,0
234,48626,0,0
234,48627,0,0
234,48628,0,0
234,48629,0,0
234,48630,0,0
234,48631,0,0
234,48632,0,0
234,48633,0,0
234,48634,0,0
234,48635,0,0
234,48636,0,0
234,48637,0,0
234,48638,0,0
234,48639,0,0
234,48640,0,0
234,48641,0,0
234,48642,0,0
234,48643,0,0
234,48644,0,0
234,48645,0,0
234,48646,0,0
234,48647,0,0
234,48648,0,0
234,48649,0,0
234,48650,0,0
234,48651,0,0
234,48652,0,0
234,48653,0,0
234,48654,0,0
234,48655,0,0
234,48656,0,0
234,48657,0,0
234,48658,0,0
234,48659,0,0
234,48660,0,0
234,48661,0,0
234,48662,0,0
234,48663,0,0
234,48664,0,0
234,48665,0,0
234,48666,0,0
234,48667,0,0
234,48668,0,0
234,48669,0,0
234,48670,0,0
234,48671,0,0
234,48672,0,0
234,48673,0,0
234,48674,0,0
234,48675,0,0
234,48676,0,0
234,48677,0,0
234,48678,0,0
234,48679,0,0
234,48680,0,0
234,48681,0,0
234,48682,0,0
234,48683,0,0
234,48684,0,0
234,48685,0,0
234,48686,0,0
234,48687,0,0
234,48688,0,0
234,48689,0,0
234,48690,0,0
234,48691,0,0
234,48692,0,0
234,48693,0,0
234,48694,0,0
234,48695,0,0
234,48696,0,0
234,48697,0,0
234,48698,0,0
234,48699,0,0
234,48700,0,0
234,48701,0,0
234,48702,0,0
234,48703,0,0
234,48704,0,0
234,48705,0,0
234,48706,0,0
234,48707,0,0
234,48708,0,0
234,48709,0,0
234,48710,0,0
234,48711,0,0
234,48712,0,0
234,48713,0,0
234,48714,0,0
234,48715,0,0
234,48716,0,0
234,48717,0,0
234,48718,0,0
234,48719,0,0
234,48720,0,0
234,48721,0,0
234,48722,0,0
234,48723,0,0
234,48724,0,0
234,48725,0,0
234,48726,0,0
234,48727,0,0
234,48728,0,0
234,48729,0,0
234,48730,0,0
234,48731,0,0
234,48732,0,0
234,48733,0,0
234,48734,0,0
234,48735,0,0
234,48736,0,0
234,48737,0,0
234,48738,0,0
234,48739,0,0
234,48740,0,0
234,48741,0,0
234,48742,0,0
234,48743,0,0
234,48744,0,0
234,48745,0,0
234,48746,0,0
234,48747,0,0
234,48748,0,0
234,48749,0,0
234,48750,0,0
234,48751,0,0
234,48752,0,0
234,48753,0,0
234,48754,0,0
234,48755,0,0
234,48756,0,0
234,48757,0,0
234,48758,0,0
234,48759,0,0
234,48760,0,0
234,48761,0,0
234,48762,0,0
234,48763,0,0
234,48764,0,0
234,48765,0,0
234,48766,0,0
234,48767,0,0
234,48768,0,0
234,48769,0,0
234,48770,0,0
234,48771,0,0
234,48772,0,0
234,48773,0,0
234,48774,0,0
234,48775,0,0
234,48776,0,0
234,48777,0,0
234,48778,0,0
234,48779,0,0
234,48780,0,0
234,48781,0,0
234,48782,0,0
234,48783,0,0
234,48784,0,0
234,48785,0,0
234,48786,0,0
234,48787,0,0
234,48788,0,0
234,48789,0,0
234,48790,0,0
234,48791,0,0
234,48792,0,0
234,48793,0,0
234,48794,0,0
234,48795,0,0
234,48796,0,0
234,48797,0,0
234,48798,0,0
234,48799,0,0
234,48800,0,0
234,48801,0,0
234,48802,0,0
234,48803,0,0
234,48804,0,0
234,48805,0,0
234,48806,0,0
234,48807,0,0
234,48808,0,0
234,48809,0,0
234,48810,0,0
234,48811,0,0
234,48812,0,0
234,48813,0,0
234,48814,0,0
234,48815,0,0
234,48816,0,0
234,48817,0,0
234,48818,0,0
234,48819,0,0
234,48820,0,0
234,48821,0,0
234,48822,0,0
234,48823,0,0
234,48824,0,0
234,48825,0,0
234,48826,0,0
234,48827,0,0
234,48828,0,0
234,48829,0,0
234,48830,0,0
234,48831,0,0
234,48832,0,0
234,48833,0,0
234,48834,0,0
234,48835,0,0
234,48836,0,0
234,48837,0,0
234,48838,0,0
234,48839,0,0
234,48840,0,0
234,48841,0,0
234,48842,0,0
234,48843,0,0
234,48844,0,0
234,48845,0,0
234,48846,0,0
234,48847,0,0
234,48848,0,0
234,48849,0,0
234,48850,0,0
234,48851,0,0
234,48852,0,0
234,48853,0,0
234,48854,0,0
234,48855,0,0
234,48856,0,0
234,48857,0,0
234,48858,0,0
234,48859,0,0
234,48860,0,0
234,48861,0,0
234,48862,0,0
234,48863,0,0
234,48864,0,0
234,48865,0,0
234,48866,0,0
234,48867,0,0
234,48868,0,0
234,48869,0,0
234,48870,0,0
234,48871,0,0
234,48872,0,0
234,48873,0,0
234,48874,0,0
234,48875,0,0
234,48876,0,0
234,48877,0,0
234,48878,0,0
234,48879,0,0
234,48880,0,0
234,48881,0,0
234,48882,0,0
234,48883,0,0
234,48884,0,0
234,48885,0,0
234,48886,0,0
234,48887,0,0
234,48888,0,0
234,48889,0,0
234,48890,0,0
234,48891,0,0
234,48892,0,0
234,48893,0,0
234,48894,0,0
234,48895,0,0
234,48896,0,0
234,48897,0,0
234,48898,0,0
234,48899,0,0
234,48900,0,0
234,48901,0,0
234,48902,0,0
234,48903,0,0
234,48904,0,0
234,48905,0,0
234,48906,0,0
234,48907,0,0
234,48908,0,0
234,48909,0,0
234,48910,0,0
234,48911,0,0
234,48912,2,2
234,48913,0,0
234,48914,0,0
234,48915,0,0
234,48916,0,0
234,48917,0,0
234,48918,0,0
234,48919,0,0
234,48920,0,0
234,48921,0,0
234,48922,0,0
234,48923,0,0
234,48924,0,0
234,48925,0,0
234,48926,0,0
234,48927,0,0
234,48928,0,0
234,48929,0,0
234,48930,0,0
234,48931,0,0
234,48932,0,0
234,48933,0,0
234,48934,0,0
234,48935,0,0
234,48936,0,0
234,48937,0,0
234,48938,0,0
234,48939,0,0
234,48940,0,0
234,48941,0,0
234,48942,0,0
234,48943,0,0
234,48944,0,0
234,48945,0,0
234,48946,0,0
234,48947,0,0
234,48948,0,0
234,48949,0,0
234,48950,0,0
234,48951,0,0
234,48952,0,0
234,48953,0,0
234,48954,0,0
234,48955,0,0
234,48956,0,0
234,48957,0,0
234,48958,0,0
234,48959,0,0
234,48960,0,0
234,48961,0,0
234,48962,0,0
234,48963,0,0
234,48964,0,0
234,48965,0,0
234,48966,0,0
234,48967,0,0
234,48968,0,0
234,48969,0,0
234,48970,0,0
234,48971,0,0
234,48972,0,0
234,48973,0,0
234,48974,0,0
234,48975,0,0
234,48976,0,0
234,48977,0,0
234,48978,0,0
234,48979,0,0
234,48980,0,0
234,48981,0,0
234,48982,0,0
234,48983,0,0
234,48984,0,0
234,48985,0,0
234,48986,0,0
234,48987,0,0
234,48988,0,0
234,48989,0,0
234,48990,0,0
234,48991,0,0
234,48992,0,0
234,48993,0,0
234,48994,0,0
234,48995,0,0
234,48996,0,0
234,48997,0,0
234,48998,0,0
234,48999,0,0
234,49000,0,0
234,49001,0,0
234,49002,0,0
234,49003,0,0
234,49004,0,0
234,49005,0,0
234,49006,0,0
234,49007,0,0
234,49008,0,0
234,49009,0,0
234,49010,0,0
234,49011,0,0
234,49012,0,0
234,49013,0,0
234,49014,0,0
234,49015,0,0
234,49016,0,0
234,49017,0,0
234,49018,0,0
234,49019,0,0
234,49020,0,0
234,49021,0,0
234,49022,0,0
234,49023,0,0
234,49024,0,0
234,49025,0,0
234,49026,0,0
234,49027,0,0
234,49028,0,0
234,49029,0,0
234,49030,0,0
234,49031,0,0
234,49032,0,0
234,49033,0,0
234,49034,0,0
234,49035,0,0
234,49036,0,0
234,49037,0,0
234,49038,0,0
234,49039,0,0
234,49040,0,0
234,49041,0,0
234,49042,0,0
234,49043,0,0
234,49044,0,0
234,49045,0,0
234,49046,0,0
234,49047,0,0
234,49048,0,0
234,49049,0,0
234,49050,0,0
234,49051,0,0
234,49052,0,0
234,49053,0,0
234,49054,0,0
234,49055,0,0
234,49056,0,0
234,49057,0,0
234,49058,0,0
234,49059,0,0
234,49060,0,0
234,49061,0,0
234,49062,0,0
234,49063,0,0
234,49064,0,0
234,49065,0,0
234,49066,0,0
234,49067,0,0
234,49068,0,0
234,49069,0,0
234,49070,0,0
234,49071,0,0
234,49072,0,0
234,49073,0,0
234,49074,0,0
234,49075,0,0
234,49076,0,0
234,49077,0,0
234,49078,0,0
234,49079,0,0
234,49080,0,0
234,49081,0,0
234,49082,0,0
234,49083,0,0
234,49084,0,0
234,49085,0,0
234,49086,0,0
234,49087,0,0
234,49088,0,0
234,49089,0,0
234,49090,0,0
234,49091,0,0
234,49092,0,0
234,49093,0,0
234,49094,0,0
234,49095,0,0
234,49096,0,0
234,49097,0,0
234,49098,0,0
234,49099,0,0
234,49100,0,0
234,49101,0,0
234,49102,0,0
234,49103,0,0
234,49104,0,0
234,49105,0,0
234,49106,0,0
234,49107,0,0
234,49108,0,0
234,49109,0,0
234,49110,0,0
234,49111,0,0
234,49112,0,0
234,49113,0,0
234,49114,0,0
234,49115,0,0
234,49116,0,0
234,49117,0,0
234,49118,0,0
234,49119,0,0
234,49120,0,0
234,49121,0,0
234,49122,0,0
234,49123,0,0
234,49124,0,0
234,49125,0,0
234,49126,0,0
234,49127,0,0
234,49128,0,0
234,49129,0,0
234,49130,0,0
234,49131,0,0
234,49132,0,0
234,49133,0,0
234,49134,0,0
234,49135,0,0
234,49136,0,0
234,49137,0,0
234,49138,0,0
234,49139,0,0
234,49140,0,0
234,49141,0,0
234,49142,0,0
234,49143,0,0
234,49144,0,0
234,49145,0,0
234,49146,0,0
234,49147,0,0
234,49148,0,0
234,49149,0,0
234,49150,0,0
234,49151,0,0
234,49152,0,0
234,49153,0,0
234,49154,0,0
234,49155,0,0
234,49156,0,0
234,49157,0,0
234,49158,0,0
234,49159,0,0
234,49160,0,0
234,49161,0,0
234,49162,0,0
234,49163,0,0
234,49164,0,0
234,49165,0,0
234,49166,0,0
234,49167,0,0
234,49168,0,0
234,49169,0,0
234,49170,0,0
234,49171,0,0
234,49172,0,0
234,49173,0,0
234,49174,0,0
234,49175,0,0
234,49176,0,0
234,49177,0,0
234,49178,0,0
234,49179,0,0
234,49180,0,0
234,49181,0,0
234,49182,0,0
234,49183,0,0
234,49184,0,0
234,49185,0,0
234,49186,0,0
234,49187,0,0
234,49188,0,0
234,49189,0,0
234,49190,0,0
234,49191,0,0
234,49192,0,0
234,49193,0,0
234,49194,0,0
234,49195,0,0
234,49196,0,0
234,49197,0,0
234,49198,0,0
234,49199,0,0
234,49200,0,0
234,49201,0,0
234,49202,0,0
234,49203,0,0
234,49204,0,0
234,49205,0,0
234,49206,0,0
234,49207,0,0
234,49208,0,0
234,49209,0,0
234,49210,0,0
234,49211,0,0
234,49212,0,0
234,49213,0,0
234,49214,0,0
234,49215,0,0
234,49216,0,0
234,49217,0,0
234,49218,0,0
234,49219,0,0
234,49220,0,0
234,49221,0,0
234,49222,0,0
234,49223,0,0
234,49224,0,0
234,49225,0,0
234,49226,0,0
234,49227,0,0
234,49228,0,0
234,49229,0,0
234,49230,0,0
234,49231,0,0
234,49232,0,0
234,49233,0,0
234,49234,0,0
234,49235,0,0
234,49236,0,0
234,49237,0,0
234,49238,0,0
234,49239,0,0
234,49240,0,0
234,49241,0,0
234,49242,0,0
234,49243,0,0
234,49244,0,0
234,49245,0,0
234,49246,0,0
234,49247,0,0
234,49248,0,0
234,49249,0,0
234,49250,0,0
234,49251,0,0
234,49252,0,0
234,49253,0,0
234,49254,0,0
234,49255,0,0
234,49256,0,0
234,49257,0,0
234,49258,0,0
234,49259,0,0
234,49260,0,0
234,49261,0,0
234,49262,0,0
234,49263,0,0
234,49264,0,0
234,49265,0,0
234,49266,0,0
234,49267,0,0
234,49268,0,0
234,49269,0,0
234,49270,0,0
234,49271,0,0
234,49272,0,0
234,49273,0,0
234,49274,0,0
234,49275,0,0
234,49276,0,0
234,49277,0,0
234,49278,0,0
234,49279,0,0
234,49280,0,0
234,49281,0,0
234,49282,0,0
234,49283,0,0
234,49284,0,0
234,49285,0,0
234,49286,0,0
234,49287,0,0
234,49288,0,0
234,49289,0,0
234,49290,0,0
234,49291,0,0
234,49292,0,0
234,49293,0,0
234,49294,0,0
234,49295,0,0
234,49296,0,0
234,49297,0,0
234,49298,0,0
234,49299,0,0
234,49300,0,0
234,49301,0,0
234,49302,0,0
234,49303,0,0
234,49304,0,0
234,49305,0,0
234,49306,0,0
234,49307,0,0
234,49308,0,0
234,49309,0,0
234,49310,0,0
234,49311,0,0
234,49312,0,0
234,49313,0,0
234,49314,0,0
234,49315,0,0
234,49316,0,0
234,49317,0,0
234,49318,0,0
234,49319,0,0
234,49320,0,0
234,49321,0,0
234,49322,0,0
234,49323,0,0
234,49324,0,0
234,49325,0,0
234,49326,0,0
234,49327,0,0
234,49328,0,0
234,49329,0,0
234,49330,0,0
234,49331,0,0
234,49332,0,0
234,49333,0,0
234,49334,0,0
234,49335,0,0
234,49336,0,0
234,49337,0,0
234,49338,0,0
234,49339,0,0
234,49340,0,0
234,49341,0,0
234,49342,0,0
234,49343,0,0
234,49344,0,0
234,49345,0,0
234,49346,0,0
234,49347,0,0
234,49348,0,0
234,49349,0,0
234,49350,0,0
234,49351,0,0
234,49352,0,0
234,49353,0,0
234,49354,0,0
234,49355,0,0
234,49356,0,0
234,49357,0,0
234,49358,0,0
234,49359,0,0
234,49360,0,0
234,49361,0,0
234,49362,0,0
234,49363,0,0
234,49364,0,0
234,49365,0,0
234,49366,0,0
234,49367,0,0
234,49368,0,0
234,49369,0,0
234,49370,0,0
234,49371,0,0
234,49372,0,0
234,49373,0,0
234,49374,0,0
234,49375,0,0
234,49376,0,0
234,49377,0,0
234,49378,0,0
234,49379,0,0
234,49380,0,0
234,49381,0,0
234,49382,0,0
234,49383,0,0
234,49384,0,0
234,49385,0,0
234,49386,0,0
234,49387,0,0
234,49388,0,0
234,49389,0,0
234,49390,0,0
234,49391,0,0
234,49392,0,0
234,49393,0,0
234,49394,0,0
234,49395,0,0
234,49396,0,0
234,49397,0,0
234,49398,0,0
234,49399,0,0
234,49400,0,0
234,49401,0,0
234,49402,0,0
234,49403,0,0
234,49404,0,0
234,49405,0,0
234,49406,0,0
234,49407,0,0
234,49408,0,0
234,49409,0,0
234,49410,0,0
234,49411,0,0
234,49412,0,0
234,49413,0,0
234,49414,0,0
234,49415,0,0
234,49416,0,0
234,49417,0,0
234,49418,0,0
234,49419,0,0
234,49420,0,0
234,49421,0,0
234,49422,0,0
234,49423,0,0
234,49424,0,0
234,49425,0,0
234,49426,0,0
234,49427,0,0
234,49428,0,0
234,49429,0,0
234,49430,0,0
234,49431,0,0
234,49432,0,0
234,49433,0,0
234,49434,0,0
234,49435,0,0
234,49436,0,0
234,49437,0,0
234,49438,0,0
234,49439,0,0
234,49440,0,0
234,49441,0,0
234,49442,0,0
234,49443,0,0
234,49444,0,0
234,49445,0,0
234,49446,0,0
234,49447,0,0
234,49448,0,0
234,49449,0,0
234,49450,0,0
234,49451,0,0
234,49452,0,0
234,49453,0,0
234,49454,0,0
234,49455,0,0
234,49456,0,0
234,49457,0,0
234,49458,0,0
234,49459,0,0
234,49460,0,0
234,49461,0,0
234,49462,0,0
234,49463,0,0
234,49464,0,0
234,49465,0,0
234,49466,0,0
234,49467,0,0
234,49468,0,0
234,49469,0,0
234,49470,0,0
234,49471,0,0
234,49472,0,0
234,49473,0,0
234,49474,0,0
234,49475,0,0
234,49476,0,0
234,49477,0,0
234,49478,0,0
234,49479,0,0
234,49480,0,0
234,49481,0,0
234,49482,0,0
234,49483,0,0
234,49484,0,0
234,49485,0,0
234,49486,0,0
234,49487,0,0
234,49488,0,0
234,49489,0,0
234,49490,0,0
234,49491,0,0
234,49492,0,0
234,49493,0,0
234,49494,0,0
234,49495,0,0
234,49496,0,0
234,49497,0,0
234,49498,0,0
234,49499,0,0
234,49500,0,0
234,49501,0,0
234,49502,0,0
234,49503,0,0
234,49504,0,0
234,49505,0,0
234,49506,0,0
234,49507,0,0
234,49508,0,0
234,49509,0,0
234,49510,0,0
234,49511,0,0
234,49512,0,0
234,49513,0,0
234,49514,0,0
234,49515,0,0
234,49516,0,0
234,49517,0,0
234,49518,0,0
234,49519,0,0
234,49520,0,0
234,49521,0,0
234,49522,0,0
234,49523,0,0
234,49524,0,0
234,49525,0,0
234,49526,0,0
234,49527,0,0
234,49528,0,0
234,49529,0,0
234,49530,0,0
234,49531,0,0
234,49532,0,0
234,49533,0,0
234,49534,0,0
234,49535,0,0
234,49536,0,0
234,49537,0,0
234,49538,0,0
234,49539,0,0
234,49540,0,0
234,49541,0,3
234,49542,2,2
234,49543,0,0
234,49544,0,0
234,49545,0,0
234,49546,0,0
234,49547,0,0
234,49548,0,0
234,49549,0,0
234,49550,0,0
234,49551,0,0
234,49552,0,0
234,49553,0,0
234,49554,0,0
234,49555,0,0
234,49556,0,0
234,49557,0,0
234,49558,0,0
234,49559,0,0
234,49560,0,0
234,49561,0,0
234,49562,0,0
234,49563,0,0
234,49564,0,0
234,49565,0,0
234,49566,0,0
234,49567,0,0
234,49568,0,0
234,49569,0,0
234,49570,0,0
234,49571,0,0
234,49572,0,0
234,49573,0,0
234,49574,0,0
234,49575,0,0
234,49576,0,0
234,49577,0,0
234,49578,0,0
234,49579,0,0
234,49580,0,0
234,49581,0,0
234,49582,0,0
234,49583,0,0
234,49584,0,0
234,49585,0,0
234,49586,0,0
234,49587,0,0
234,49588,0,0
234,49589,0,0
234,49590,0,0
234,49591,0,0
234,49592,0,0
234,49593,0,0
234,49594,0,0
234,49595,0,0
234,49596,0,0
234,49597,0,0
234,49598,0,0
234,49599,0,0
234,49600,0,0
234,49601,0,0
234,49602,0,0
234,49603,0,0
234,49604,0,0
234,49605,0,0
234,49606,0,0
234,49607,0,0
234,49608,0,0
234,49609,0,0
234,49610,0,0
234,49611,0,0
234,49612,0,0
234,49613,0,0
234,49614,0,0
234,49615,0,0
234,49616,0,0
234,49617,0,0
234,49618,0,0
234,49619,0,0
234,49620,0,0
234,49621,0,0
234,49622,0,0
234,49623,0,0
234,49624,0,0
234,49625,0,0
234,49626,0,0
234,49627,0,0
234,49628,0,0
234,49629,0,0
234,49630,0,0
234,49631,0,0
234,49632,0,0
234,49633,0,0
234,49634,0,0
234,49635,0,0
234,49636,0,0
234,49637,0,0
234,49638,0,0
234,49639,0,0
234,49640,0,0
234,49641,0,0
234,49642,0,0
234,49643,0,0
234,49644,0,0
234,49645,0,0
234,49646,0,0
234,49647,0,0
234,49648,0,0
234,49649,0,0
234,49650,0,0
234,49651,0,0
234,49652,0,0
234,49653,0,0
234,49654,0,0
234,49655,0,0
234,49656,0,0
234,49657,0,0
234,49658,0,0
234,49659,0,0
234,49660,0,0
234,49661,0,0
234,49662,0,0
234,49663,0,0
234,49664,0,0
234,49665,0,0
234,49666,0,0
234,49667,0,0
234,49668,0,0
234,49669,0,0
234,49670,0,0
234,49671,0,0
234,49672,0,0
234,49673,0,0
234,49674,0,0
234,49675,0,0
234,49676,0,0
234,49677,0,0
234,49678,0,0
234,49679,0,0
234,49680,0,0
234,49681,0,0
234,49682,0,0
234,49683,0,0
234,49684,0,0
