record_id,beat_index,y_true,y_pred
100,0,1,0
100,1,0,0
100,2,0,0
100,3,0,0
100,4,0,0
100,5,0,0
100,6,0,0
100,7,0,0
100,8,0,0
100,9,0,0
100,10,0,0
100,11,0,0
100,12,0,0
100,13,0,0
100,14,0,0
100,15,0,0
100,16,0,0
100,17,0,0
100,18,0,0
100,19,0,0
100,20,0,0
100,21,0,0
100,22,0,0
100,23,0,0
100,24,0,0
100,25,0,0
100,26,0,0
100,27,0,0
100,28,0,0
100,29,0,0
100,30,0,0
100,31,0,0
100,32,0,0
100,33,0,0
100,34,0,0
100,35,0,0
100,36,0,0
100,37,0,0
100,38,0,0
100,39,0,0
100,40,0,0
100,41,0,0
100,42,0,0
100,43,0,0
100,44,0,0
100,45,1,0
100,46,0,0
100,47,0,0
100,48,0,0
100,49,0,0
100,50,0,0
100,51,0,0
100,52,0,0
100,53,0,0
100,54,0,0
100,55,0,0
100,56,0,0
100,57,0,0
100,58,0,0
100,59,0,0
100,60,0,0
100,61,0,0
100,62,0,0
100,63,0,0
100,64,0,0
100,65,0,0
100,66,0,0
100,67,0,0
100,68,0,0
100,69,0,0
100,70,0,0
100,71,0,0
100,72,0,0
100,73,0,0
100,74,0,0
100,75,0,0
100,76,0,0
100,77,0,0
100,78,0,0
100,79,0,0
100,80,0,0
100,81,0,0
100,82,0,0
100,83,0,0
100,84,0,0
100,85,0,0
100,86,0,0
100,87,0,0
100,88,0,0
100,89,0,0
100,90,0,0
100,91,0,0
100,92,0,0
100,93,0,0
100,94,0,0
100,95,1,0
100,96,0,0
100,97,0,0
100,98,0,0
100,99,0,0
100,100,0,0
100,101,0,0
100,102,0,0
100,103,0,0
100,104,0,0
100,105,0,0
100,106,0,0
100,107,0,0
100,108,0,0
100,109,0,0
100,110,0,0
100,111,0,0
100,112,0,0
100,113,0,0
100,114,0,0
100,115,0,0
100,116,0,0
100,117,0,0
100,118,0,0
100,119,0,0
100,120,0,0
100,121,0,0
100,122,0,0
100,123,0,0
100,124,0,0
100,125,0,0
100,126,0,0
100,127,0,0
100,128,0,0
100,129,0,0
100,130,0,0
100,131,0,0
100,132,0,0
100,133,0,0
100,134,0,0
100,135,1,0
100,136,0,0
100,137,0,0
100,138,0,0
100,139,0,0
100,140,0,0
100,141,0,0
100,142,0,0
100,143,0,0
100,144,0,0
100,145,0,0
100,146,0,0
100,147,0,0
100,148,0,0
100,149,0,0
100,150,0,0
100,151,0,0
100,152,0,0
100,153,0,0
100,154,0,0
100,155,0,0
100,156,0,0
100,157,0,0
100,158,0,0
100,159,0,0
100,160,0,0
100,161,0,0
100,162,0,0
100,163,0,0
100,164,0,0
100,165,0,0
100,166,0,0
100,167,0,0
100,168,0,0
100,169,0,0
100,170,0,0
100,171,0,0
100,172,0,0
100,173,0,0
100,174,0,0
100,175,0,0
100,176,0,0
100,177,0,0
100,178,0,0
100,179,0,0
100,180,0,0
100,181,0,0
100,182,0,0
100,183,0,0
100,184,0,0
100,185,0,0
100,186,0,0
100,187,0,0
100,188,0,0
100,189,0,0
100,190,0,0
100,191,0,0
100,192,0,0
100,193,0,0
100,194,0,0
100,195,0,0
100,196,0,0
100,197,0,0
100,198,0,0
100,199,0,0
100,200,0,0
100,201,0,0
100,202,0,0
100,203,0,0
100,204,0,0
100,205,0,0
100,206,0,0
100,207,0,0
100,208,0,0
100,209,0,0
100,210,0,0
100,211,0,0
100,212,0,0
100,213,0,0
100,214,0,0
100,215,0,0
100,216,0,0
100,217,0,0
100,218,0,0
100,219,0,0
100,220,0,0
100,221,0,0
100,222,0,0
100,223,0,0
100,224,0,0
100,225,0,0
100,226,0,0
100,227,0,0
100,228,0,0
100,229,0,0
100,230,0,0
100,231,0,0
100,232,0,0
100,233,0,0
100,234,0,0
100,235,1,0
100,236,0,0
100,237,0,0
100,238,0,0
100,239,0,0
100,240,0,0
100,241,0,0
100,242,0,0
100,243,0,0
100,244,0,0
100,245,0,0
100,246,0,0
100,247,0,0
100,248,0,0
100,249,0,0
100,250,0,0
100,251,0,0
100,252,0,0
100,253,0,0
100,254,0,0
100,255,0,0
100,256,0,0
100,257,0,0
100,258,0,0
100,259,0,0
100,260,0,0
100,261,0,0
100,262,0,0
100,263,0,0
100,264,0,0
100,265,0,0
100,266,1,0
100,267,0,0
100,268,0,0
100,269,0,0
100,270,0,0
100,271,0,0
100,272,0,0
100,273,0,0
100,274,0,0
100,275,0,0
100,276,0,0
100,277,0,0
100,278,0,0
100,279,0,0
100,280,0,0
100,281,0,0
100,282,0,0
100,283,0,0
100,284,0,0
100,285,0,0
100,286,0,0
100,287,0,0
100,288,0,0
100,289,0,0
100,290,0,0
100,291,1,0
100,292,0,0
100,293,0,0
100,294,0,0
100,295,0,0
100,296,0,0
100,297,0,0
100,298,0,0
100,299,0,0
100,300,0,0
100,301,0,0
100,302,0,0
100,303,0,0
100,304,0,0
100,305,0,0
100,306,0,0
100,307,0,0
100,308,0,0
100,309,0,0
100,310,0,0
100,311,0,0
100,312,0,0
100,313,0,0
100,314,0,0
100,315,0,0
100,316,0,0
100,317,0,0
100,318,0,0
100,319,0,0
100,320,0,0
100,321,0,0
100,322,0,0
100,323,0,0
100,324,0,0
100,325,0,0
100,326,0,0
100,327,0,0
100,328,1,0
100,329,0,0
100,330,0,0
100,331,1,0
100,332,0,0
100,333,0,0
100,334,0,0
100,335,0,0
100,336,0,0
100,337,0,0
100,338,0,0
100,339,0,0
100,340,0,0
100,341,0,0
100,342,0,0
100,343,0,0
100,344,0,0
100,345,0,0
100,346,0,0
100,347,0,0
100,348,0,0
100,349,0,0
100,350,0,0
100,351,0,0
100,352,0,0
100,353,0,0
100,354,0,0
100,355,0,0
100,356,0,0
100,357,0,0
100,358,0,0
100,359,0,0
100,360,0,0
100,361,0,0
100,362,0,0
100,363,0,0
100,364,0,0
100,365,0,0
100,366,0,0
100,367,0,0
100,368,0,0
100,369,0,0
100,370,0,0
100,371,0,0
100,372,0,0
100,373,0,0
100,374,0,0
100,375,0,0
100,376,0,0
100,377,0,0
100,378,0,0
100,379,0,0
100,380,0,0
100,381,0,0
100,382,0,0
100,383,0,0
100,384,0,0
100,385,0,0
100,386,0,0
100,387,0,0
100,388,0,0
100,389,0,0
100,390,0,0
100,391,0,0
100,392,0,0
100,393,0,0
100,394,0,0
100,395,0,0
100,396,0,0
100,397,0,0
100,398,0,0
100,399,0,0
100,400,0,0
100,401,0,0
100,402,0,0
100,403,0,0
100,404,1,0
100,405,0,0
100,406,0,0
100,407,0,0
100,408,0,0
100,409,0,0
100,410,0,0
100,411,0,0
100,412,0,0
100,413,0,0
100,414,0,0
100,415,0,0
100,416,0,0
100,417,0,1
100,418,0,0
100,419,0,0
100,420,0,0
100,421,0,0
100,422,0,0
100,423,0,0
100,424,0,0
100,425,0,0
100,426,0,0
100,427,0,0
100,428,0,0
100,429,0,0
100,430,0,0
100,431,0,0
100,432,0,0
100,433,0,0
100,434,0,0
100,435,0,0
100,436,0,0
100,437,0,0
100,438,0,0
100,439,0,0
100,440,0,0
100,441,0,0
100,442,0,0
100,443,0,0
100,444,0,0
100,445,0,0
100,446,0,0
100,447,0,0
100,448,0,0
100,449,1,1
100,450,0,0
100,451,0,0
100,452,0,0
100,453,0,0
100,454,0,0
100,455,0,0
100,456,0,0
100,457,0,0
100,458,0,0
100,459,0,0
100,460,0,0
100,461,0,0
100,462,0,0
100,463,0,0
100,464,0,0
100,465,0,0
101,466,0,0
101,467,0,0
101,468,0,0
101,469,0,0
101,470,0,0
101,471,0,0
101,472,0,0
101,473,0,0
101,474,0,0
101,475,0,0
101,476,0,0
101,477,0,0
101,478,0,0
101,479,0,0
101,480,0,0
101,481,0,0
101,482,0,0
101,483,0,0
101,484,0,0
101,485,0,0
101,486,0,0
101,487,0,0
101,488,0,0
101,489,0,0
101,490,0,0
101,491,0,0
101,492,0,0
101,493,0,0
101,494,0,0
101,495,0,0
101,496,0,0
101,497,0,0
101,498,0,0
101,499,0,2
101,500,0,2
101,501,0,0
101,502,0,0
101,503,0,0
101,504,0,0
101,505,0,0
101,506,0,0
101,507,0,0
101,508,0,0
101,509,0,0
101,510,0,0
101,511,0,0
101,512,0,0
101,513,0,0
101,514,0,0
101,515,0,0
101,516,0,0
101,517,0,0
101,518,0,0
101,519,0,0
101,520,0,0
101,521,0,0
101,522,0,0
101,523,0,0
101,524,0,0
101,525,0,0
101,526,0,0
101,527,0,0
101,528,0,0
101,529,0,0
101,530,0,0
101,531,0,0
101,532,0,0
101,533,0,0
101,534,0,0
101,535,0,0
101,536,0,0
101,537,0,0
101,538,0,0
101,539,0,0
101,540,0,0
101,541,0,0
101,542,0,0
101,543,0,0
101,544,0,0
101,545,0,0
101,546,0,0
101,547,0,0
101,548,0,0
101,549,0,0
101,550,0,0
101,551,0,0
101,552,0,0
101,553,0,0
101,554,0,0
101,555,0,0
101,556,0,0
101,557,0,0
101,558,0,0
101,559,0,0
101,560,0,0
101,561,0,0
101,562,0,0
101,563,0,0
101,564,0,0
101,565,0,0
101,566,0,0
101,567,0,0
101,568,0,0
101,569,0,0
101,570,0,0
101,571,0,0
101,572,0,0
101,573,0,0
101,574,0,0
101,575,0,0
101,576,0,0
101,577,0,0
101,578,0,0
101,579,0,0
101,580,0,0
101,581,0,0
101,582,0,0
101,583,0,0
101,584,0,0
101,585,0,0
101,586,0,0
101,587,0,0
101,588,0,0
101,589,0,0
101,590,0,0
101,591,0,0
101,592,0,0
101,593,0,0
101,594,0,0
101,595,0,0
101,596,0,0
101,597,0,0
101,598,0,0
101,599,0,0
101,600,0,0
101,601,0,0
101,602,0,0
101,603,0,0
101,604,0,0
101,605,0,0
101,606,0,0
101,607,0,0
101,608,0,0
101,609,0,0
101,610,0,0
101,611,0,0
101,612,0,0
101,613,0,0
101,614,0,0
101,615,0,0
101,616,0,0
101,617,0,0
101,618,0,0
101,619,0,0
101,620,0,0
101,621,0,0
101,622,0,0
101,623,0,0
101,624,0,0
101,625,0,0
101,626,0,0
101,627,0,0
101,628,0,0
101,629,0,0
101,630,0,0
101,631,0,0
101,632,0,0
101,633,0,0
101,634,0,0
101,635,0,0
101,636,0,0
101,637,0,0
101,638,0,0
101,639,0,0
101,640,0,0
101,641,0,0
101,642,0,0
101,643,0,0
101,644,0,0
101,645,0,0
101,646,0,0
101,647,0,0
101,648,0,0
101,649,0,0
101,650,0,0
101,651,0,0
101,652,0,0
101,653,0,0
101,654,0,0
101,655,0,0
101,656,0,0
101,657,0,0
101,658,0,0
101,659,0,0
101,660,0,0
101,661,0,0
101,662,0,0
101,663,0,0
101,664,0,0
101,665,0,0
101,666,0,0
101,667,0,0
101,668,0,0
101,669,0,0
101,670,0,0
101,671,0,0
101,672,0,0
101,673,0,0
101,674,0,0
101,675,0,0
101,676,0,0
101,677,0,0
101,678,0,0
101,679,0,0
101,680,0,0
101,681,0,0
101,682,0,0
101,683,0,0
101,684,0,0
101,685,0,0
101,686,0,0
101,687,0,0
101,688,0,0
101,689,0,0
101,690,0,0
101,691,0,0
101,692,0,0
101,693,0,0
101,694,0,0
101,695,0,0
101,696,0,0
101,697,0,0
101,698,0,0
101,699,0,0
101,700,0,0
101,701,0,0
101,702,0,0
101,703,0,0
101,704,0,0
101,705,0,0
101,706,0,0
101,707,0,0
101,708,0,0
101,709,0,0
101,710,0,0
101,711,0,0
101,712,0,0
101,713,0,0
101,714,0,0
101,715,0,0
101,716,0,0
101,717,0,0
101,718,0,0
101,719,0,0
101,720,0,0
101,721,0,0
101,722,0,0
101,723,0,0
101,724,0,0
101,725,0,0
101,726,0,0
101,727,0,0
101,728,0,0
101,729,0,0
101,730,0,0
101,731,0,0
101,732,0,0
101,733,0,0
101,734,0,0
101,735,0,0
101,736,0,0
101,737,0,0
101,738,0,0
101,739,0,0
101,740,0,0
101,741,0,0
101,742,0,0
101,743,0,0
101,744,0,0
101,745,0,0
101,746,0,0
101,747,0,0
101,748,0,0
101,749,0,0
101,750,0,0
101,751,0,0
101,752,0,0
101,753,0,0
101,754,0,0
101,755,0,0
101,756,0,0
101,757,0,0
101,758,0,0
101,759,0,0
101,760,0,0
101,761,0,0
101,762,0,0
101,763,0,0
101,764,0,0
101,765,0,0
101,766,0,0
101,767,0,0
101,768,0,0
101,769,0,0
101,770,0,0
101,771,0,0
101,772,0,0
101,773,0,0
101,774,0,0
101,775,0,0
101,776,0,0
101,777,0,0
101,778,0,0
101,779,0,0
101,780,0,0
101,781,0,0
101,782,0,0
101,783,0,0
101,784,0,0
101,785,0,0
101,786,0,0
101,787,0,0
101,788,0,0
101,789,0,0
101,790,0,0
101,791,0,0
101,792,0,0
101,793,0,0
101,794,0,0
101,795,0,0
101,796,0,0
101,797,0,0
101,798,0,0
101,799,0,0
101,800,0,0
101,801,0,0
101,802,0,0
101,803,0,0
101,804,0,0
101,805,0,0
101,806,0,0
101,807,0,0
101,808,0,0
101,809,0,0
101,810,0,0
101,811,0,0
101,812,0,0
101,813,0,0
101,814,0,0
101,815,0,0
101,816,0,0
101,817,0,0
101,818,0,0
101,819,0,0
101,820,0,0
101,821,0,0
101,822,0,0
103,823,0,0
103,824,0,0
103,825,0,0
103,826,0,0
103,827,0,0
103,828,0,0
103,829,0,0
103,830,0,0
103,831,0,0
103,832,0,0
103,833,0,0
103,834,0,0
103,835,0,0
103,836,0,0
103,837,0,0
103,838,0,0
103,839,0,0
103,840,0,0
103,841,0,0
103,842,0,0
103,843,0,0
103,844,0,0
103,845,0,0
103,846,0,0
103,847,0,0
103,848,0,0
103,849,0,0
103,850,0,0
103,851,0,0
103,852,0,0
103,853,0,0
103,854,0,0
103,855,0,0
103,856,0,0
103,857,0,0
103,858,0,0
103,859,0,0
103,860,0,0
103,861,0,0
103,862,0,0
103,863,0,0
103,864,0,0
103,865,0,0
103,866,0,0
103,867,0,0
103,868,0,0
103,869,0,0
103,870,0,0
103,871,0,0
103,872,0,0
103,873,0,0
103,874,0,0
103,875,0,0
103,876,0,0
103,877,0,0
103,878,0,0
103,879,0,0
103,880,0,0
103,881,0,0
103,882,0,0
103,883,0,0
103,884,0,0
103,885,0,0
103,886,0,0
103,887,0,0
103,888,0,0
103,889,0,0
103,890,0,0
103,891,0,0
103,892,0,0
103,893,0,0
103,894,0,0
103,895,0,0
103,896,0,0
103,897,0,0
103,898,0,0
103,899,0,0
103,900,0,0
103,901,0,0
103,902,0,0
103,903,0,0
103,904,0,0
103,905,0,0
103,906,0,0
103,907,0,0
103,908,0,0
103,909,0,0
103,910,0,0
103,911,0,0
103,912,0,0
103,913,0,0
103,914,0,0
103,915,0,0
103,916,0,0
103,917,0,0
103,918,0,0
103,919,0,0
103,920,0,0
103,921,0,0
103,922,0,0
103,923,0,0
103,924,0,0
103,925,0,0
103,926,0,0
103,927,0,0
103,928,0,0
103,929,0,0
103,930,0,0
103,931,0,0
103,932,0,0
103,933,0,0
103,934,0,0
103,935,0,0
103,936,0,0
103,937,0,0
103,938,0,0
103,939,0,0
103,940,0,0
103,941,0,0
103,942,0,0
103,943,0,0
103,944,0,0
103,945,0,0
103,946,0,0
103,947,0,0
103,948,0,0
103,949,0,0
103,950,0,0
103,951,0,0
103,952,0,0
103,953,0,0
103,954,0,0
103,955,0,0
103,956,0,0
103,957,0,0
103,958,0,0
103,959,0,0
103,960,0,0
103,961,0,0
103,962,0,0
103,963,0,0
103,964,0,0
103,965,0,0
103,966,0,0
103,967,0,0
103,968,0,0
103,969,0,0
103,970,0,0
103,971,0,0
103,972,0,0
103,973,0,0
103,974,0,0
103,975,0,0
103,976,0,0
103,977,0,0
103,978,0,0
103,979,0,0
103,980,0,0
103,981,0,0
103,982,0,0
103,983,0,0
103,984,0,0
103,985,0,0
103,986,0,0
103,987,0,0
103,988,0,0
103,989,0,0
103,990,0,0
103,991,0,0
103,992,0,0
103,993,0,0
103,994,0,0
103,995,0,0
103,996,0,0
103,997,0,0
103,998,0,0
103,999,0,0
103,1000,0,0
103,1001,0,0
103,1002,0,0
103,1003,0,0
103,1004,0,0
103,1005,0,0
103,1006,0,0
103,1007,0,0
103,1008,0,0
103,1009,0,0
103,1010,0,0
103,1011,0,0
103,1012,0,0
103,1013,0,0
103,1014,0,0
103,1015,0,0
103,1016,0,0
103,1017,0,0
103,1018,0,0
103,1019,0,0
103,1020,0,0
103,1021,0,0
103,1022,0,0
103,1023,0,0
103,1024,0,0
103,1025,0,0
103,1026,0,0
103,1027,0,0
103,1028,0,0
103,1029,0,0
103,1030,0,0
103,1031,0,0
103,1032,0,0
103,1033,0,0
103,1034,0,0
103,1035,0,0
103,1036,0,0
103,1037,0,0
103,1038,0,0
103,1039,0,0
103,1040,0,0
103,1041,0,0
103,1042,0,0
103,1043,0,0
103,1044,0,0
103,1045,0,0
103,1046,0,0
103,1047,0,0
103,1048,0,0
103,1049,0,0
103,1050,0,0
103,1051,0,0
103,1052,0,0
103,1053,0,0
103,1054,0,0
103,1055,0,0
103,1056,0,0
103,1057,0,0
103,1058,0,0
103,1059,0,0
103,1060,0,0
103,1061,0,0
103,1062,0,0
103,1063,0,0
103,1064,0,0
103,1065,0,0
103,1066,0,0
103,1067,0,0
103,1068,0,0
103,1069,0,0
103,1070,0,0
103,1071,0,0
103,1072,0,0
103,1073,0,0
103,1074,0,0
103,1075,0,0
103,1076,0,0
103,1077,0,0
103,1078,0,0
103,1079,0,0
103,1080,0,0
103,1081,0,0
103,1082,0,0
103,1083,0,0
103,1084,0,0
103,1085,0,0
103,1086,0,0
103,1087,0,0
103,1088,0,0
103,1089,0,0
103,1090,0,0
103,1091,0,0
103,1092,0,0
103,1093,0,0
103,1094,0,0
103,1095,0,0
103,1096,0,0
103,1097,0,0
103,1098,0,0
103,1099,0,0
103,1100,0,0
103,1101,0,0
103,1102,0,0
103,1103,0,0
103,1104,0,0
103,1105,0,0
103,1106,0,1
103,1107,0,0
103,1108,0,0
103,1109,0,0
103,1110,0,0
103,1111,0,0
103,1112,0,0
103,1113,0,0
103,1114,0,0
103,1115,0,0
103,1116,0,0
103,1117,0,0
103,1118,0,0
103,1119,0,0
103,1120,0,0
103,1121,0,0
103,1122,0,0
103,1123,0,0
103,1124,0,0
103,1125,0,0
103,1126,0,0
103,1127,0,0
103,1128,0,0
103,1129,0,0
103,1130,0,0
103,1131,0,0
103,1132,0,0
103,1133,0,0
103,1134,0,0
103,1135,0,0
103,1136,0,0
103,1137,0,0
103,1138,0,0
103,1139,0,0
103,1140,0,0
103,1141,0,0
103,1142,0,0
103,1143,0,0
103,1144,0,0
103,1145,0,0
103,1146,0,0
103,1147,0,0
103,1148,0,0
103,1149,0,0
103,1150,0,0
103,1151,0,0
103,1152,0,0
103,1153,0,0
103,1154,0,0
103,1155,0,0
103,1156,0,0
103,1157,0,0
103,1158,0,0
103,1159,0,0
103,1160,0,0
103,1161,0,0
103,1162,0,0
103,1163,0,0
103,1164,0,0
103,1165,0,0
103,1166,0,0
103,1167,0,0
103,1168,0,0
103,1169,0,0
103,1170,0,0
103,1171,0,0
103,1172,0,0
103,1173,0,0
103,1174,0,0
103,1175,0,0
103,1176,0,0
103,1177,0,0
103,1178,0,0
103,1179,0,0
103,1180,0,0
103,1181,0,0
103,1182,0,0
103,1183,0,0
103,1184,0,0
103,1185,0,0
103,1186,0,0
103,1187,0,0
103,1188,0,0
103,1189,0,0
103,1190,0,0
103,1191,0,0
103,1192,0,0
103,1193,0,0
103,1194,0,0
103,1195,0,0
103,1196,0,0
103,1197,0,0
103,1198,0,0
103,1199,0,0
103,1200,0,0
103,1201,0,0
103,1202,0,0
103,1203,0,0
103,1204,0,0
103,1205,0,0
103,1206,0,0
103,1207,0,0
103,1208,0,0
103,1209,0,0
103,1210,0,0
103,1211,0,0
103,1212,0,0
103,1213,0,0
103,1214,0,0
103,1215,0,0
103,1216,0,0
103,1217,0,0
103,1218,0,0
103,1219,0,0
103,1220,0,0
103,1221,0,0
103,1222,0,0
103,1223,0,0
103,1224,0,0
103,1225,0,0
103,1226,0,0
103,1227,0,0
103,1228,0,0
103,1229,0,0
103,1230,0,0
103,1231,0,0
103,1232,0,0
105,1233,0,0
105,1234,0,0
105,1235,0,0
105,1236,0,0
105,1237,2,0
105,1238,0,0
105,1239,0,0
105,1240,0,0
105,1241,0,0
105,1242,0,0
105,1243,0,0
105,1244,0,0
105,1245,0,0
105,1246,0,0
105,1247,0,0
105,1248,0,0
105,1249,0,0
105,1250,0,0
105,1251,0,0
105,1252,0,0
105,1253,0,0
105,1254,0,0
105,1255,0,0
105,1256,0,0
105,1257,0,0
105,1258,0,0
105,1259,0,0
105,1260,0,0
105,1261,0,0
105,1262,0,0
105,1263,0,0
105,1264,0,0
105,1265,2,0
105,1266,0,0
105,1267,0,0
105,1268,0,0
105,1269,0,0
105,1270,0,0
105,1271,0,0
105,1272,0,0
105,1273,0,0
105,1274,0,0
105,1275,0,0
105,1276,0,0
105,1277,0,0
105,1278,0,0
105,1279,0,0
105,1280,0,0
105,1281,0,0
105,1282,0,0
105,1283,0,0
105,1284,0,0
105,1285,0,0
105,1286,0,0
105,1287,0,0
105,1288,0,0
105,1289,0,0
105,1290,0,0
105,1291,0,0
105,1292,2,0
105,1293,0,0
105,1294,0,0
105,1295,0,0
105,1296,0,0
105,1297,0,0
105,1298,0,0
105,1299,0,0
105,1300,0,0
105,1301,0,0
105,1302,0,0
105,1303,0,0
105,1304,0,0
105,1305,0,0
105,1306,0,0
105,1307,0,0
105,1308,0,1
105,1309,0,0
105,1310,0,0
105,1311,0,0
105,1312,0,0
105,1313,0,0
105,1314,0,0
105,1315,0,0
105,1316,0,0
105,1317,0,0
105,1318,0,0
105,1319,0,0
105,1320,0,0
105,1321,0,0
105,1322,0,0
105,1323,0,0
105,1324,0,0
105,1325,0,0
105,1326,0,0
105,1327,0,0
105,1328,0,0
105,1329,0,0
105,1330,0,0
105,1331,0,0
105,1332,0,0
105,1333,0,0
105,1334,0,0
105,1335,0,0
105,1336,0,0
105,1337,0,0
105,1338,0,0
105,1339,0,0
105,1340,0,0
105,1341,0,0
105,1342,0,0
105,1343,0,0
105,1344,0,0
105,1345,0,0
105,1346,0,0
105,1347,2,0
105,1348,0,0
105,1349,0,0
105,1350,0,0
105,1351,0,0
105,1352,0,0
105,1353,0,0
105,1354,0,0
105,1355,0,0
105,1356,0,0
105,1357,0,0
105,1358,0,0
105,1359,0,0
105,1360,0,0
105,1361,0,0
105,1362,0,0
105,1363,0,0
105,1364,0,0
105,1365,0,0
105,1366,0,0
105,1367,0,0
105,1368,0,0
105,1369,0,0
105,1370,0,0
105,1371,0,0
105,1372,0,0
105,1373,0,0
105,1374,0,0
105,1375,0,0
105,1376,0,0
105,1377,0,0
105,1378,0,0
105,1379,0,0
105,1380,0,0
105,1381,0,0
105,1382,0,0
105,1383,0,0
105,1384,0,0
105,1385,0,0
105,1386,0,0
105,1387,0,0
105,1388,0,0
105,1389,0,0
105,1390,0,0
105,1391,0,0
105,1392,0,0
105,1393,0,0
105,1394,0,0
105,1395,0,0
105,1396,0,0
105,1397,0,0
105,1398,0,0
105,1399,0,0
105,1400,0,0
105,1401,0,0
105,1402,0,0
105,1403,0,0
105,1404,0,0
105,1405,0,0
105,1406,2,0
105,1407,0,0
105,1408,0,0
105,1409,0,0
105,1410,0,0
105,1411,0,0
105,1412,2,0
105,1413,0,0
105,1414,0,0
105,1415,2,0
105,1416,0,0
105,1417,0,0
105,1418,0,0
105,1419,0,0
105,1420,0,0
105,1421,0,0
105,1422,0,0
105,1423,0,0
105,1424,0,0
105,1425,0,0
105,1426,0,0
105,1427,0,0
105,1428,0,0
105,1429,0,0
105,1430,0,0
105,1431,0,0
105,1432,0,0
105,1433,0,0
105,1434,0,0
105,1435,0,0
105,1436,0,0
105,1437,0,0
105,1438,0,0
105,1439,0,0
105,1440,0,0
105,1441,0,0
105,1442,0,0
105,1443,0,0
105,1444,0,0
105,1445,0,0
105,1446,0,0
105,1447,0,0
105,1448,0,0
105,1449,0,0
105,1450,0,0
105,1451,0,0
105,1452,0,0
105,1453,0,0
105,1454,0,0
105,1455,2,0
105,1456,0,0
105,1457,0,0
105,1458,0,0
105,1459,0,0
105,1460,0,0
105,1461,0,0
105,1462,0,0
105,1463,0,0
105,1464,0,0
105,1465,0,0
105,1466,0,0
105,1467,0,0
105,1468,0,0
105,1469,0,0
105,1470,0,0
105,1471,0,0
105,1472,0,0
105,1473,0,0
105,1474,0,0
105,1475,0,0
105,1476,0,0
105,1477,0,0
105,1478,0,0
105,1479,0,0
105,1480,0,0
105,1481,0,0
105,1482,0,0
105,1483,0,0
105,1484,0,0
105,1485,0,0
105,1486,0,0
105,1487,0,0
105,1488,0,0
105,1489,0,0
105,1490,0,0
105,1491,0,0
105,1492,0,0
105,1493,0,0
105,1494,0,0
105,1495,0,0
105,1496,0,0
105,1497,0,0
105,1498,0,0
105,1499,0,0
105,1500,0,0
105,1501,0,0
105,1502,0,0
105,1503,0,0
105,1504,0,0
105,1505,0,0
105,1506,0,0
105,1507,0,0
105,1508,0,0
105,1509,0,0
105,1510,0,0
105,1511,0,0
105,1512,0,0
105,1513,0,0
105,1514,0,0
105,1515,0,0
105,1516,0,0
105,1517,2,2
105,1518,0,0
105,1519,0,0
105,1520,0,0
105,1521,0,0
105,1522,0,0
105,1523,0,0
105,1524,0,0
105,1525,0,0
105,1526,0,0
105,1527,0,0
105,1528,0,0
105,1529,0,0
105,1530,0,0
105,1531,0,0
105,1532,0,0
105,1533,0,0
105,1534,0,0
105,1535,0,0
105,1536,0,0
105,1537,0,0
105,1538,0,0
105,1539,0,0
105,1540,0,0
105,1541,0,0
105,1542,0,0
105,1543,0,0
105,1544,0,0
105,1545,0,0
105,1546,0,0
105,1547,2,0
105,1548,0,0
105,1549,0,3
105,1550,0,3
105,1551,0,2
105,1552,0,2
105,1553,0,1
105,1554,0,0
105,1555,0,3
105,1556,0,0
105,1557,0,0
105,1558,0,2
105,1559,0,2
105,1560,0,2
105,1561,0,3
105,1562,0,0
105,1563,0,0
105,1564,0,0
105,1565,0,0
105,1566,0,0
105,1567,0,0
105,1568,0,0
105,1569,0,0
105,1570,0,0
105,1571,0,0
105,1572,0,0
105,1573,0,0
105,1574,0,0
105,1575,0,0
105,1576,0,0
105,1577,0,0
105,1578,0,0
105,1579,0,0
105,1580,0,0
105,1581,0,0
105,1582,0,0
105,1583,0,0
105,1584,0,0
105,1585,0,2
105,1586,0,0
105,1587,0,2
105,1588,0,0
105,1589,0,0
105,1590,0,0
105,1591,0,0
105,1592,0,2
105,1593,0,0
105,1594,0,1
105,1595,0,0
105,1596,0,0
105,1597,0,2
105,1598,0,3
105,1599,0,0
105,1600,0,0
105,1601,0,0
105,1602,0,0
105,1603,0,0
105,1604,0,0
105,1605,0,0
105,1606,0,0
105,1607,0,0
105,1608,0,0
105,1609,0,0
105,1610,0,0
105,1611,0,0
105,1612,0,0
105,1613,0,0
105,1614,0,0
105,1615,0,0
105,1616,0,0
105,1617,0,0
105,1618,0,0
105,1619,0,0
105,1620,0,0
105,1621,0,0
105,1622,0,0
105,1623,0,0
105,1624,0,0
105,1625,0,0
105,1626,0,0
105,1627,0,0
105,1628,0,0
105,1629,0,0
105,1630,0,0
105,1631,0,0
105,1632,0,0
105,1633,0,0
105,1634,0,0
105,1635,0,0
105,1636,0,0
105,1637,0,0
105,1638,0,0
105,1639,0,0
105,1640,0,0
105,1641,0,0
105,1642,0,0
105,1643,0,0
105,1644,0,0
105,1645,0,0
105,1646,0,0
105,1647,0,0
105,1648,0,0
105,1649,0,0
105,1650,0,0
105,1651,0,0
105,1652,0,0
105,1653,0,0
105,1654,0,0
105,1655,0,0
105,1656,0,0
105,1657,0,0
105,1658,0,0
105,1659,0,0
105,1660,0,0
105,1661,0,0
105,1662,0,0
105,1663,0,0
105,1664,0,0
105,1665,0,0
105,1666,0,0
105,1667,0,0
105,1668,0,0
105,1669,0,0
105,1670,0,0
105,1671,0,0
105,1672,0,0
105,1673,0,0
105,1674,0,0
105,1675,0,0
105,1676,0,0
105,1677,0,0
105,1678,0,0
105,1679,0,0
105,1680,0,0
105,1681,0,0
105,1682,0,0
105,1683,0,0
105,1684,0,0
105,1685,0,0
105,1686,0,0
105,1687,0,0
105,1688,0,0
105,1689,0,0
105,1690,0,0
105,1691,0,0
105,1692,0,0
105,1693,0,0
105,1694,0,0
105,1695,0,0
105,1696,0,0
105,1697,0,0
105,1698,0,3
105,1699,0,0
105,1700,0,0
105,1701,0,0
105,1702,0,0
105,1703,0,0
105,1704,0,0
105,1705,0,0
105,1706,0,0
105,1707,0,0
105,1708,0,0
105,1709,0,0
105,1710,0,0
105,1711,0,0
105,1712,0,0
105,1713,0,0
105,1714,0,0
105,1715,0,0
105,1716,0,0
105,1717,0,0
105,1718,0,0
105,1719,0,0
105,1720,0,0
105,1721,0,0
105,1722,0,0
105,1723,0,0
105,1724,0,0
105,1725,0,0
105,1726,0,0
105,1727,0,0
105,1728,0,0
105,1729,0,0
105,1730,0,0
105,1731,0,0
105,1732,0,0
106,1733,0,0
106,1734,0,0
106,1735,0,0
106,1736,0,0
106,1737,0,0
106,1738,0,0
106,1739,0,0
106,1740,0,0
106,1741,0,0
106,1742,0,0
106,1743,0,0
106,1744,0,0
106,1745,0,0
106,1746,0,0
106,1747,0,0
106,1748,0,0
106,1749,0,0
106,1750,0,0
106,1751,0,0
106,1752,0,0
106,1753,0,0
106,1754,0,0
106,1755,0,0
106,1756,2,2
106,1757,2,2
106,1758,0,0
106,1759,2,0
106,1760,2,0
106,1761,2,0
106,1762,0,0
106,1763,2,2
106,1764,0,0
106,1765,0,0
106,1766,0,0
106,1767,0,0
106,1768,2,2
106,1769,0,0
106,1770,0,0
106,1771,0,0
106,1772,2,0
106,1773,0,0
106,1774,0,0
106,1775,0,0
106,1776,0,0
106,1777,0,0
106,1778,0,0
106,1779,0,0
106,1780,0,0
106,1781,0,0
106,1782,0,0
106,1783,0,0
106,1784,0,0
106,1785,0,0
106,1786,0,0
106,1787,0,0
106,1788,0,0
106,1789,0,0
106,1790,0,0
106,1791,0,0
106,1792,0,0
106,1793,0,0
106,1794,0,0
106,1795,0,0
106,1796,0,0
106,1797,0,0
106,1798,0,0
106,1799,0,0
106,1800,0,0
106,1801,0,0
106,1802,0,0
106,1803,0,0
106,1804,0,0
106,1805,0,0
106,1806,0,0
106,1807,0,0
106,1808,0,0
106,1809,0,0
106,1810,0,0
106,1811,0,0
106,1812,0,0
106,1813,0,0
106,1814,0,0
106,1815,0,0
106,1816,0,0
106,1817,0,0
106,1818,0,0
106,1819,0,0
106,1820,0,0
106,1821,0,0
106,1822,0,0
106,1823,0,0
106,1824,0,0
106,1825,0,0
106,1826,0,0
106,1827,0,0
106,1828,0,0
106,1829,0,0
106,1830,0,0
106,1831,0,0
106,1832,0,0
106,1833,0,0
106,1834,0,0
106,1835,0,0
106,1836,0,0
106,1837,0,0
106,1838,0,0
106,1839,0,0
106,1840,0,0
106,1841,0,0
106,1842,0,0
106,1843,0,0
106,1844,0,0
106,1845,0,0
106,1846,0,0
106,1847,0,0
106,1848,0,0
106,1849,0,0
106,1850,0,0
106,1851,0,0
106,1852,0,0
106,1853,0,0
106,1854,0,0
106,1855,0,0
106,1856,0,0
106,1857,0,0
106,1858,0,0
106,1859,0,0
106,1860,0,0
106,1861,0,0
106,1862,0,0
106,1863,0,0
106,1864,0,0
106,1865,0,0
106,1866,0,0
106,1867,0,0
106,1868,0,0
106,1869,0,0
106,1870,0,0
106,1871,0,0
106,1872,0,0
106,1873,2,0
106,1874,2,0
106,1875,2,0
106,1876,0,0
106,1877,2,2
106,1878,0,0
106,1879,2,0
106,1880,0,0
106,1881,2,0
106,1882,0,0
106,1883,0,0
106,1884,2,0
106,1885,2,0
106,1886,0,0
106,1887,0,0
106,1888,0,0
106,1889,2,0
106,1890,2,0
106,1891,2,0
106,1892,0,0
106,1893,2,0
106,1894,0,0
106,1895,2,0
106,1896,0,0
106,1897,0,0
106,1898,0,0
106,1899,2,0
106,1900,0,0
106,1901,0,0
106,1902,0,0
106,1903,0,0
106,1904,2,0
106,1905,0,0
106,1906,2,2
106,1907,2,2
106,1908,2,0
106,1909,2,2
106,1910,0,0
106,1911,2,2
106,1912,0,0
106,1913,2,2
106,1914,2,0
106,1915,0,0
106,1916,2,2
106,1917,2,0
106,1918,0,0
106,1919,2,2
106,1920,0,0
106,1921,2,0
106,1922,0,0
106,1923,2,0
106,1924,0,0
106,1925,2,2
106,1926,0,0
106,1927,2,2
106,1928,0,0
106,1929,0,0
106,1930,2,0
106,1931,0,0
106,1932,0,0
106,1933,0,0
106,1934,0,0
106,1935,0,0
106,1936,0,0
106,1937,0,0
106,1938,0,0
106,1939,0,0
106,1940,0,0
106,1941,0,0
106,1942,2,0
106,1943,0,0
106,1944,2,0
106,1945,0,0
106,1946,2,2
106,1947,0,0
106,1948,0,0
106,1949,0,0
106,1950,0,0
106,1951,0,0
106,1952,0,0
106,1953,0,0
106,1954,0,0
106,1955,0,0
106,1956,0,0
106,1957,0,0
106,1958,0,0
106,1959,0,0
106,1960,0,0
106,1961,0,0
106,1962,0,0
106,1963,0,0
106,1964,2,2
106,1965,0,0
106,1966,2,2
106,1967,2,0
106,1968,2,0
106,1969,0,0
106,1970,0,0
106,1971,0,0
106,1972,0,0
106,1973,0,0
106,1974,0,0
106,1975,0,0
106,1976,2,2
106,1977,2,2
106,1978,0,0
106,1979,0,0
106,1980,0,0
106,1981,2,0
106,1982,0,0
106,1983,0,0
106,1984,2,0
106,1985,0,0
106,1986,0,0
106,1987,2,0
106,1988,0,0
106,1989,0,0
106,1990,2,0
106,1991,2,0
106,1992,2,2
106,1993,2,2
106,1994,2,2
106,1995,0,0
106,1996,0,0
106,1997,0,0
106,1998,0,0
106,1999,2,2
106,2000,0,0
106,2001,0,0
106,2002,0,0
106,2003,0,0
106,2004,2,0
106,2005,0,0
106,2006,0,0
106,2007,2,0
106,2008,2,2
106,2009,2,0
106,2010,0,0
106,2011,2,2
106,2012,0,0
106,2013,2,0
106,2014,0,0
106,2015,2,0
106,2016,0,0
106,2017,2,2
106,2018,0,0
106,2019,2,2
106,2020,0,0
106,2021,0,0
106,2022,0,0
106,2023,0,0
106,2024,0,0
106,2025,0,0
106,2026,0,0
106,2027,0,0
106,2028,0,0
106,2029,0,0
106,2030,0,0
106,2031,0,0
106,2032,0,0
106,2033,0,0
106,2034,0,0
106,2035,0,0
106,2036,0,0
106,2037,0,0
106,2038,0,0
106,2039,0,0
106,2040,0,0
106,2041,0,0
106,2042,0,0
106,2043,0,0
106,2044,0,0
106,2045,0,0
106,2046,0,0
106,2047,0,0
106,2048,0,0
106,2049,0,0
106,2050,0,0
106,2051,0,0
106,2052,0,0
106,2053,0,0
106,2054,0,0
106,2055,0,0
106,2056,0,0
106,2057,0,0
106,2058,0,0
106,2059,0,0
106,2060,2,0
106,2061,0,0
106,2062,2,0
106,2063,0,0
106,2064,0,0
106,2065,2,0
106,2066,0,0
106,2067,0,0
106,2068,0,0
106,2069,0,0
106,2070,2,2
106,2071,2,0
106,2072,0,0
106,2073,0,0
106,2074,0,0
106,2075,0,0
106,2076,0,0
106,2077,2,0
106,2078,2,1
106,2079,2,0
106,2080,2,0
106,2081,0,0
106,2082,2,0
106,2083,2,0
106,2084,0,0
106,2085,0,0
106,2086,2,2
106,2087,0,0
106,2088,0,0
106,2089,0,0
106,2090,2,0
106,2091,2,0
106,2092,0,0
106,2093,2,0
106,2094,2,2
106,2095,0,0
106,2096,0,0
106,2097,0,0
106,2098,0,0
106,2099,0,0
106,2100,2,0
106,2101,0,0
106,2102,0,0
106,2103,2,2
106,2104,0,0
106,2105,0,0
106,2106,0,0
106,2107,0,0
106,2108,0,0
106,2109,0,0
106,2110,0,0
106,2111,2,0
106,2112,2,0
106,2113,2,0
106,2114,2,2
106,2115,0,0
106,2116,0,0
106,2117,0,0
106,2118,2,2
106,2119,2,0
106,2120,0,0
106,2121,0,0
106,2122,2,0
106,2123,2,2
106,2124,0,0
106,2125,0,0
106,2126,2,0
106,2127,2,0
106,2128,0,0
106,2129,2,0
106,2130,0,0
106,2131,2,0
106,2132,2,0
106,2133,2,0
106,2134,0,0
106,2135,0,0
106,2136,2,0
106,2137,0,0
106,2138,0,0
106,2139,0,0
106,2140,0,0
106,2141,0,0
106,2142,0,0
106,2143,0,0
106,2144,2,2
106,2145,2,0
106,2146,2,2
106,2147,2,0
106,2148,0,0
106,2149,2,2
106,2150,2,0
106,2151,2,0
108,2152,0,1
108,2153,0,0
108,2154,0,0
108,2155,0,0
108,2156,0,0
108,2157,0,0
108,2158,0,0
108,2159,0,0
108,2160,0,1
108,2161,0,0
108,2162,0,0
108,2163,0,0
108,2164,0,0
108,2165,0,0
108,2166,0,2
108,2167,0,0
108,2168,0,0
108,2169,0,0
108,2170,0,0
108,2171,0,0
108,2172,0,0
108,2173,0,0
108,2174,0,0
108,2175,0,0
108,2176,0,0
108,2177,0,0
108,2178,0,0
108,2179,0,0
108,2180,0,0
108,2181,0,2
108,2182,0,0
108,2183,0,0
108,2184,0,0
108,2185,0,0
108,2186,0,0
108,2187,0,0
108,2188,0,2
108,2189,0,0
108,2190,0,0
108,2191,0,0
108,2192,0,0
108,2193,0,2
108,2194,0,0
108,2195,0,2
108,2196,0,0
108,2197,0,0
108,2198,0,0
108,2199,0,0
108,2200,0,0
108,2201,0,0
108,2202,0,0
108,2203,0,0
108,2204,0,0
108,2205,0,0
108,2206,0,0
108,2207,0,0
108,2208,0,0
108,2209,0,2
108,2210,0,2
108,2211,0,0
108,2212,0,0
108,2213,0,0
108,2214,0,0
108,2215,0,2
108,2216,0,2
108,2217,0,0
108,2218,0,0
108,2219,0,0
108,2220,0,0
108,2221,0,0
108,2222,0,0
108,2223,0,0
108,2224,0,0
108,2225,0,0
108,2226,0,0
108,2227,0,0
108,2228,0,0
108,2229,0,0
108,2230,0,0
108,2231,0,0
108,2232,0,0
108,2233,0,0
108,2234,0,0
108,2235,0,0
108,2236,0,0
108,2237,0,0
108,2238,0,0
108,2239,0,0
108,2240,0,0
108,2241,0,0
108,2242,0,0
108,2243,0,0
108,2244,0,0
108,2245,0,0
108,2246,0,0
108,2247,0,0
108,2248,0,0
108,2249,0,0
108,2250,0,0
108,2251,0,0
108,2252,0,0
108,2253,0,0
108,2254,0,0
108,2255,0,0
108,2256,0,0
108,2257,0,0
108,2258,0,0
108,2259,0,0
108,2260,0,0
108,2261,0,0
108,2262,0,0
108,2263,2,0
108,2264,0,0
108,2265,0,0
108,2266,0,0
108,2267,0,0
108,2268,0,0
108,2269,0,0
108,2270,0,0
108,2271,0,0
108,2272,0,0
108,2273,0,0
108,2274,0,0
108,2275,0,0
108,2276,0,0
108,2277,0,0
108,2278,0,0
108,2279,0,0
108,2280,0,0
108,2281,0,0
108,2282,0,0
108,2283,0,0
108,2284,0,0
108,2285,0,0
108,2286,0,0
108,2287,0,0
108,2288,0,2
108,2289,0,0
108,2290,0,0
108,2291,0,0
108,2292,0,0
108,2293,0,0
108,2294,0,0
108,2295,0,2
108,2296,0,0
108,2297,0,0
108,2298,0,0
108,2299,0,2
108,2300,0,0
108,2301,0,0
108,2302,0,0
108,2303,0,0
108,2304,0,0
108,2305,0,0
108,2306,0,0
108,2307,0,0
108,2308,0,0
108,2309,0,0
108,2310,0,0
108,2311,0,0
108,2312,2,2
108,2313,0,0
108,2314,0,0
108,2315,0,0
108,2316,0,0
108,2317,0,0
108,2318,0,0
108,2319,0,0
108,2320,0,0
108,2321,0,0
108,2322,0,0
108,2323,0,0
108,2324,0,0
108,2325,0,0
108,2326,0,0
108,2327,0,1
108,2328,0,0
108,2329,0,0
108,2330,0,0
108,2331,0,0
108,2332,0,0
108,2333,0,0
108,2334,0,0
108,2335,0,0
108,2336,0,0
108,2337,0,0
108,2338,0,0
108,2339,0,0
108,2340,0,2
108,2341,0,0
108,2342,0,2
108,2343,0,0
108,2344,0,0
108,2345,0,2
108,2346,0,2
108,2347,0,2
108,2348,0,0
108,2349,0,0
108,2350,0,0
108,2351,0,0
108,2352,0,0
108,2353,0,0
108,2354,0,0
108,2355,0,0
108,2356,0,2
108,2357,0,0
108,2358,0,0
108,2359,0,0
108,2360,0,0
108,2361,0,0
108,2362,0,0
108,2363,0,0
108,2364,0,0
108,2365,0,0
108,2366,0,1
108,2367,0,0
108,2368,0,0
108,2369,0,0
108,2370,0,0
108,2371,0,2
108,2372,0,0
108,2373,0,0
108,2374,0,2
108,2375,0,2
108,2376,0,2
108,2377,0,0
108,2378,0,0
108,2379,0,0
108,2380,0,0
108,2381,0,0
108,2382,0,0
108,2383,0,2
108,2384,0,0
108,2385,0,0
108,2386,0,0
108,2387,0,0
108,2388,0,0
108,2389,0,0
108,2390,0,0
108,2391,0,0
108,2392,0,2
108,2393,0,2
108,2394,0,2
108,2395,0,0
108,2396,0,0
108,2397,0,0
108,2398,0,2
108,2399,0,0
108,2400,0,0
108,2401,0,1
108,2402,0,2
108,2403,0,0
108,2404,0,0
108,2405,0,0
108,2406,0,0
108,2407,0,2
108,2408,0,0
108,2409,0,2
108,2410,0,0
108,2411,0,2
108,2412,0,2
108,2413,0,0
108,2414,0,2
108,2415,0,0
108,2416,0,2
108,2417,0,2
108,2418,0,0
108,2419,0,0
108,2420,0,0
108,2421,0,2
108,2422,0,0
108,2423,0,2
108,2424,0,0
108,2425,0,0
108,2426,0,0
108,2427,0,0
108,2428,0,2
108,2429,0,2
108,2430,0,0
108,2431,0,0
108,2432,0,0
108,2433,0,0
108,2434,0,2
108,2435,0,2
108,2436,0,2
108,2437,0,0
108,2438,0,0
108,2439,0,0
108,2440,0,0
108,2441,0,0
108,2442,0,0
108,2443,0,0
108,2444,0,0
108,2445,0,2
108,2446,0,0
108,2447,0,0
108,2448,0,2
108,2449,0,0
108,2450,0,2
108,2451,0,0
108,2452,0,0
108,2453,0,0
108,2454,0,2
108,2455,0,0
108,2456,0,0
108,2457,0,0
108,2458,0,2
108,2459,0,0
108,2460,0,2
108,2461,0,2
108,2462,0,0
108,2463,0,0
108,2464,0,0
108,2465,0,0
108,2466,0,2
108,2467,0,0
108,2468,0,2
108,2469,0,2
108,2470,0,0
108,2471,0,0
108,2472,0,2
108,2473,0,0
108,2474,0,0
108,2475,0,2
108,2476,0,2
108,2477,0,0
108,2478,0,0
108,2479,0,0
108,2480,0,0
108,2481,0,0
108,2482,0,1
108,2483,0,0
108,2484,0,0
108,2485,0,0
108,2486,0,0
108,2487,0,0
108,2488,0,0
108,2489,0,0
108,2490,0,0
108,2491,0,0
108,2492,0,0
108,2493,0,2
108,2494,0,0
108,2495,0,0
108,2496,0,0
108,2497,0,0
108,2498,0,0
108,2499,0,0
108,2500,0,0
108,2501,0,0
108,2502,0,2
108,2503,0,0
108,2504,0,2
108,2505,0,0
108,2506,0,0
108,2507,0,0
108,2508,0,0
108,2509,0,2
108,2510,0,0
108,2511,0,0
108,2512,0,0
108,2513,0,0
108,2514,0,0
108,2515,0,2
108,2516,0,2
108,2517,0,0
108,2518,0,0
108,2519,0,2
109,2520,0,0
109,2521,0,0
109,2522,0,0
109,2523,0,0
109,2524,0,0
109,2525,0,0
109,2526,0,0
109,2527,0,0
109,2528,0,0
109,2529,0,0
109,2530,0,0
109,2531,2,0
109,2532,0,0
109,2533,0,0
109,2534,0,0
109,2535,0,0
109,2536,0,0
109,2537,0,0
109,2538,0,0
109,2539,0,0
109,2540,0,0
109,2541,0,0
109,2542,0,0
109,2543,0,0
109,2544,0,0
109,2545,0,0
109,2546,0,0
109,2547,0,0
109,2548,0,0
109,2549,0,0
109,2550,0,0
109,2551,0,0
109,2552,0,0
109,2553,0,0
109,2554,0,0
109,2555,0,0
109,2556,0,0
109,2557,0,0
109,2558,0,0
109,2559,0,0
109,2560,0,0
109,2561,0,0
109,2562,0,0
109,2563,0,0
109,2564,0,0
109,2565,0,0
109,2566,0,0
109,2567,0,0
109,2568,0,0
109,2569,0,0
109,2570,0,0
109,2571,0,0
109,2572,0,0
109,2573,0,0
109,2574,0,0
109,2575,0,0
109,2576,0,0
109,2577,0,0
109,2578,0,0
109,2579,0,0
109,2580,0,0
109,2581,0,0
109,2582,0,0
109,2583,0,0
109,2584,0,0
109,2585,0,0
109,2586,0,0
109,2587,0,0
109,2588,0,0
109,2589,0,0
109,2590,0,0
109,2591,0,0
109,2592,0,0
109,2593,0,0
109,2594,0,0
109,2595,0,0
109,2596,0,0
109,2597,0,0
109,2598,0,0
109,2599,0,0
109,2600,0,0
109,2601,0,0
109,2602,0,0
109,2603,0,0
109,2604,0,0
109,2605,0,0
109,2606,0,0
109,2607,0,0
109,2608,0,0
109,2609,0,0
109,2610,0,0
109,2611,0,0
109,2612,0,0
109,2613,0,0
109,2614,0,0
109,2615,0,0
109,2616,0,0
109,2617,0,0
109,2618,0,0
109,2619,0,0
109,2620,0,0
109,2621,0,0
109,2622,0,0
109,2623,0,0
109,2624,0,0
109,2625,0,0
109,2626,0,0
109,2627,0,0
109,2628,0,0
109,2629,0,0
109,2630,0,0
109,2631,0,0
109,2632,0,0
109,2633,0,0
109,2634,0,0
109,2635,0,0
109,2636,0,0
109,2637,0,0
109,2638,0,0
109,2639,0,0
109,2640,0,0
109,2641,0,0
109,2642,0,0
109,2643,0,0
109,2644,0,0
109,2645,0,0
109,2646,0,0
109,2647,0,0
109,2648,0,0
109,2649,0,0
109,2650,0,0
109,2651,0,0
109,2652,0,0
109,2653,0,0
109,2654,0,0
109,2655,0,0
109,2656,0,0
109,2657,2,0
109,2658,0,0
109,2659,0,0
109,2660,0,0
109,2661,0,0
109,2662,0,0
109,2663,0,0
109,2664,0,0
109,2665,0,0
109,2666,2,0
109,2667,0,0
109,2668,0,0
109,2669,0,0
109,2670,0,0
109,2671,0,0
109,2672,0,0
109,2673,0,0
109,2674,0,0
109,2675,0,0
109,2676,0,0
109,2677,0,0
109,2678,0,0
109,2679,0,0
109,2680,0,0
109,2681,0,0
109,2682,0,0
109,2683,0,0
109,2684,0,0
109,2685,0,0
109,2686,0,0
109,2687,0,0
109,2688,2,0
109,2689,0,0
109,2690,0,0
109,2691,0,0
109,2692,0,0
109,2693,0,0
109,2694,0,0
109,2695,0,0
109,2696,0,0
109,2697,0,0
109,2698,0,0
109,2699,0,0
109,2700,0,0
109,2701,2,0
109,2702,0,0
109,2703,0,0
109,2704,0,0
109,2705,0,0
109,2706,0,0
109,2707,0,0
109,2708,0,0
109,2709,0,0
109,2710,0,0
109,2711,0,0
109,2712,0,0
109,2713,0,0
109,2714,0,0
109,2715,0,0
109,2716,0,0
109,2717,0,0
109,2718,0,0
109,2719,0,0
109,2720,0,0
109,2721,0,0
109,2722,0,0
109,2723,0,0
109,2724,0,0
109,2725,0,0
109,2726,0,0
109,2727,0,0
109,2728,0,0
109,2729,0,0
109,2730,0,0
109,2731,0,0
109,2732,0,0
109,2733,0,0
109,2734,0,0
109,2735,0,0
109,2736,0,0
109,2737,0,0
109,2738,0,0
109,2739,0,0
109,2740,0,0
109,2741,0,0
109,2742,0,0
109,2743,0,0
109,2744,0,0
109,2745,0,0
109,2746,0,0
109,2747,0,0
109,2748,0,0
109,2749,0,0
109,2750,0,0
109,2751,0,0
109,2752,0,0
109,2753,0,0
109,2754,2,2
109,2755,0,0
109,2756,0,0
109,2757,0,0
109,2758,0,0
109,2759,0,0
109,2760,0,0
109,2761,0,0
109,2762,0,0
109,2763,0,0
109,2764,0,0
109,2765,0,0
109,2766,0,0
109,2767,0,0
109,2768,0,0
109,2769,0,0
109,2770,2,0
109,2771,0,0
109,2772,0,0
109,2773,0,0
109,2774,0,0
109,2775,0,0
109,2776,0,0
109,2777,0,0
109,2778,0,0
109,2779,0,0
109,2780,0,0
109,2781,0,0
109,2782,0,0
109,2783,0,0
109,2784,0,0
109,2785,0,0
109,2786,0,0
109,2787,0,0
109,2788,0,0
109,2789,0,0
109,2790,0,0
109,2791,0,0
109,2792,0,0
109,2793,0,0
109,2794,0,0
109,2795,0,0
109,2796,0,0
109,2797,0,0
109,2798,0,0
109,2799,0,0
109,2800,0,0
109,2801,0,0
109,2802,2,0
109,2803,0,0
109,2804,0,0
109,2805,0,0
109,2806,0,0
109,2807,0,0
109,2808,0,0
109,2809,0,0
109,2810,0,0
109,2811,0,0
109,2812,0,0
109,2813,0,0
109,2814,0,0
109,2815,0,0
109,2816,0,0
109,2817,0,0
109,2818,0,0
109,2819,0,0
109,2820,0,0
109,2821,0,0
109,2822,0,0
109,2823,0,0
109,2824,0,0
109,2825,0,0
109,2826,0,0
109,2827,0,0
109,2828,0,0
109,2829,0,0
109,2830,0,0
109,2831,0,0
109,2832,0,0
109,2833,0,0
109,2834,0,0
109,2835,0,0
109,2836,0,0
109,2837,0,0
109,2838,0,0
109,2839,0,0
109,2840,2,2
109,2841,0,0
109,2842,0,0
109,2843,0,0
109,2844,0,0
109,2845,0,0
109,2846,0,0
109,2847,0,0
109,2848,0,0
109,2849,0,0
109,2850,0,0
109,2851,0,0
109,2852,0,0
109,2853,0,0
109,2854,0,0
109,2855,0,0
109,2856,0,0
109,2857,0,0
109,2858,0,0
109,2859,0,0
109,2860,0,0
109,2861,0,0
109,2862,0,0
109,2863,0,0
109,2864,0,0
109,2865,0,0
109,2866,0,0
109,2867,0,0
109,2868,0,0
109,2869,0,0
109,2870,0,0
109,2871,0,0
109,2872,0,0
109,2873,0,0
109,2874,0,0
109,2875,0,0
109,2876,0,0
109,2877,0,0
109,2878,0,0
109,2879,0,0
109,2880,0,0
109,2881,0,0
109,2882,0,0
109,2883,0,0
109,2884,0,0
109,2885,0,0
109,2886,0,0
109,2887,0,0
109,2888,0,0
109,2889,0,0
109,2890,0,0
109,2891,0,0
109,2892,0,0
109,2893,0,0
109,2894,0,0
109,2895,0,0
109,2896,0,0
109,2897,0,0
109,2898,0,0
109,2899,0,0
109,2900,0,0
109,2901,0,0
109,2902,0,0
109,2903,0,0
109,2904,0,0
109,2905,0,0
109,2906,0,0
109,2907,0,0
109,2908,2,0
109,2909,0,0
109,2910,0,0
109,2911,0,0
109,2912,0,0
109,2913,0,0
109,2914,0,0
109,2915,0,0
109,2916,0,0
109,2917,0,0
109,2918,0,0
109,2919,0,0
109,2920,0,0
109,2921,0,0
109,2922,0,0
109,2923,0,0
109,2924,0,0
109,2925,0,0
109,2926,0,0
109,2927,0,0
109,2928,0,0
109,2929,0,0
109,2930,0,0
109,2931,0,0
109,2932,0,0
109,2933,0,0
109,2934,0,0
109,2935,0,0
109,2936,0,0
109,2937,2,0
109,2938,0,0
109,2939,0,0
109,2940,0,0
109,2941,0,0
109,2942,0,0
109,2943,0,0
109,2944,0,0
109,2945,0,0
109,2946,0,0
109,2947,0,0
109,2948,0,0
109,2949,0,0
109,2950,0,0
109,2951,0,0
109,2952,0,2
109,2953,0,2
109,2954,0,2
109,2955,0,0
109,2956,0,0
109,2957,0,0
109,2958,0,0
109,2959,0,0
109,2960,0,0
109,2961,0,0
109,2962,0,2
109,2963,2,2
109,2964,0,0
109,2965,0,0
109,2966,0,0
109,2967,0,0
109,2968,2,2
109,2969,0,0
109,2970,0,0
109,2971,0,0
109,2972,0,2
109,2973,0,0
109,2974,0,2
109,2975,0,0
109,2976,0,0
109,2977,0,0
109,2978,0,0
109,2979,0,0
109,2980,0,0
109,2981,0,0
109,2982,0,2
109,2983,0,0
109,2984,0,0
109,2985,0,0
109,2986,0,2
109,2987,0,0
109,2988,0,0
109,2989,0,0
109,2990,0,0
109,2991,0,0
109,2992,0,2
109,2993,0,0
109,2994,0,0
109,2995,0,0
109,2996,0,0
109,2997,0,0
109,2998,0,0
109,2999,0,0
109,3000,0,0
109,3001,0,0
109,3002,0,0
109,3003,0,0
109,3004,0,0
109,3005,0,0
109,3006,0,0
109,3007,0,2
109,3008,0,2
109,3009,0,0
109,3010,0,0
109,3011,0,0
109,3012,0,0
109,3013,0,0
109,3014,0,0
109,3015,2,2
109,3016,0,0
111,3017,0,0
111,3018,0,0
111,3019,0,0
111,3020,0,0
111,3021,0,0
111,3022,0,0
111,3023,0,0
111,3024,0,0
111,3025,0,0
111,3026,0,0
111,3027,0,0
111,3028,0,0
111,3029,0,0
111,3030,0,0
111,3031,0,0
111,3032,0,0
111,3033,0,0
111,3034,0,0
111,3035,0,0
111,3036,0,0
111,3037,0,0
111,3038,0,0
111,3039,0,0
111,3040,0,0
111,3041,0,0
111,3042,0,0
111,3043,0,2
111,3044,0,0
111,3045,0,0
111,3046,0,0
111,3047,0,0
111,3048,0,0
111,3049,0,0
111,3050,0,0
111,3051,0,0
111,3052,0,0
111,3053,0,0
111,3054,0,0
111,3055,0,0
111,3056,0,0
111,3057,0,0
111,3058,0,0
111,3059,0,0
111,3060,0,0
111,3061,0,0
111,3062,0,0
111,3063,0,0
111,3064,0,0
111,3065,0,0
111,3066,0,0
111,3067,0,0
111,3068,0,0
111,3069,0,0
111,3070,0,0
111,3071,0,0
111,3072,0,0
111,3073,0,2
111,3074,0,0
111,3075,0,0
111,3076,0,0
111,3077,0,0
111,3078,0,0
111,3079,0,0
111,3080,0,0
111,3081,0,0
111,3082,0,0
111,3083,0,0
111,3084,0,0
111,3085,0,0
111,3086,0,0
111,3087,0,0
111,3088,0,0
111,3089,0,0
111,3090,0,0
111,3091,0,0
111,3092,0,0
111,3093,0,0
111,3094,0,0
111,3095,0,0
111,3096,0,0
111,3097,0,0
111,3098,0,0
111,3099,0,0
111,3100,0,0
111,3101,0,0
111,3102,0,0
111,3103,0,0
111,3104,0,0
111,3105,0,0
111,3106,0,0
111,3107,0,0
111,3108,0,0
111,3109,0,0
111,3110,0,0
111,3111,0,0
111,3112,0,0
111,3113,0,0
111,3114,0,0
111,3115,0,0
111,3116,0,0
111,3117,0,0
111,3118,0,0
111,3119,0,0
111,3120,0,0
111,3121,0,0
111,3122,0,0
111,3123,0,0
111,3124,0,0
111,3125,0,0
111,3126,0,0
111,3127,0,0
111,3128,0,0
111,3129,0,0
111,3130,0,0
111,3131,0,0
111,3132,0,0
111,3133,0,0
111,3134,0,0
111,3135,0,0
111,3136,0,0
111,3137,0,0
111,3138,0,0
111,3139,0,0
111,3140,0,0
111,3141,0,0
111,3142,0,0
111,3143,0,0
111,3144,0,0
111,3145,0,0
111,3146,0,0
111,3147,0,0
111,3148,0,0
111,3149,0,0
111,3150,0,0
111,3151,0,0
111,3152,0,0
111,3153,0,0
111,3154,0,0
111,3155,0,0
111,3156,0,0
111,3157,0,0
111,3158,0,2
111,3159,0,0
111,3160,0,0
111,3161,0,0
111,3162,0,0
111,3163,0,0
111,3164,0,0
111,3165,0,0
111,3166,0,0
111,3167,0,0
111,3168,0,0
111,3169,0,0
111,3170,0,2
111,3171,0,0
111,3172,0,0
111,3173,0,2
111,3174,0,0
111,3175,0,0
111,3176,0,0
111,3177,0,0
111,3178,0,0
111,3179,0,2
111,3180,0,0
111,3181,0,0
111,3182,0,0
111,3183,0,0
111,3184,0,0
111,3185,0,0
111,3186,0,0
111,3187,0,0
111,3188,0,0
111,3189,0,0
111,3190,0,0
111,3191,0,0
111,3192,0,0
111,3193,0,0
111,3194,0,0
111,3195,0,0
111,3196,0,0
111,3197,0,0
111,3198,0,0
111,3199,0,0
111,3200,0,0
111,3201,0,0
111,3202,0,0
111,3203,0,2
111,3204,0,0
111,3205,0,0
111,3206,0,0
111,3207,0,0
111,3208,0,0
111,3209,0,0
111,3210,0,2
111,3211,0,0
111,3212,0,0
111,3213,0,0
111,3214,0,0
111,3215,0,0
111,3216,0,0
111,3217,0,0
111,3218,0,0
111,3219,0,0
111,3220,0,0
111,3221,0,0
111,3222,0,2
111,3223,0,0
111,3224,0,0
111,3225,0,0
111,3226,0,0
111,3227,0,0
111,3228,0,0
111,3229,0,0
111,3230,0,0
111,3231,0,0
111,3232,0,0
111,3233,0,0
111,3234,0,0
111,3235,0,2
111,3236,0,0
111,3237,0,0
111,3238,0,0
111,3239,0,0
111,3240,0,0
111,3241,0,0
111,3242,0,0
111,3243,0,0
111,3244,0,0
111,3245,0,0
111,3246,0,0
111,3247,0,0
111,3248,0,0
111,3249,0,0
111,3250,0,0
111,3251,0,0
111,3252,0,2
111,3253,0,0
111,3254,0,0
111,3255,0,0
111,3256,0,0
111,3257,0,0
111,3258,0,0
111,3259,0,0
111,3260,0,0
111,3261,0,0
111,3262,0,0
111,3263,0,0
111,3264,0,0
111,3265,0,0
111,3266,0,0
111,3267,0,0
111,3268,0,0
111,3269,0,0
111,3270,0,0
111,3271,0,0
111,3272,0,0
111,3273,0,0
111,3274,0,0
111,3275,0,0
111,3276,0,0
111,3277,0,0
111,3278,0,0
111,3279,0,0
111,3280,0,0
111,3281,0,0
111,3282,0,0
111,3283,0,0
111,3284,0,0
111,3285,0,0
111,3286,0,0
111,3287,0,0
111,3288,0,0
111,3289,0,0
111,3290,0,0
111,3291,0,0
111,3292,0,0
111,3293,0,0
111,3294,0,0
111,3295,0,0
111,3296,0,0
111,3297,0,0
111,3298,0,0
111,3299,0,0
111,3300,0,0
111,3301,0,0
111,3302,0,0
111,3303,0,0
111,3304,0,0
111,3305,0,0
111,3306,0,0
111,3307,0,0
111,3308,0,0
111,3309,0,0
111,3310,0,0
111,3311,0,0
111,3312,0,0
111,3313,0,0
111,3314,0,0
111,3315,0,0
111,3316,0,0
111,3317,0,0
111,3318,0,0
111,3319,0,0
111,3320,0,0
111,3321,0,0
111,3322,0,0
111,3323,0,0
111,3324,0,0
111,3325,0,0
111,3326,0,0
111,3327,0,0
111,3328,0,0
111,3329,0,0
111,3330,0,0
111,3331,0,0
111,3332,0,0
111,3333,0,0
111,3334,0,0
111,3335,0,0
111,3336,0,0
111,3337,0,0
111,3338,0,0
111,3339,0,0
111,3340,0,0
111,3341,0,0
111,3342,0,0
111,3343,0,0
111,3344,0,0
111,3345,0,0
111,3346,0,0
111,3347,0,0
111,3348,0,0
111,3349,0,0
111,3350,0,0
111,3351,0,0
111,3352,0,0
111,3353,0,0
111,3354,0,0
111,3355,0,0
111,3356,0,0
111,3357,0,0
111,3358,0,0
111,3359,0,0
111,3360,0,0
111,3361,0,0
111,3362,0,0
111,3363,0,0
111,3364,0,0
111,3365,0,0
111,3366,0,0
111,3367,0,0
111,3368,0,0
111,3369,0,0
111,3370,0,0
111,3371,0,0
111,3372,0,0
111,3373,0,0
111,3374,0,0
111,3375,0,0
111,3376,0,0
111,3377,0,0
111,3378,0,0
111,3379,0,0
111,3380,0,0
111,3381,0,0
111,3382,0,0
111,3383,0,0
111,3384,0,0
111,3385,0,0
111,3386,0,0
111,3387,0,0
111,3388,0,0
111,3389,0,0
111,3390,0,0
111,3391,0,0
111,3392,0,0
111,3393,0,0
111,3394,0,0
111,3395,0,0
111,3396,0,0
111,3397,0,0
111,3398,0,0
111,3399,0,0
111,3400,0,0
111,3401,0,0
111,3402,0,0
111,3403,0,0
111,3404,0,0
111,3405,0,0
111,3406,0,0
111,3407,0,0
111,3408,0,0
111,3409,0,2
111,3410,0,0
111,3411,0,0
111,3412,0,0
111,3413,0,0
111,3414,0,0
111,3415,0,0
111,3416,0,0
111,3417,0,0
111,3418,0,2
111,3419,0,0
111,3420,0,0
111,3421,0,0
111,3422,0,0
111,3423,0,0
111,3424,0,0
111,3425,0,0
111,3426,0,0
111,3427,0,0
112,3428,0,0
112,3429,0,0
112,3430,0,0
112,3431,0,0
112,3432,0,0
112,3433,0,0
112,3434,0,0
112,3435,0,0
112,3436,0,0
112,3437,0,0
112,3438,0,0
112,3439,0,0
112,3440,0,0
112,3441,0,0
112,3442,0,0
112,3443,0,0
112,3444,0,0
112,3445,0,0
112,3446,0,0
112,3447,0,0
112,3448,0,0
112,3449,0,0
112,3450,0,0
112,3451,0,0
112,3452,0,0
112,3453,0,0
112,3454,0,0
112,3455,0,0
112,3456,0,0
112,3457,0,0
112,3458,0,0
112,3459,0,0
112,3460,0,0
112,3461,0,0
112,3462,0,0
112,3463,0,0
112,3464,0,0
112,3465,0,0
112,3466,0,0
112,3467,0,0
112,3468,0,0
112,3469,0,0
112,3470,0,0
112,3471,0,0
112,3472,0,0
112,3473,0,0
112,3474,0,0
112,3475,0,0
112,3476,0,0
112,3477,0,0
112,3478,0,0
112,3479,0,0
112,3480,0,0
112,3481,0,0
112,3482,0,0
112,3483,0,0
112,3484,0,0
112,3485,0,0
112,3486,0,0
112,3487,0,0
112,3488,0,0
112,3489,0,0
112,3490,0,0
112,3491,0,0
112,3492,0,0
112,3493,0,0
112,3494,0,0
112,3495,0,0
112,3496,0,0
112,3497,0,0
112,3498,0,0
112,3499,0,0
112,3500,0,0
112,3501,0,0
112,3502,0,0
112,3503,0,0
112,3504,0,0
112,3505,0,0
112,3506,0,0
112,3507,0,0
112,3508,0,0
112,3509,0,0
112,3510,0,0
112,3511,0,0
112,3512,0,0
112,3513,0,0
112,3514,0,0
112,3515,0,0
112,3516,0,0
112,3517,0,0
112,3518,0,0
112,3519,0,0
112,3520,0,0
112,3521,0,0
112,3522,0,0
112,3523,0,0
112,3524,0,0
112,3525,0,0
112,3526,0,0
112,3527,0,0
112,3528,0,0
112,3529,0,0
112,3530,0,0
112,3531,0,0
112,3532,0,0
112,3533,0,0
112,3534,0,0
112,3535,0,0
112,3536,0,0
112,3537,0,0
112,3538,0,0
112,3539,0,0
112,3540,0,0
112,3541,0,0
112,3542,0,0
112,3543,0,0
112,3544,0,0
112,3545,0,0
112,3546,0,0
112,3547,0,0
112,3548,0,0
112,3549,0,0
112,3550,0,0
112,3551,0,0
112,3552,0,0
112,3553,0,0
112,3554,0,0
112,3555,0,0
112,3556,0,0
112,3557,0,0
112,3558,0,0
112,3559,0,0
112,3560,0,0
112,3561,0,0
112,3562,0,0
112,3563,0,0
112,3564,0,0
112,3565,0,0
112,3566,0,0
112,3567,0,0
112,3568,0,0
112,3569,0,0
112,3570,0,0
112,3571,0,0
112,3572,0,0
112,3573,0,0
112,3574,0,0
112,3575,0,0
112,3576,0,0
112,3577,0,0
112,3578,0,0
112,3579,0,0
112,3580,0,0
112,3581,0,0
112,3582,0,0
112,3583,0,0
112,3584,0,0
112,3585,0,0
112,3586,0,0
112,3587,0,0
112,3588,0,0
112,3589,0,0
112,3590,0,0
112,3591,0,0
112,3592,0,0
112,3593,0,0
112,3594,0,0
112,3595,0,0
112,3596,0,0
112,3597,0,0
112,3598,0,0
112,3599,0,0
112,3600,0,0
112,3601,0,0
112,3602,0,0
112,3603,0,0
112,3604,0,0
112,3605,0,0
112,3606,0,0
112,3607,0,0
112,3608,0,0
112,3609,0,0
112,3610,0,0
112,3611,0,0
112,3612,0,0
112,3613,0,0
112,3614,0,0
112,3615,0,0
112,3616,0,0
112,3617,0,0
112,3618,0,0
112,3619,0,0
112,3620,0,0
112,3621,0,0
112,3622,0,0
112,3623,0,0
112,3624,0,0
112,3625,0,0
112,3626,0,0
112,3627,0,0
112,3628,0,0
112,3629,0,0
112,3630,0,0
112,3631,0,0
112,3632,0,0
112,3633,0,0
112,3634,0,0
112,3635,0,0
112,3636,0,0
112,3637,0,0
112,3638,0,0
112,3639,0,0
112,3640,0,0
112,3641,0,0
112,3642,0,0
112,3643,0,0
112,3644,0,0
112,3645,0,0
112,3646,0,0
112,3647,0,0
112,3648,0,0
112,3649,0,0
112,3650,0,0
112,3651,0,0
112,3652,0,0
112,3653,0,0
112,3654,0,0
112,3655,0,0
112,3656,0,0
112,3657,0,0
112,3658,0,0
112,3659,0,0
112,3660,0,0
112,3661,0,0
112,3662,0,0
112,3663,0,0
112,3664,0,0
112,3665,0,0
112,3666,0,0
112,3667,0,0
112,3668,0,0
112,3669,0,0
112,3670,0,0
112,3671,0,0
112,3672,0,0
112,3673,0,0
112,3674,0,0
112,3675,0,0
112,3676,0,0
112,3677,0,0
112,3678,0,0
112,3679,0,0
112,3680,0,0
112,3681,0,0
112,3682,0,0
112,3683,0,0
112,3684,0,0
112,3685,0,0
112,3686,0,0
112,3687,0,0
112,3688,0,0
112,3689,0,0
112,3690,0,0
112,3691,0,0
112,3692,0,0
112,3693,0,0
112,3694,0,0
112,3695,0,0
112,3696,0,0
112,3697,0,0
112,3698,0,0
112,3699,0,0
112,3700,0,0
112,3701,0,0
112,3702,0,0
112,3703,0,0
112,3704,0,0
112,3705,0,0
112,3706,0,0
112,3707,0,0
112,3708,0,0
112,3709,0,0
112,3710,0,0
112,3711,0,0
112,3712,0,0
112,3713,0,0
112,3714,0,0
112,3715,0,0
112,3716,0,0
112,3717,0,0
112,3718,0,0
112,3719,0,0
112,3720,0,0
112,3721,0,0
112,3722,0,0
112,3723,0,0
112,3724,0,0
112,3725,0,0
112,3726,0,0
112,3727,0,0
112,3728,0,0
112,3729,0,0
112,3730,0,0
112,3731,0,0
112,3732,0,0
112,3733,0,0
112,3734,0,0
112,3735,0,0
112,3736,0,0
112,3737,0,0
112,3738,0,0
112,3739,0,0
112,3740,0,0
112,3741,0,0
112,3742,0,0
112,3743,0,0
112,3744,0,0
112,3745,0,0
112,3746,0,0
112,3747,0,0
112,3748,0,0
112,3749,0,0
112,3750,0,0
112,3751,0,0
112,3752,0,0
112,3753,0,0
112,3754,0,0
112,3755,0,0
112,3756,0,0
112,3757,0,0
112,3758,0,0
112,3759,0,0
112,3760,0,0
112,3761,0,0
112,3762,0,0
112,3763,0,0
112,3764,0,0
112,3765,0,0
112,3766,0,0
112,3767,0,0
112,3768,0,0
112,3769,0,0
112,3770,0,0
112,3771,0,0
112,3772,0,0
112,3773,0,0
112,3774,0,0
112,3775,0,0
112,3776,0,0
112,3777,0,0
112,3778,0,0
112,3779,0,0
112,3780,0,0
112,3781,0,0
112,3782,0,0
112,3783,0,0
112,3784,0,0
112,3785,0,0
112,3786,0,0
112,3787,0,0
112,3788,0,0
112,3789,0,0
112,3790,0,0
112,3791,0,0
112,3792,0,0
112,3793,0,0
112,3794,0,0
112,3795,0,0
112,3796,0,0
112,3797,0,0
112,3798,0,0
112,3799,0,0
112,3800,0,0
112,3801,0,0
112,3802,0,0
112,3803,0,0
112,3804,0,0
112,3805,0,0
112,3806,0,0
112,3807,0,0
112,3808,0,0
112,3809,0,0
112,3810,0,0
112,3811,0,0
112,3812,0,0
112,3813,0,0
112,3814,0,0
112,3815,0,0
112,3816,0,0
112,3817,0,0
112,3818,0,0
112,3819,0,0
112,3820,0,0
112,3821,0,0
112,3822,0,0
112,3823,0,0
112,3824,0,0
112,3825,0,0
112,3826,0,0
112,3827,0,0
112,3828,0,0
112,3829,0,0
112,3830,0,0
112,3831,0,0
112,3832,0,0
112,3833,0,0
112,3834,0,0
112,3835,0,0
112,3836,0,0
112,3837,0,0
112,3838,0,0
112,3839,0,0
112,3840,0,0
112,3841,0,0
112,3842,0,0
112,3843,0,0
112,3844,0,0
112,3845,0,0
112,3846,0,0
112,3847,0,0
112,3848,0,0
112,3849,0,0
112,3850,0,0
112,3851,0,0
112,3852,0,0
112,3853,0,0
112,3854,0,0
112,3855,0,0
112,3856,0,0
112,3857,0,0
112,3858,0,0
112,3859,0,0
112,3860,0,0
112,3861,0,0
112,3862,0,0
112,3863,0,0
112,3864,0,0
112,3865,0,0
112,3866,0,0
112,3867,0,0
112,3868,0,0
112,3869,0,0
112,3870,0,0
112,3871,0,0
112,3872,0,0
112,3873,0,0
112,3874,0,0
112,3875,0,0
112,3876,0,0
112,3877,0,0
112,3878,0,0
112,3879,0,0
112,3880,0,0
112,3881,0,0
112,3882,0,0
112,3883,0,0
112,3884,0,0
112,3885,0,0
112,3886,0,0
112,3887,0,0
112,3888,0,0
112,3889,0,0
112,3890,0,0
112,3891,0,0
112,3892,0,0
112,3893,0,0
112,3894,0,0
112,3895,0,0
112,3896,0,0
112,3897,0,0
112,3898,0,0
112,3899,0,0
112,3900,0,0
112,3901,0,0
112,3902,0,0
112,3903,0,0
112,3904,0,0
112,3905,0,0
112,3906,0,0
112,3907,0,0
112,3908,0,0
112,3909,0,0
112,3910,0,0
112,3911,0,0
112,3912,0,0
112,3913,0,0
112,3914,0,0
112,3915,0,0
112,3916,0,0
112,3917,0,0
112,3918,0,0
112,3919,0,0
112,3920,0,0
112,3921,0,0
112,3922,0,0
112,3923,0,0
112,3924,0,0
112,3925,0,0
112,3926,0,0
112,3927,0,0
112,3928,0,0
112,3929,0,0
112,3930,0,0
112,3931,0,0
112,3932,0,0
112,3933,0,0
112,3934,0,0
112,3935,0,0
112,3936,0,0
112,3937,0,0
112,3938,0,0
113,3939,0,0
113,3940,0,0
113,3941,0,0
113,3942,0,0
113,3943,0,0
113,3944,0,0
113,3945,0,0
113,3946,0,0
113,3947,0,0
113,3948,0,0
113,3949,0,0
113,3950,0,0
113,3951,0,0
113,3952,0,0
113,3953,0,0
113,3954,0,0
113,3955,0,0
113,3956,0,0
113,3957,0,0
113,3958,0,0
113,3959,0,0
113,3960,0,0
113,3961,0,0
113,3962,0,0
113,3963,0,0
113,3964,0,0
113,3965,0,0
113,3966,0,0
113,3967,0,0
113,3968,0,0
113,3969,0,0
113,3970,0,0
113,3971,0,0
113,3972,0,0
113,3973,0,0
113,3974,0,0
113,3975,0,0
113,3976,0,0
113,3977,0,0
113,3978,0,0
113,3979,0,0
113,3980,0,0
113,3981,0,0
113,3982,0,0
113,3983,0,0
113,3984,0,0
113,3985,0,0
113,3986,0,0
113,3987,0,0
113,3988,0,0
113,3989,0,0
113,3990,0,0
113,3991,0,0
113,3992,0,0
113,3993,0,0
113,3994,0,0
113,3995,0,0
113,3996,0,0
113,3997,0,0
113,3998,0,0
113,3999,0,0
113,4000,0,0
113,4001,0,0
113,4002,0,0
113,4003,0,0
113,4004,0,0
113,4005,0,0
113,4006,0,0
113,4007,0,0
113,4008,0,0
113,4009,0,0
113,4010,0,0
113,4011,0,0
113,4012,0,0
113,4013,0,0
113,4014,0,0
113,4015,0,0
113,4016,0,0
113,4017,0,0
113,4018,0,0
113,4019,0,0
113,4020,0,0
113,4021,0,0
113,4022,0,0
113,4023,0,0
113,4024,0,0
113,4025,0,0
113,4026,0,0
113,4027,0,0
113,4028,0,0
113,4029,0,0
113,4030,0,0
113,4031,0,0
113,4032,0,0
113,4033,0,0
113,4034,0,0
113,4035,0,0
113,4036,0,0
113,4037,0,0
113,4038,0,0
113,4039,0,0
113,4040,0,0
113,4041,0,0
113,4042,0,0
113,4043,0,0
113,4044,0,0
113,4045,0,0
113,4046,0,0
113,4047,0,0
113,4048,0,0
113,4049,0,0
113,4050,0,0
113,4051,0,0
113,4052,0,0
113,4053,0,0
113,4054,0,0
113,4055,0,0
113,4056,0,0
113,4057,0,0
113,4058,0,0
113,4059,0,0
113,4060,0,0
113,4061,0,0
113,4062,0,0
113,4063,0,0
113,4064,0,0
113,4065,0,0
113,4066,0,0
113,4067,0,0
113,4068,0,0
113,4069,0,0
113,4070,0,0
113,4071,0,0
113,4072,0,0
113,4073,0,0
113,4074,0,0
113,4075,0,0
113,4076,0,0
113,4077,0,0
113,4078,0,0
113,4079,0,0
113,4080,0,0
113,4081,0,0
113,4082,0,0
113,4083,0,0
113,4084,0,0
113,4085,0,0
113,4086,0,0
113,4087,0,0
113,4088,0,0
113,4089,0,0
113,4090,0,0
113,4091,0,0
113,4092,0,0
113,4093,0,0
113,4094,0,0
113,4095,0,0
113,4096,0,0
113,4097,0,0
113,4098,0,0
113,4099,0,0
113,4100,0,0
113,4101,0,0
113,4102,0,0
113,4103,0,0
113,4104,0,0
113,4105,0,0
113,4106,0,0
113,4107,0,0
113,4108,0,0
113,4109,0,0
113,4110,0,0
113,4111,0,0
113,4112,0,0
113,4113,0,0
113,4114,0,0
113,4115,0,0
113,4116,0,0
113,4117,0,0
113,4118,0,0
113,4119,0,0
113,4120,0,0
113,4121,0,0
113,4122,0,0
113,4123,0,0
113,4124,0,0
113,4125,0,0
113,4126,0,0
113,4127,0,0
113,4128,0,0
113,4129,0,0
113,4130,0,0
113,4131,0,0
113,4132,0,0
113,4133,0,0
113,4134,0,0
113,4135,0,0
113,4136,0,0
113,4137,0,0
113,4138,0,0
113,4139,0,0
113,4140,0,0
113,4141,0,0
113,4142,0,0
113,4143,0,0
113,4144,0,0
113,4145,0,0
113,4146,0,0
113,4147,0,0
113,4148,0,0
113,4149,0,0
113,4150,0,0
113,4151,0,0
113,4152,0,0
113,4153,0,0
113,4154,0,0
113,4155,0,0
113,4156,0,0
113,4157,0,0
113,4158,0,0
113,4159,0,0
113,4160,0,0
113,4161,0,0
113,4162,0,0
113,4163,0,0
113,4164,0,0
113,4165,0,0
113,4166,0,0
113,4167,0,0
113,4168,0,0
113,4169,0,0
113,4170,0,0
113,4171,0,0
113,4172,0,0
113,4173,0,0
113,4174,0,0
113,4175,0,0
113,4176,0,0
113,4177,0,0
113,4178,0,0
113,4179,0,0
113,4180,0,0
113,4181,0,0
113,4182,0,0
113,4183,0,0
113,4184,0,0
113,4185,0,0
113,4186,0,0
113,4187,0,0
113,4188,0,0
113,4189,0,0
113,4190,0,0
113,4191,0,0
113,4192,0,0
113,4193,0,0
113,4194,0,0
113,4195,1,0
113,4196,0,0
113,4197,0,0
113,4198,0,0
113,4199,0,0
113,4200,0,0
113,4201,0,0
113,4202,0,0
113,4203,0,0
113,4204,0,0
113,4205,0,0
113,4206,0,0
113,4207,0,0
113,4208,0,0
113,4209,0,0
113,4210,0,0
113,4211,0,0
113,4212,0,0
113,4213,0,0
113,4214,0,0
113,4215,0,0
113,4216,0,0
113,4217,0,0
113,4218,0,0
113,4219,0,0
113,4220,0,0
113,4221,0,0
113,4222,0,0
113,4223,0,0
113,4224,0,0
113,4225,0,0
113,4226,0,0
113,4227,0,0
113,4228,0,0
113,4229,0,0
113,4230,0,0
113,4231,0,0
113,4232,0,0
113,4233,0,0
113,4234,0,0
113,4235,0,0
113,4236,0,0
113,4237,0,0
113,4238,0,0
113,4239,0,0
113,4240,0,0
113,4241,0,0
113,4242,0,0
113,4243,0,0
113,4244,0,0
113,4245,0,0
113,4246,0,0
113,4247,0,0
113,4248,0,0
113,4249,0,0
113,4250,0,0
113,4251,0,0
113,4252,0,0
113,4253,0,0
113,4254,0,0
113,4255,0,0
113,4256,0,0
113,4257,0,0
113,4258,0,0
113,4259,0,0
113,4260,0,0
113,4261,0,0
113,4262,0,0
113,4263,0,0
113,4264,0,0
113,4265,0,0
113,4266,0,0
113,4267,0,0
113,4268,0,0
113,4269,0,0
113,4270,0,0
113,4271,0,0
113,4272,0,0
113,4273,0,0
113,4274,0,0
113,4275,0,0
113,4276,0,0
113,4277,0,0
113,4278,0,0
113,4279,0,0
113,4280,0,0
113,4281,0,0
113,4282,0,0
113,4283,0,0
113,4284,0,0
113,4285,0,0
113,4286,0,0
113,4287,0,0
113,4288,0,0
113,4289,0,0
113,4290,0,0
113,4291,0,0
113,4292,0,0
113,4293,0,0
113,4294,0,0
113,4295,0,0
113,4296,0,0
113,4297,0,0
113,4298,0,0
113,4299,0,0
113,4300,0,0
113,4301,0,0
113,4302,0,0
113,4303,0,0
113,4304,0,0
113,4305,0,0
113,4306,0,0
114,4307,0,0
114,4308,0,0
114,4309,0,0
114,4310,0,0
114,4311,0,0
114,4312,0,0
114,4313,0,0
114,4314,0,0
114,4315,0,0
114,4316,0,0
114,4317,0,0
114,4318,0,0
114,4319,0,0
114,4320,0,0
114,4321,0,0
114,4322,0,0
114,4323,0,0
114,4324,0,0
114,4325,0,0
114,4326,0,0
114,4327,0,0
114,4328,0,0
114,4329,0,0
114,4330,0,0
114,4331,0,0
114,4332,0,0
114,4333,0,0
114,4334,0,0
114,4335,0,0
114,4336,0,0
114,4337,0,0
114,4338,0,0
114,4339,0,0
114,4340,0,0
114,4341,0,0
114,4342,0,0
114,4343,0,0
114,4344,0,0
114,4345,0,0
114,4346,0,0
114,4347,0,0
114,4348,0,0
114,4349,0,0
114,4350,0,0
114,4351,0,0
114,4352,2,2
114,4353,0,0
114,4354,0,0
114,4355,0,0
114,4356,0,0
114,4357,0,0
114,4358,0,0
114,4359,0,0
114,4360,0,0
114,4361,0,0
114,4362,0,0
114,4363,0,0
114,4364,0,0
114,4365,0,0
114,4366,0,0
114,4367,0,0
114,4368,0,0
114,4369,0,0
114,4370,0,0
114,4371,0,0
114,4372,0,0
114,4373,0,0
114,4374,0,0
114,4375,0,0
114,4376,0,0
114,4377,0,0
114,4378,0,0
114,4379,2,2
114,4380,0,0
114,4381,0,0
114,4382,0,0
114,4383,3,2
114,4384,0,0
114,4385,0,0
114,4386,0,0
114,4387,0,0
114,4388,2,2
114,4389,0,0
114,4390,0,0
114,4391,0,0
114,4392,0,0
114,4393,0,0
114,4394,2,0
114,4395,0,0
114,4396,0,0
114,4397,0,0
114,4398,0,0
114,4399,0,0
114,4400,0,0
114,4401,0,0
114,4402,0,0
114,4403,0,0
114,4404,0,0
114,4405,0,0
114,4406,0,0
114,4407,0,0
114,4408,0,0
114,4409,0,0
114,4410,0,0
114,4411,0,0
114,4412,0,0
114,4413,0,0
114,4414,0,0
114,4415,0,0
114,4416,0,0
114,4417,0,0
114,4418,0,0
114,4419,0,0
114,4420,0,0
114,4421,0,0
114,4422,0,0
114,4423,0,0
114,4424,0,0
114,4425,0,0
114,4426,0,0
114,4427,0,0
114,4428,0,0
114,4429,0,0
114,4430,0,0
114,4431,0,0
114,4432,1,0
114,4433,1,0
114,4434,0,0
114,4435,0,0
114,4436,0,0
114,4437,0,0
114,4438,0,0
114,4439,0,0
114,4440,0,0
114,4441,0,0
114,4442,0,0
114,4443,0,0
114,4444,0,0
114,4445,0,0
114,4446,0,0
114,4447,0,0
114,4448,0,0
114,4449,0,0
114,4450,0,0
114,4451,0,0
114,4452,0,0
114,4453,2,2
114,4454,0,0
114,4455,0,0
114,4456,0,0
114,4457,0,0
114,4458,0,0
114,4459,0,0
114,4460,0,0
114,4461,0,0
114,4462,0,0
114,4463,0,0
114,4464,0,0
114,4465,0,0
114,4466,0,0
114,4467,0,0
114,4468,0,0
114,4469,0,0
114,4470,0,0
114,4471,0,0
114,4472,0,0
114,4473,0,0
114,4474,0,0
114,4475,0,0
114,4476,0,0
114,4477,0,0
114,4478,0,0
114,4479,0,0
114,4480,0,0
114,4481,0,0
114,4482,0,0
114,4483,0,0
114,4484,0,0
114,4485,0,0
114,4486,0,0
114,4487,0,0
114,4488,0,0
114,4489,0,0
114,4490,0,0
114,4491,0,0
114,4492,0,0
114,4493,0,0
114,4494,0,0
114,4495,0,0
114,4496,0,0
114,4497,0,0
114,4498,0,0
114,4499,0,0
114,4500,0,0
114,4501,0,0
114,4502,0,0
114,4503,0,0
114,4504,0,0
114,4505,0,0
114,4506,0,0
114,4507,0,0
114,4508,0,0
114,4509,0,0
114,4510,0,0
114,4511,0,0
114,4512,0,0
114,4513,0,0
114,4514,0,0
114,4515,0,0
114,4516,0,0
114,4517,0,0
114,4518,0,0
114,4519,0,0
114,4520,0,0
114,4521,0,0
114,4522,0,0
114,4523,0,0
114,4524,0,0
114,4525,0,0
114,4526,0,0
114,4527,0,0
114,4528,0,0
114,4529,0,0
114,4530,0,0
114,4531,0,0
114,4532,0,0
114,4533,0,0
114,4534,0,0
114,4535,0,0
114,4536,0,0
114,4537,0,0
114,4538,0,0
114,4539,0,0
114,4540,0,0
114,4541,0,0
114,4542,0,0
114,4543,0,0
114,4544,0,0
114,4545,0,0
114,4546,0,0
114,4547,0,0
114,4548,0,0
114,4549,0,0
114,4550,0,0
114,4551,0,0
114,4552,0,0
114,4553,0,0
114,4554,0,0
114,4555,0,0
114,4556,0,0
114,4557,0,0
114,4558,0,0
114,4559,0,0
114,4560,0,0
114,4561,0,0
114,4562,0,0
114,4563,0,0
114,4564,0,0
114,4565,0,0
114,4566,0,0
114,4567,0,0
114,4568,0,0
114,4569,0,0
114,4570,0,0
114,4571,0,0
114,4572,0,0
114,4573,0,0
114,4574,0,0
114,4575,0,0
114,4576,0,0
114,4577,0,0
114,4578,0,0
114,4579,0,0
114,4580,0,0
114,4581,0,0
114,4582,0,0
114,4583,0,0
114,4584,0,0
114,4585,0,0
114,4586,0,0
114,4587,0,0
114,4588,0,0
114,4589,0,0
114,4590,0,0
114,4591,0,0
114,4592,0,0
114,4593,0,0
114,4594,0,0
114,4595,0,0
114,4596,0,0
114,4597,0,0
114,4598,0,0
114,4599,0,0
114,4600,0,0
114,4601,0,0
114,4602,0,0
114,4603,0,0
114,4604,0,0
114,4605,0,0
114,4606,0,0
114,4607,0,0
114,4608,0,0
114,4609,0,0
114,4610,0,0
114,4611,0,0
114,4612,0,0
114,4613,0,0
114,4614,0,0
114,4615,0,0
114,4616,0,0
114,4617,0,0
114,4618,0,0
114,4619,0,0
114,4620,0,0
114,4621,1,0
114,4622,0,0
114,4623,0,0
114,4624,0,0
114,4625,0,0
114,4626,0,0
114,4627,0,0
114,4628,0,0
114,4629,0,0
114,4630,0,0
114,4631,0,0
114,4632,0,0
114,4633,0,0
114,4634,0,0
114,4635,0,0
114,4636,0,0
114,4637,0,0
114,4638,0,0
114,4639,0,0
114,4640,0,0
114,4641,0,0
114,4642,0,0
114,4643,0,0
114,4644,0,0
114,4645,0,0
114,4646,0,0
114,4647,0,0
114,4648,0,0
114,4649,0,0
114,4650,0,0
114,4651,0,0
114,4652,0,0
114,4653,0,0
114,4654,0,0
114,4655,0,0
114,4656,0,0
114,4657,0,0
114,4658,0,0
114,4659,0,0
114,4660,0,0
114,4661,0,0
114,4662,0,0
114,4663,0,0
114,4664,0,0
114,4665,0,0
114,4666,0,0
114,4667,0,0
114,4668,0,0
114,4669,0,0
114,4670,0,0
115,4671,0,0
115,4672,0,0
115,4673,0,0
115,4674,0,0
115,4675,0,0
115,4676,0,0
115,4677,0,0
115,4678,0,0
115,4679,0,0
115,4680,0,0
115,4681,0,0
115,4682,0,0
115,4683,0,0
115,4684,0,0
115,4685,0,0
115,4686,0,0
115,4687,0,0
115,4688,0,0
115,4689,0,0
115,4690,0,0
115,4691,0,0
115,4692,0,0
115,4693,0,0
115,4694,0,0
115,4695,0,0
115,4696,0,0
115,4697,0,0
115,4698,0,0
115,4699,0,0
115,4700,0,0
115,4701,0,0
115,4702,0,0
115,4703,0,0
115,4704,0,0
115,4705,0,0
115,4706,0,0
115,4707,0,0
115,4708,0,0
115,4709,0,0
115,4710,0,0
115,4711,0,0
115,4712,0,0
115,4713,0,0
115,4714,0,0
115,4715,0,0
115,4716,0,0
115,4717,0,0
115,4718,0,0
115,4719,0,0
115,4720,0,0
115,4721,0,0
115,4722,0,0
115,4723,0,0
115,4724,0,0
115,4725,0,0
115,4726,0,0
115,4727,0,0
115,4728,0,0
115,4729,0,0
115,4730,0,0
115,4731,0,0
115,4732,0,0
115,4733,0,0
115,4734,0,0
115,4735,0,0
115,4736,0,0
115,4737,0,0
115,4738,0,0
115,4739,0,0
115,4740,0,0
115,4741,0,0
115,4742,0,0
115,4743,0,0
115,4744,0,0
115,4745,0,0
115,4746,0,0
115,4747,0,0
115,4748,0,0
115,4749,0,0
115,4750,0,0
115,4751,0,0
115,4752,0,0
115,4753,0,0
115,4754,0,0
115,4755,0,0
115,4756,0,0
115,4757,0,0
115,4758,0,0
115,4759,0,0
115,4760,0,0
115,4761,0,0
115,4762,0,0
115,4763,0,0
115,4764,0,0
115,4765,0,0
115,4766,0,0
115,4767,0,0
115,4768,0,0
115,4769,0,0
115,4770,0,0
115,4771,0,0
115,4772,0,0
115,4773,0,0
115,4774,0,0
115,4775,0,0
115,4776,0,0
115,4777,0,0
115,4778,0,0
115,4779,0,0
115,4780,0,0
115,4781,0,0
115,4782,0,0
115,4783,0,0
115,4784,0,0
115,4785,0,0
115,4786,0,0
115,4787,0,0
115,4788,0,0
115,4789,0,0
115,4790,0,0
115,4791,0,0
115,4792,0,0
115,4793,0,0
115,4794,0,0
115,4795,0,0
115,4796,0,0
115,4797,0,0
115,4798,0,0
115,4799,0,0
115,4800,0,0
115,4801,0,0
115,4802,0,0
115,4803,0,0
115,4804,0,0
115,4805,0,0
115,4806,0,0
115,4807,0,0
115,4808,0,0
115,4809,0,0
115,4810,0,0
115,4811,0,0
115,4812,0,0
115,4813,0,0
115,4814,0,0
115,4815,0,0
115,4816,0,0
115,4817,0,0
115,4818,0,0
115,4819,0,0
115,4820,0,0
115,4821,0,0
115,4822,0,0
115,4823,0,0
115,4824,0,0
115,4825,0,0
115,4826,0,0
115,4827,0,0
115,4828,0,0
115,4829,0,0
115,4830,0,0
115,4831,0,0
115,4832,0,0
115,4833,0,0
115,4834,0,0
115,4835,0,0
115,4836,0,0
115,4837,0,0
115,4838,0,0
115,4839,0,0
115,4840,0,0
115,4841,0,0
115,4842,0,0
115,4843,0,0
115,4844,0,0
115,4845,0,0
115,4846,0,0
115,4847,0,0
115,4848,0,0
115,4849,0,0
115,4850,0,0
115,4851,0,0
115,4852,0,0
115,4853,0,0
115,4854,0,0
115,4855,0,0
115,4856,0,0
115,4857,0,0
115,4858,0,0
115,4859,0,0
115,4860,0,0
115,4861,0,0
115,4862,0,0
115,4863,0,0
115,4864,0,0
115,4865,0,0
115,4866,0,0
115,4867,0,0
115,4868,0,0
115,4869,0,0
115,4870,0,0
115,4871,0,0
115,4872,0,0
115,4873,0,0
115,4874,0,0
115,4875,0,0
115,4876,0,0
115,4877,0,0
115,4878,0,0
115,4879,0,0
115,4880,0,0
115,4881,0,0
115,4882,0,0
115,4883,0,0
115,4884,0,0
115,4885,0,0
115,4886,0,0
115,4887,0,0
115,4888,0,0
115,4889,0,0
115,4890,0,0
115,4891,0,0
115,4892,0,0
115,4893,0,0
115,4894,0,0
115,4895,0,0
115,4896,0,0
115,4897,0,0
115,4898,0,0
115,4899,0,0
115,4900,0,0
115,4901,0,0
115,4902,0,0
115,4903,0,0
115,4904,0,0
115,4905,0,0
115,4906,0,0
115,4907,0,0
115,4908,0,0
115,4909,0,0
115,4910,0,0
115,4911,0,0
115,4912,0,0
115,4913,0,0
115,4914,0,0
115,4915,0,0
115,4916,0,0
115,4917,0,0
115,4918,0,0
115,4919,0,0
115,4920,0,0
115,4921,0,0
115,4922,0,0
115,4923,0,0
115,4924,0,0
115,4925,0,0
115,4926,0,0
115,4927,0,0
115,4928,0,0
115,4929,0,0
115,4930,0,0
115,4931,0,0
115,4932,0,0
115,4933,0,0
115,4934,0,0
115,4935,0,0
115,4936,0,0
115,4937,0,0
115,4938,0,0
115,4939,0,0
115,4940,0,0
115,4941,0,0
115,4942,0,0
115,4943,0,0
115,4944,0,0
115,4945,0,0
115,4946,0,0
115,4947,0,0
115,4948,0,0
115,4949,0,0
115,4950,0,0
115,4951,0,0
115,4952,0,0
115,4953,0,0
115,4954,0,0
115,4955,0,0
115,4956,0,0
115,4957,0,0
115,4958,0,0
115,4959,0,0
115,4960,0,0
115,4961,0,0
115,4962,0,0
115,4963,0,0
115,4964,0,0
115,4965,0,0
115,4966,0,0
115,4967,0,0
115,4968,0,0
115,4969,0,0
115,4970,0,0
115,4971,0,0
115,4972,0,0
115,4973,0,0
115,4974,0,0
115,4975,0,0
115,4976,0,0
115,4977,0,0
115,4978,0,0
115,4979,0,0
115,4980,0,0
115,4981,0,0
115,4982,0,0
115,4983,0,0
115,4984,0,0
115,4985,0,0
115,4986,0,0
115,4987,0,0
115,4988,0,0
115,4989,0,0
115,4990,0,0
115,4991,0,0
115,4992,0,0
115,4993,0,0
115,4994,0,0
115,4995,0,0
115,4996,0,0
115,4997,0,0
115,4998,0,0
115,4999,0,0
115,5000,0,0
115,5001,0,0
115,5002,0,0
115,5003,0,0
115,5004,0,0
115,5005,0,0
115,5006,0,0
115,5007,0,0
115,5008,0,0
115,5009,0,0
115,5010,0,0
115,5011,0,0
115,5012,0,0
115,5013,0,0
115,5014,0,0
115,5015,0,0
115,5016,0,0
115,5017,0,0
115,5018,0,0
115,5019,0,0
115,5020,0,0
115,5021,0,0
115,5022,0,0
115,5023,0,0
115,5024,0,0
115,5025,0,0
115,5026,0,0
115,5027,0,0
115,5028,0,0
115,5029,0,0
115,5030,0,0
115,5031,0,0
115,5032,0,0
115,5033,0,0
115,5034,0,0
115,5035,0,0
115,5036,0,0
115,5037,0,0
115,5038,0,0
115,5039,0,0
115,5040,0,0
115,5041,0,0
115,5042,0,0
115,5043,0,0
116,5044,0,0
116,5045,0,0
116,5046,0,0
116,5047,0,0
116,5048,0,0
116,5049,0,0
116,5050,0,0
116,5051,0,0
116,5052,0,0
116,5053,0,0
116,5054,0,0
116,5055,0,0
116,5056,0,0
116,5057,0,0
116,5058,0,0
116,5059,0,0
116,5060,0,0
116,5061,0,0
116,5062,0,0
116,5063,0,0
116,5064,0,0
116,5065,0,0
116,5066,0,0
116,5067,0,0
116,5068,0,0
116,5069,0,0
116,5070,0,0
116,5071,0,0
116,5072,0,0
116,5073,0,0
116,5074,0,0
116,5075,0,0
116,5076,0,0
116,5077,0,0
116,5078,0,0
116,5079,0,0
116,5080,0,0
116,5081,0,0
116,5082,0,0
116,5083,0,0
116,5084,0,0
116,5085,0,0
116,5086,2,2
116,5087,0,0
116,5088,0,0
116,5089,0,0
116,5090,0,0
116,5091,0,0
116,5092,0,0
116,5093,0,0
116,5094,0,0
116,5095,0,0
116,5096,0,0
116,5097,0,0
116,5098,0,0
116,5099,0,0
116,5100,0,0
116,5101,0,0
116,5102,0,0
116,5103,0,0
116,5104,0,0
116,5105,0,0
116,5106,0,0
116,5107,0,0
116,5108,0,0
116,5109,0,0
116,5110,0,0
116,5111,0,0
116,5112,0,0
116,5113,0,0
116,5114,2,2
116,5115,2,2
116,5116,0,0
116,5117,0,0
116,5118,0,0
116,5119,0,0
116,5120,0,0
116,5121,0,0
116,5122,0,0
116,5123,0,0
116,5124,0,0
116,5125,0,0
116,5126,0,0
116,5127,0,0
116,5128,0,0
116,5129,0,0
116,5130,0,0
116,5131,0,0
116,5132,0,0
116,5133,0,0
116,5134,0,0
116,5135,0,0
116,5136,0,0
116,5137,0,0
116,5138,0,0
116,5139,0,0
116,5140,0,0
116,5141,0,0
116,5142,0,0
116,5143,0,0
116,5144,0,0
116,5145,0,0
116,5146,0,0
116,5147,0,0
116,5148,0,0
116,5149,0,0
116,5150,0,0
116,5151,0,0
116,5152,2,2
116,5153,0,0
116,5154,0,0
116,5155,0,0
116,5156,0,0
116,5157,0,0
116,5158,0,0
116,5159,0,0
116,5160,0,0
116,5161,0,0
116,5162,0,0
116,5163,0,0
116,5164,0,0
116,5165,0,0
116,5166,0,0
116,5167,0,0
116,5168,0,0
116,5169,0,0
116,5170,0,0
116,5171,0,0
116,5172,0,0
116,5173,0,0
116,5174,0,0
116,5175,0,0
116,5176,2,2
116,5177,0,0
116,5178,0,0
116,5179,0,0
116,5180,0,0
116,5181,2,2
116,5182,0,0
116,5183,0,0
116,5184,0,0
116,5185,2,2
116,5186,0,0
116,5187,0,0
116,5188,0,0
116,5189,0,0
116,5190,0,0
116,5191,2,2
116,5192,0,0
116,5193,0,0
116,5194,2,2
116,5195,0,0
116,5196,0,0
116,5197,0,0
116,5198,0,0
116,5199,0,0
116,5200,0,0
116,5201,0,0
116,5202,0,0
116,5203,2,2
116,5204,0,0
116,5205,0,0
116,5206,2,2
116,5207,2,2
116,5208,0,0
116,5209,0,0
116,5210,0,0
116,5211,0,0
116,5212,0,0
116,5213,0,0
116,5214,0,0
116,5215,0,0
116,5216,0,0
116,5217,2,2
116,5218,0,0
116,5219,0,0
116,5220,0,0
116,5221,0,0
116,5222,0,0
116,5223,0,0
116,5224,0,0
116,5225,2,2
116,5226,0,0
116,5227,0,0
116,5228,2,2
116,5229,0,0
116,5230,0,0
116,5231,0,0
116,5232,0,0
116,5233,2,2
116,5234,0,0
116,5235,0,0
116,5236,0,0
116,5237,0,0
116,5238,0,0
116,5239,0,0
116,5240,0,0
116,5241,2,2
116,5242,0,0
116,5243,0,0
116,5244,0,0
116,5245,0,0
116,5246,0,0
116,5247,0,0
116,5248,0,0
116,5249,0,0
116,5250,0,0
116,5251,0,0
116,5252,0,0
116,5253,0,0
116,5254,0,0
116,5255,0,0
116,5256,0,0
116,5257,0,0
116,5258,0,0
116,5259,0,0
116,5260,0,0
116,5261,0,0
116,5262,0,0
116,5263,0,0
116,5264,0,0
116,5265,0,0
116,5266,0,0
116,5267,0,0
116,5268,0,0
116,5269,0,0
116,5270,0,0
116,5271,0,0
116,5272,0,0
116,5273,0,0
116,5274,0,0
116,5275,0,0
116,5276,0,0
116,5277,0,0
116,5278,0,0
116,5279,0,0
116,5280,0,0
116,5281,0,0
116,5282,0,0
116,5283,0,0
116,5284,0,0
116,5285,0,0
116,5286,0,0
116,5287,0,0
116,5288,0,0
116,5289,0,0
116,5290,0,0
116,5291,0,0
116,5292,0,0
116,5293,0,0
116,5294,0,0
116,5295,0,0
116,5296,0,0
116,5297,0,0
116,5298,0,0
116,5299,0,0
116,5300,0,0
116,5301,0,0
116,5302,0,0
116,5303,0,0
116,5304,0,0
116,5305,0,0
116,5306,0,0
116,5307,0,0
116,5308,0,0
116,5309,0,0
116,5310,2,2
116,5311,0,0
116,5312,0,0
116,5313,0,0
116,5314,0,0
116,5315,0,0
116,5316,0,0
116,5317,0,0
116,5318,0,0
116,5319,0,0
116,5320,0,0
116,5321,0,0
116,5322,0,0
116,5323,0,0
116,5324,0,0
116,5325,0,0
116,5326,0,0
116,5327,2,2
116,5328,0,0
116,5329,0,0
116,5330,0,0
116,5331,2,2
116,5332,0,0
116,5333,0,0
116,5334,0,0
116,5335,0,0
116,5336,0,0
116,5337,0,0
116,5338,0,0
116,5339,0,0
116,5340,0,0
116,5341,0,0
116,5342,0,0
116,5343,0,0
116,5344,0,0
116,5345,0,0
116,5346,2,2
116,5347,0,0
116,5348,0,0
116,5349,0,0
116,5350,2,2
116,5351,0,0
116,5352,0,0
116,5353,0,0
116,5354,0,0
116,5355,0,0
116,5356,0,0
116,5357,0,0
116,5358,0,0
116,5359,0,3
116,5360,0,0
116,5361,0,0
116,5362,0,0
116,5363,0,0
116,5364,0,0
116,5365,0,0
116,5366,0,0
116,5367,0,0
116,5368,0,0
116,5369,0,0
116,5370,0,0
116,5371,0,0
116,5372,0,0
116,5373,0,0
116,5374,0,0
116,5375,0,0
116,5376,0,0
116,5377,0,0
116,5378,0,0
116,5379,0,0
116,5380,0,0
116,5381,0,0
116,5382,2,2
116,5383,0,0
116,5384,2,2
116,5385,0,0
116,5386,0,0
116,5387,0,0
116,5388,0,0
116,5389,0,0
116,5390,0,0
116,5391,0,0
116,5392,0,0
116,5393,0,0
116,5394,0,0
116,5395,0,0
116,5396,0,0
116,5397,0,0
116,5398,0,0
116,5399,0,0
116,5400,0,0
116,5401,0,0
116,5402,0,0
116,5403,0,0
116,5404,0,0
116,5405,2,2
116,5406,0,0
116,5407,0,0
116,5408,0,0
116,5409,0,0
116,5410,0,0
116,5411,0,0
116,5412,0,0
116,5413,0,0
116,5414,0,0
116,5415,0,0
116,5416,0,1
116,5417,0,0
116,5418,0,0
116,5419,0,0
116,5420,0,0
116,5421,2,2
116,5422,0,0
116,5423,0,0
116,5424,0,0
116,5425,0,0
116,5426,0,0
116,5427,0,0
116,5428,0,0
116,5429,0,0
116,5430,0,0
116,5431,0,0
116,5432,0,0
116,5433,0,0
116,5434,0,0
116,5435,0,0
116,5436,0,0
116,5437,0,0
116,5438,0,0
116,5439,0,0
116,5440,0,0
116,5441,0,0
116,5442,0,0
116,5443,2,2
116,5444,0,0
116,5445,0,0
116,5446,0,0
116,5447,0,0
116,5448,0,0
116,5449,0,0
116,5450,0,0
116,5451,0,0
116,5452,2,2
116,5453,0,0
116,5454,0,0
116,5455,0,0
116,5456,0,0
116,5457,0,0
116,5458,2,0
116,5459,2,2
116,5460,0,0
116,5461,0,0
116,5462,0,0
116,5463,0,0
116,5464,0,0
116,5465,0,0
116,5466,0,0
116,5467,0,0
116,5468,0,0
116,5469,0,0
116,5470,0,0
116,5471,0,0
116,5472,0,0
116,5473,0,0
116,5474,0,0
116,5475,0,0
116,5476,0,0
116,5477,0,0
116,5478,0,0
116,5479,0,0
116,5480,0,0
116,5481,0,0
116,5482,0,0
116,5483,0,0
116,5484,0,0
116,5485,0,0
116,5486,0,0
116,5487,0,0
116,5488,0,0
116,5489,0,0
116,5490,0,0
116,5491,0,0
116,5492,0,0
116,5493,0,0
116,5494,0,0
116,5495,0,0
116,5496,0,0
116,5497,0,0
116,5498,0,0
116,5499,0,0
116,5500,0,0
116,5501,0,0
116,5502,0,0
116,5503,0,0
116,5504,0,0
116,5505,0,0
116,5506,0,0
116,5507,0,0
116,5508,0,0
116,5509,0,0
116,5510,0,0
116,5511,0,0
116,5512,0,0
117,5513,0,2
117,5514,0,0
117,5515,0,2
117,5516,0,0
117,5517,0,2
117,5518,0,2
117,5519,0,0
117,5520,0,2
117,5521,0,0
117,5522,0,0
117,5523,0,0
117,5524,0,0
117,5525,0,0
117,5526,0,2
117,5527,0,0
117,5528,0,0
117,5529,0,0
117,5530,0,0
117,5531,0,0
117,5532,0,0
117,5533,0,0
117,5534,0,2
117,5535,0,2
117,5536,0,0
117,5537,0,0
117,5538,0,0
117,5539,0,2
117,5540,0,2
117,5541,0,0
117,5542,0,0
117,5543,0,0
117,5544,0,0
117,5545,0,2
117,5546,0,0
117,5547,0,2
117,5548,0,0
117,5549,0,0
117,5550,0,2
117,5551,0,0
117,5552,0,0
117,5553,0,0
117,5554,0,0
117,5555,0,2
117,5556,0,2
117,5557,0,0
117,5558,0,0
117,5559,0,0
117,5560,0,0
117,5561,0,2
117,5562,0,0
117,5563,0,0
117,5564,0,0
117,5565,0,0
117,5566,0,0
117,5567,0,0
117,5568,0,0
117,5569,0,0
117,5570,0,2
117,5571,0,0
117,5572,0,2
117,5573,0,0
117,5574,0,0
117,5575,0,0
117,5576,0,0
117,5577,0,0
117,5578,0,2
117,5579,0,0
117,5580,0,2
117,5581,0,2
117,5582,0,0
117,5583,0,0
117,5584,0,0
117,5585,0,2
117,5586,0,2
117,5587,0,0
117,5588,0,0
117,5589,0,0
117,5590,0,0
117,5591,0,0
117,5592,0,0
117,5593,0,0
117,5594,0,2
117,5595,0,2
117,5596,0,0
117,5597,0,2
117,5598,0,0
117,5599,0,0
117,5600,0,0
117,5601,0,2
117,5602,0,0
117,5603,0,0
117,5604,0,2
117,5605,0,0
117,5606,0,2
117,5607,0,0
117,5608,0,0
117,5609,0,0
117,5610,0,2
117,5611,0,0
117,5612,0,0
117,5613,0,0
117,5614,0,2
117,5615,0,0
117,5616,0,2
117,5617,0,0
117,5618,0,2
117,5619,0,0
117,5620,0,0
117,5621,0,0
117,5622,0,0
117,5623,0,2
117,5624,0,0
117,5625,0,0
117,5626,0,2
117,5627,0,0
117,5628,0,2
117,5629,0,0
117,5630,0,0
117,5631,0,0
117,5632,0,0
117,5633,0,0
117,5634,0,0
117,5635,0,0
117,5636,0,0
117,5637,0,0
117,5638,0,0
117,5639,0,0
117,5640,0,0
117,5641,0,0
117,5642,0,0
117,5643,0,0
117,5644,0,0
117,5645,0,0
117,5646,0,0
117,5647,0,0
117,5648,0,0
117,5649,0,0
117,5650,0,0
117,5651,0,0
117,5652,0,0
117,5653,0,0
117,5654,0,0
117,5655,0,0
117,5656,0,0
117,5657,0,0
117,5658,0,0
117,5659,0,0
117,5660,0,0
117,5661,0,0
117,5662,0,0
117,5663,0,0
117,5664,0,0
117,5665,0,0
117,5666,0,0
117,5667,0,0
117,5668,0,0
117,5669,0,0
117,5670,0,0
117,5671,0,0
117,5672,0,0
117,5673,0,0
117,5674,0,0
117,5675,0,0
117,5676,0,0
117,5677,0,0
117,5678,0,0
117,5679,0,0
117,5680,0,0
117,5681,0,0
117,5682,0,0
117,5683,0,0
117,5684,0,0
117,5685,0,0
117,5686,0,0
117,5687,0,0
117,5688,0,0
117,5689,0,0
117,5690,0,0
117,5691,0,0
117,5692,0,0
117,5693,0,0
117,5694,0,0
117,5695,0,0
117,5696,0,0
117,5697,0,0
117,5698,0,0
117,5699,0,0
117,5700,0,0
117,5701,0,0
117,5702,0,0
117,5703,0,0
117,5704,0,0
117,5705,0,0
117,5706,0,0
117,5707,0,0
117,5708,0,0
117,5709,0,0
117,5710,0,2
117,5711,0,0
117,5712,0,0
117,5713,0,0
117,5714,0,0
117,5715,0,0
117,5716,0,0
117,5717,0,0
117,5718,0,0
117,5719,0,0
117,5720,0,0
117,5721,0,0
117,5722,0,0
117,5723,0,0
117,5724,0,0
117,5725,0,0
117,5726,0,0
117,5727,0,0
117,5728,0,0
117,5729,0,0
117,5730,0,0
117,5731,0,0
117,5732,0,0
117,5733,0,0
117,5734,0,0
117,5735,0,0
117,5736,0,0
117,5737,0,0
117,5738,0,0
117,5739,0,0
117,5740,0,0
117,5741,0,0
117,5742,0,0
117,5743,0,0
117,5744,0,0
117,5745,0,0
117,5746,0,0
117,5747,0,0
117,5748,0,0
117,5749,0,0
117,5750,0,0
117,5751,0,0
117,5752,0,0
117,5753,0,0
117,5754,0,0
117,5755,0,0
117,5756,0,0
117,5757,0,0
117,5758,0,0
117,5759,0,0
117,5760,0,0
117,5761,0,0
117,5762,0,0
117,5763,0,0
117,5764,0,0
117,5765,0,0
117,5766,0,0
117,5767,0,0
117,5768,0,0
117,5769,0,0
117,5770,0,0
117,5771,0,0
117,5772,0,0
117,5773,0,0
117,5774,0,0
117,5775,0,0
117,5776,0,2
117,5777,0,0
117,5778,0,0
117,5779,0,0
117,5780,0,0
117,5781,0,0
117,5782,0,0
117,5783,0,0
117,5784,0,0
117,5785,0,0
117,5786,0,0
117,5787,0,0
117,5788,0,0
117,5789,0,0
117,5790,0,0
117,5791,0,0
117,5792,0,0
117,5793,0,0
117,5794,0,0
117,5795,0,0
117,5796,0,0
117,5797,0,0
117,5798,0,0
117,5799,0,0
117,5800,0,0
117,5801,0,0
117,5802,0,0
117,5803,0,0
117,5804,0,0
117,5805,0,0
117,5806,0,0
117,5807,0,0
117,5808,0,0
117,5809,0,0
117,5810,0,0
117,5811,0,0
117,5812,0,0
117,5813,0,0
117,5814,0,0
117,5815,0,0
117,5816,0,0
117,5817,0,0
117,5818,0,0
117,5819,0,0
117,5820,0,0
117,5821,0,0
117,5822,0,0
117,5823,0,0
117,5824,0,0
117,5825,0,0
117,5826,0,0
117,5827,0,0
117,5828,0,0
117,5829,0,0
117,5830,0,0
117,5831,0,0
117,5832,0,0
117,5833,0,0
117,5834,0,0
117,5835,0,0
117,5836,0,0
117,5837,0,0
118,5838,0,0
118,5839,0,0
118,5840,0,0
118,5841,0,0
118,5842,0,0
118,5843,0,0
118,5844,0,0
118,5845,0,0
118,5846,0,0
118,5847,0,0
118,5848,0,0
118,5849,0,0
118,5850,0,0
118,5851,0,0
118,5852,0,0
118,5853,0,0
118,5854,0,0
118,5855,0,0
118,5856,0,0
118,5857,0,0
118,5858,0,0
118,5859,0,0
118,5860,0,0
118,5861,0,0
118,5862,0,0
118,5863,0,0
118,5864,0,0
118,5865,0,0
118,5866,2,0
118,5867,0,0
118,5868,0,0
118,5869,0,0
118,5870,0,0
118,5871,0,0
118,5872,0,0
118,5873,0,0
118,5874,0,0
118,5875,0,0
118,5876,0,0
118,5877,0,0
118,5878,0,0
118,5879,0,0
118,5880,0,0
118,5881,0,0
118,5882,0,0
118,5883,0,0
118,5884,0,0
118,5885,0,0
118,5886,0,0
118,5887,0,0
118,5888,0,0
118,5889,0,0
118,5890,2,2
118,5891,0,0
118,5892,0,0
118,5893,0,0
118,5894,0,0
118,5895,0,0
118,5896,0,0
118,5897,0,0
118,5898,0,0
118,5899,0,0
118,5900,0,0
118,5901,0,0
118,5902,0,0
118,5903,0,0
118,5904,0,0
118,5905,0,0
118,5906,1,0
118,5907,1,0
118,5908,0,0
118,5909,0,0
118,5910,0,0
118,5911,0,0
118,5912,0,0
118,5913,0,0
118,5914,0,0
118,5915,0,0
118,5916,0,0
118,5917,0,0
118,5918,0,0
118,5919,0,0
118,5920,0,0
118,5921,0,0
118,5922,0,0
118,5923,0,0
118,5924,0,0
118,5925,0,0
118,5926,1,0
118,5927,0,0
118,5928,0,0
118,5929,0,0
118,5930,0,0
118,5931,0,0
118,5932,0,0
118,5933,0,0
118,5934,0,0
118,5935,0,0
118,5936,0,0
118,5937,0,0
118,5938,0,0
118,5939,0,0
118,5940,0,0
118,5941,0,0
118,5942,0,0
118,5943,0,0
118,5944,0,0
118,5945,0,0
118,5946,0,0
118,5947,0,0
118,5948,0,0
118,5949,0,0
118,5950,0,0
118,5951,0,0
118,5952,0,0
118,5953,0,0
118,5954,1,0
118,5955,0,0
118,5956,0,0
118,5957,0,0
118,5958,0,0
118,5959,1,0
118,5960,0,0
118,5961,0,0
118,5962,0,0
118,5963,0,0
118,5964,0,1
118,5965,0,0
118,5966,0,0
118,5967,0,0
118,5968,0,0
118,5969,0,0
118,5970,0,0
118,5971,0,2
118,5972,1,0
118,5973,0,0
118,5974,0,0
118,5975,1,0
118,5976,0,0
118,5977,0,0
118,5978,0,0
118,5979,0,0
118,5980,0,0
118,5981,0,0
118,5982,0,0
118,5983,0,0
118,5984,0,0
118,5985,0,0
118,5986,0,0
118,5987,0,0
118,5988,0,0
118,5989,0,0
118,5990,0,0
118,5991,0,0
118,5992,0,0
118,5993,0,0
118,5994,0,0
118,5995,0,0
118,5996,0,0
118,5997,0,0
118,5998,0,0
118,5999,0,0
118,6000,0,0
118,6001,0,0
118,6002,0,0
118,6003,0,0
118,6004,0,0
118,6005,0,0
118,6006,0,0
118,6007,0,0
118,6008,0,0
118,6009,0,0
118,6010,0,0
118,6011,0,0
118,6012,0,0
118,6013,0,0
118,6014,0,0
118,6015,0,0
118,6016,0,0
118,6017,0,0
118,6018,0,0
118,6019,0,0
118,6020,0,0
118,6021,0,0
118,6022,0,0
118,6023,0,0
118,6024,0,0
118,6025,0,0
118,6026,0,0
118,6027,0,0
118,6028,0,0
118,6029,0,0
118,6030,1,0
118,6031,0,2
118,6032,0,0
118,6033,0,0
118,6034,0,0
118,6035,0,0
118,6036,0,0
118,6037,0,0
118,6038,0,0
118,6039,0,0
118,6040,0,0
118,6041,1,0
118,6042,0,0
118,6043,0,0
118,6044,0,0
118,6045,1,0
118,6046,0,0
118,6047,0,0
118,6048,0,0
118,6049,0,0
118,6050,0,0
118,6051,0,0
118,6052,0,0
118,6053,0,0
118,6054,0,0
118,6055,1,0
118,6056,0,0
118,6057,0,0
118,6058,0,0
118,6059,0,0
118,6060,0,0
118,6061,0,0
118,6062,0,0
118,6063,0,0
118,6064,0,0
118,6065,0,0
118,6066,0,0
118,6067,0,0
118,6068,1,0
118,6069,0,0
118,6070,0,0
118,6071,0,0
118,6072,0,0
118,6073,0,0
118,6074,0,0
118,6075,0,0
118,6076,0,0
118,6077,0,0
118,6078,0,0
118,6079,0,0
118,6080,0,0
118,6081,1,0
118,6082,0,0
118,6083,0,0
118,6084,0,0
118,6085,0,0
118,6086,0,0
118,6087,0,0
118,6088,0,0
118,6089,0,0
118,6090,0,0
118,6091,0,0
118,6092,0,0
118,6093,0,0
118,6094,0,0
118,6095,0,0
118,6096,0,0
118,6097,0,0
118,6098,0,0
118,6099,0,0
118,6100,0,0
118,6101,0,0
118,6102,0,0
118,6103,0,0
118,6104,0,0
118,6105,0,0
118,6106,1,0
118,6107,0,0
118,6108,0,0
118,6109,0,0
118,6110,0,0
118,6111,0,0
118,6112,0,0
118,6113,0,0
118,6114,0,0
118,6115,0,0
118,6116,0,0
118,6117,0,0
118,6118,0,0
118,6119,1,0
118,6120,0,0
118,6121,0,0
118,6122,0,0
118,6123,0,0
118,6124,0,0
118,6125,0,0
118,6126,0,0
118,6127,0,0
118,6128,0,0
118,6129,0,0
118,6130,0,0
118,6131,0,0
118,6132,0,0
118,6133,0,0
118,6134,0,0
118,6135,0,0
118,6136,0,0
118,6137,1,0
118,6138,0,0
118,6139,0,0
118,6140,0,0
118,6141,0,0
118,6142,0,0
118,6143,0,0
118,6144,0,0
118,6145,0,0
118,6146,0,0
118,6147,0,0
118,6148,0,0
118,6149,0,0
118,6150,0,0
118,6151,0,0
118,6152,0,0
118,6153,0,0
118,6154,0,0
118,6155,0,0
118,6156,0,0
118,6157,0,0
118,6158,0,0
118,6159,0,0
118,6160,0,0
118,6161,0,0
118,6162,0,0
118,6163,0,0
118,6164,0,0
118,6165,0,0
118,6166,0,0
118,6167,0,0
118,6168,0,0
118,6169,1,0
118,6170,0,0
118,6171,0,0
118,6172,2,0
118,6173,0,0
118,6174,0,0
118,6175,0,0
118,6176,0,0
118,6177,0,0
118,6178,0,0
118,6179,0,0
118,6180,0,0
118,6181,1,0
118,6182,0,0
118,6183,0,0
118,6184,0,0
118,6185,0,0
118,6186,0,0
118,6187,1,0
118,6188,0,0
118,6189,0,0
118,6190,0,0
118,6191,1,0
118,6192,1,0
118,6193,0,0
118,6194,0,0
118,6195,0,0
118,6196,1,0
118,6197,0,0
118,6198,0,0
118,6199,0,0
118,6200,0,0
118,6201,0,0
118,6202,0,0
118,6203,0,0
118,6204,0,0
118,6205,0,0
118,6206,0,0
118,6207,0,0
118,6208,0,0
118,6209,0,0
118,6210,0,0
118,6211,0,0
118,6212,0,0
118,6213,0,0
118,6214,0,0
118,6215,0,0
118,6216,0,0
118,6217,1,0
118,6218,0,0
118,6219,0,0
118,6220,0,0
118,6221,0,0
118,6222,0,0
118,6223,0,0
118,6224,0,0
118,6225,2,0
118,6226,1,0
118,6227,0,0
118,6228,0,0
118,6229,0,0
118,6230,0,0
118,6231,0,0
118,6232,0,0
118,6233,0,0
118,6234,0,0
118,6235,0,0
118,6236,0,0
118,6237,0,0
118,6238,0,0
118,6239,0,0
118,6240,0,0
118,6241,0,0
118,6242,0,0
118,6243,0,0
118,6244,0,0
118,6245,0,0
118,6246,0,0
118,6247,0,0
118,6248,0,0
118,6249,0,0
118,6250,0,0
118,6251,0,0
118,6252,0,0
118,6253,0,0
118,6254,0,2
118,6255,0,0
118,6256,0,0
118,6257,0,0
118,6258,0,0
118,6259,0,0
118,6260,0,0
118,6261,0,0
118,6262,0,0
118,6263,0,0
118,6264,0,0
118,6265,0,0
118,6266,0,0
118,6267,0,0
118,6268,1,0
118,6269,0,0
118,6270,0,0
118,6271,0,0
118,6272,0,0
118,6273,0,0
118,6274,0,0
118,6275,0,0
118,6276,1,0
118,6277,0,0
118,6278,1,0
118,6279,0,0
118,6280,0,0
118,6281,0,0
118,6282,0,0
118,6283,0,0
118,6284,0,0
118,6285,0,0
118,6286,0,0
118,6287,0,0
118,6288,0,0
118,6289,0,0
118,6290,0,0
118,6291,0,0
118,6292,0,0
118,6293,0,0
118,6294,0,0
118,6295,0,0
118,6296,0,0
118,6297,1,0
118,6298,0,0
118,6299,1,0
119,6300,0,0
119,6301,0,0
119,6302,0,0
119,6303,2,2
119,6304,0,0
119,6305,0,0
119,6306,2,2
119,6307,0,0
119,6308,2,2
119,6309,2,2
119,6310,0,0
119,6311,0,0
119,6312,0,0
119,6313,0,0
119,6314,0,0
119,6315,0,0
119,6316,0,0
119,6317,0,0
119,6318,0,0
119,6319,0,0
119,6320,0,0
119,6321,0,0
119,6322,0,0
119,6323,0,0
119,6324,0,0
119,6325,0,0
119,6326,0,0
119,6327,0,0
119,6328,0,0
119,6329,0,0
119,6330,0,0
119,6331,0,0
119,6332,2,2
119,6333,0,0
119,6334,2,2
119,6335,0,0
119,6336,0,0
119,6337,0,0
119,6338,0,0
119,6339,0,0
119,6340,0,0
119,6341,2,2
119,6342,2,2
119,6343,0,0
119,6344,0,0
119,6345,2,2
119,6346,0,0
119,6347,0,0
119,6348,2,2
119,6349,0,0
119,6350,0,0
119,6351,0,0
119,6352,2,2
119,6353,0,0
119,6354,0,0
119,6355,2,2
119,6356,0,0
119,6357,0,0
119,6358,2,2
119,6359,0,0
119,6360,2,2
119,6361,0,0
119,6362,0,0
119,6363,0,0
119,6364,0,0
119,6365,0,0
119,6366,2,2
119,6367,0,0
119,6368,2,2
119,6369,0,0
119,6370,0,0
119,6371,0,0
119,6372,0,0
119,6373,0,0
119,6374,0,0
119,6375,0,0
119,6376,0,0
119,6377,2,2
119,6378,0,0
119,6379,0,0
119,6380,0,0
119,6381,0,0
119,6382,0,0
119,6383,0,0
119,6384,2,2
119,6385,0,0
119,6386,0,0
119,6387,0,0
119,6388,0,0
119,6389,0,0
119,6390,0,0
119,6391,0,0
119,6392,0,0
119,6393,0,0
119,6394,0,0
119,6395,0,0
119,6396,0,0
119,6397,0,0
119,6398,0,0
119,6399,0,0
119,6400,0,0
119,6401,0,0
119,6402,0,0
119,6403,2,2
119,6404,0,0
119,6405,2,0
119,6406,0,0
119,6407,2,2
119,6408,0,0
119,6409,2,2
119,6410,0,0
119,6411,0,0
119,6412,0,0
119,6413,0,0
119,6414,0,0
119,6415,0,0
119,6416,2,2
119,6417,0,0
119,6418,0,0
119,6419,0,0
119,6420,0,0
119,6421,0,0
119,6422,0,0
119,6423,0,0
119,6424,0,0
119,6425,0,0
119,6426,0,0
119,6427,2,2
119,6428,0,0
119,6429,0,0
119,6430,0,0
119,6431,0,0
119,6432,0,0
119,6433,0,0
119,6434,0,0
119,6435,0,0
119,6436,0,0
119,6437,0,0
119,6438,0,0
119,6439,2,2
119,6440,0,0
119,6441,0,0
119,6442,0,0
119,6443,0,0
119,6444,0,0
119,6445,0,0
119,6446,0,0
119,6447,0,0
119,6448,0,0
119,6449,2,2
119,6450,0,0
119,6451,0,0
119,6452,0,0
119,6453,2,2
119,6454,0,0
119,6455,0,0
119,6456,2,2
119,6457,0,0
119,6458,0,0
119,6459,0,0
119,6460,0,0
119,6461,0,0
119,6462,0,0
119,6463,0,0
119,6464,0,0
119,6465,0,0
119,6466,0,0
119,6467,0,0
119,6468,0,0
119,6469,0,0
119,6470,2,2
119,6471,0,0
119,6472,0,0
119,6473,0,0
119,6474,0,0
119,6475,0,0
119,6476,2,2
119,6477,0,0
119,6478,0,0
119,6479,0,0
119,6480,0,0
119,6481,0,0
119,6482,0,0
119,6483,0,0
119,6484,0,0
119,6485,2,2
119,6486,0,0
119,6487,2,2
119,6488,0,0
119,6489,0,0
119,6490,0,0
119,6491,0,0
119,6492,0,0
119,6493,2,2
119,6494,0,0
119,6495,0,0
119,6496,0,0
119,6497,0,0
119,6498,0,0
119,6499,0,0
119,6500,0,0
119,6501,0,0
119,6502,0,0
119,6503,0,0
119,6504,0,0
119,6505,2,2
119,6506,2,2
119,6507,0,0
119,6508,0,0
119,6509,2,0
119,6510,0,0
119,6511,0,0
119,6512,0,0
119,6513,0,0
119,6514,0,0
119,6515,0,0
119,6516,0,0
119,6517,0,0
119,6518,0,0
119,6519,0,0
119,6520,0,0
119,6521,0,0
119,6522,0,0
119,6523,0,0
119,6524,0,0
119,6525,0,0
119,6526,0,0
119,6527,0,0
119,6528,2,2
119,6529,2,0
119,6530,2,2
119,6531,2,2
119,6532,0,0
119,6533,2,2
119,6534,0,0
119,6535,2,2
119,6536,0,0
119,6537,0,0
119,6538,0,0
119,6539,2,2
119,6540,0,0
119,6541,2,0
119,6542,0,0
119,6543,2,0
119,6544,0,0
119,6545,2,2
119,6546,0,0
119,6547,2,2
119,6548,0,0
119,6549,2,2
119,6550,2,2
119,6551,2,0
119,6552,0,0
119,6553,0,0
119,6554,0,0
119,6555,2,2
119,6556,0,0
119,6557,0,0
119,6558,2,2
119,6559,2,2
119,6560,0,0
119,6561,2,0
119,6562,0,0
119,6563,0,0
119,6564,0,0
119,6565,2,0
119,6566,2,2
119,6567,0,0
119,6568,0,0
119,6569,2,2
119,6570,2,2
119,6571,0,0
119,6572,0,0
119,6573,0,0
119,6574,0,0
119,6575,0,0
119,6576,0,0
119,6577,0,0
119,6578,0,0
119,6579,0,0
119,6580,0,0
119,6581,0,0
119,6582,0,0
119,6583,2,2
119,6584,0,0
119,6585,2,0
119,6586,0,0
119,6587,0,0
119,6588,0,0
119,6589,0,0
119,6590,2,2
119,6591,0,0
119,6592,0,0
119,6593,0,0
119,6594,0,0
119,6595,0,0
119,6596,0,0
119,6597,0,0
119,6598,0,0
119,6599,2,2
119,6600,2,2
119,6601,0,0
119,6602,0,0
119,6603,0,0
119,6604,2,0
119,6605,0,0
119,6606,2,0
119,6607,2,2
119,6608,0,0
119,6609,0,0
119,6610,0,0
119,6611,0,0
119,6612,2,2
119,6613,0,0
119,6614,2,2
119,6615,0,0
119,6616,0,0
119,6617,2,2
119,6618,0,0
119,6619,0,0
119,6620,0,0
119,6621,2,2
119,6622,0,0
119,6623,0,0
119,6624,0,0
119,6625,0,0
119,6626,0,0
119,6627,0,0
119,6628,0,0
119,6629,0,0
119,6630,0,0
119,6631,0,0
119,6632,0,0
119,6633,2,0
119,6634,0,0
119,6635,2,0
119,6636,0,0
119,6637,0,0
119,6638,0,0
119,6639,2,2
119,6640,0,0
119,6641,2,2
119,6642,0,0
119,6643,2,2
119,6644,0,0
119,6645,2,2
119,6646,0,0
119,6647,0,0
119,6648,0,0
119,6649,0,0
119,6650,0,0
119,6651,0,0
119,6652,0,0
119,6653,0,0
119,6654,0,0
119,6655,0,0
119,6656,2,0
119,6657,2,2
119,6658,0,0
119,6659,0,0
119,6660,0,0
119,6661,0,0
119,6662,0,0
119,6663,2,2
119,6664,0,0
119,6665,0,0
119,6666,2,2
119,6667,0,0
119,6668,0,0
119,6669,0,0
119,6670,0,0
119,6671,0,0
119,6672,0,0
119,6673,0,0
119,6674,0,0
119,6675,0,0
119,6676,2,2
119,6677,2,2
119,6678,0,0
119,6679,0,0
119,6680,0,0
121,6681,0,0
121,6682,0,0
121,6683,0,0
121,6684,0,0
121,6685,0,0
121,6686,0,0
121,6687,0,0
121,6688,0,0
121,6689,0,0
121,6690,0,0
121,6691,0,0
121,6692,0,0
121,6693,0,0
121,6694,0,0
121,6695,0,0
121,6696,0,0
121,6697,0,0
121,6698,0,0
121,6699,0,0
121,6700,0,0
121,6701,0,0
121,6702,0,0
121,6703,0,0
121,6704,0,0
121,6705,0,0
121,6706,0,0
121,6707,0,0
121,6708,0,0
121,6709,0,0
121,6710,0,0
121,6711,0,0
121,6712,0,0
121,6713,0,0
121,6714,0,0
121,6715,0,0
121,6716,0,0
121,6717,0,0
121,6718,0,0
121,6719,0,0
121,6720,0,0
121,6721,0,0
121,6722,0,0
121,6723,0,0
121,6724,0,0
121,6725,0,0
121,6726,0,0
121,6727,0,0
121,6728,0,0
121,6729,0,0
121,6730,0,0
121,6731,0,0
121,6732,0,0
121,6733,0,0
121,6734,0,0
121,6735,0,0
121,6736,0,0
121,6737,0,0
121,6738,0,0
121,6739,0,0
121,6740,0,0
121,6741,0,0
121,6742,0,0
121,6743,0,0
121,6744,0,0
121,6745,0,0
121,6746,0,0
121,6747,0,0
121,6748,0,0
121,6749,0,0
121,6750,0,0
121,6751,0,0
121,6752,0,0
121,6753,0,0
121,6754,0,0
121,6755,0,0
121,6756,0,0
121,6757,0,0
121,6758,0,0
121,6759,0,0
121,6760,0,0
121,6761,0,0
121,6762,0,0
121,6763,0,0
121,6764,0,0
121,6765,0,0
121,6766,0,0
121,6767,0,0
121,6768,0,0
121,6769,0,0
121,6770,0,0
121,6771,0,0
121,6772,0,0
121,6773,0,0
121,6774,0,0
121,6775,0,0
121,6776,0,0
121,6777,0,0
121,6778,0,0
121,6779,0,0
121,6780,0,0
121,6781,0,0
121,6782,0,0
121,6783,0,0
121,6784,0,0
121,6785,0,0
121,6786,0,0
121,6787,0,0
121,6788,0,0
121,6789,0,0
121,6790,0,0
121,6791,0,0
121,6792,0,0
121,6793,0,0
121,6794,0,0
121,6795,0,0
121,6796,0,0
121,6797,0,0
121,6798,0,0
121,6799,0,0
121,6800,0,0
121,6801,0,0
121,6802,0,0
121,6803,0,0
121,6804,0,0
121,6805,0,0
121,6806,0,0
121,6807,0,0
121,6808,0,0
121,6809,0,0
121,6810,0,0
121,6811,0,0
121,6812,0,0
121,6813,0,0
121,6814,0,0
121,6815,0,0
121,6816,0,0
121,6817,0,0
121,6818,0,0
121,6819,0,0
121,6820,0,0
121,6821,0,0
121,6822,0,0
121,6823,0,0
121,6824,0,0
121,6825,0,0
121,6826,0,0
121,6827,0,0
121,6828,0,0
121,6829,0,0
121,6830,0,0
121,6831,0,0
121,6832,0,0
121,6833,0,0
121,6834,0,0
121,6835,0,0
121,6836,0,0
121,6837,0,0
121,6838,0,0
121,6839,0,0
121,6840,0,0
121,6841,0,0
121,6842,0,0
121,6843,0,0
121,6844,0,0
121,6845,0,0
121,6846,0,0
121,6847,0,0
121,6848,0,0
121,6849,0,0
121,6850,0,0
121,6851,0,0
121,6852,0,0
121,6853,0,0
121,6854,0,0
121,6855,0,0
121,6856,0,0
121,6857,0,0
121,6858,0,0
121,6859,0,0
121,6860,0,0
121,6861,0,0
121,6862,0,0
121,6863,0,0
121,6864,0,0
121,6865,0,0
121,6866,0,0
121,6867,0,0
121,6868,0,0
121,6869,0,0
121,6870,0,0
121,6871,0,0
121,6872,0,0
121,6873,0,0
121,6874,0,0
121,6875,0,0
121,6876,0,0
121,6877,0,0
121,6878,0,0
121,6879,0,0
121,6880,0,0
121,6881,0,0
121,6882,0,0
121,6883,0,0
121,6884,0,0
121,6885,0,0
121,6886,0,0
121,6887,0,0
121,6888,0,0
121,6889,0,0
121,6890,0,0
121,6891,0,0
121,6892,0,0
121,6893,0,0
121,6894,0,0
121,6895,0,0
121,6896,0,0
121,6897,0,0
121,6898,0,0
121,6899,0,0
121,6900,0,0
121,6901,0,0
121,6902,0,0
121,6903,0,0
121,6904,0,0
121,6905,0,0
121,6906,0,0
121,6907,0,0
121,6908,0,0
121,6909,0,0
121,6910,0,0
121,6911,0,0
121,6912,0,0
121,6913,0,0
121,6914,0,0
121,6915,0,0
121,6916,0,0
121,6917,0,0
121,6918,0,0
121,6919,0,0
121,6920,0,0
121,6921,0,0
121,6922,0,0
121,6923,0,0
121,6924,0,0
121,6925,0,0
121,6926,0,0
121,6927,0,0
121,6928,0,0
121,6929,0,0
121,6930,0,0
121,6931,0,0
121,6932,0,0
121,6933,0,0
121,6934,0,0
121,6935,0,0
121,6936,0,0
121,6937,0,0
121,6938,0,0
121,6939,0,0
121,6940,0,0
121,6941,0,0
121,6942,0,0
121,6943,0,0
121,6944,0,0
121,6945,0,0
121,6946,0,0
121,6947,0,0
121,6948,0,0
121,6949,0,0
121,6950,0,0
121,6951,0,0
121,6952,0,0
121,6953,0,0
121,6954,0,0
121,6955,0,0
121,6956,0,0
121,6957,0,0
121,6958,0,0
121,6959,0,0
121,6960,0,0
121,6961,0,0
121,6962,0,0
121,6963,0,0
121,6964,0,0
121,6965,0,0
121,6966,0,0
121,6967,0,0
121,6968,0,0
121,6969,0,0
121,6970,0,0
121,6971,0,0
121,6972,0,0
121,6973,0,0
121,6974,0,0
121,6975,0,0
121,6976,0,0
121,6977,0,0
121,6978,0,0
121,6979,0,0
121,6980,0,0
121,6981,0,0
121,6982,0,0
121,6983,0,0
121,6984,0,0
121,6985,0,0
121,6986,0,0
121,6987,0,0
121,6988,0,0
121,6989,0,0
121,6990,0,0
121,6991,0,0
121,6992,0,0
121,6993,0,0
121,6994,0,0
121,6995,0,0
121,6996,0,0
121,6997,0,0
121,6998,0,0
121,6999,0,0
121,7000,0,0
121,7001,0,0
121,7002,0,0
121,7003,0,0
121,7004,0,0
121,7005,0,0
121,7006,0,0
121,7007,0,0
121,7008,0,0
121,7009,0,0
121,7010,0,0
121,7011,0,0
121,7012,0,0
121,7013,0,0
121,7014,0,0
121,7015,0,0
121,7016,0,0
121,7017,0,0
121,7018,0,0
121,7019,0,0
121,7020,0,0
121,7021,0,0
121,7022,0,0
121,7023,0,0
121,7024,0,0
121,7025,0,0
121,7026,0,0
121,7027,0,0
121,7028,0,0
121,7029,0,0
121,7030,0,0
121,7031,0,0
121,7032,0,0
121,7033,0,0
121,7034,0,0
121,7035,0,0
121,7036,0,0
121,7037,0,0
121,7038,0,0
121,7039,0,0
121,7040,0,0
121,7041,0,0
121,7042,0,0
121,7043,0,0
121,7044,0,0
121,7045,0,0
121,7046,0,0
121,7047,0,0
121,7048,0,0
121,7049,0,0
121,7050,0,0
121,7051,0,0
121,7052,0,0
121,7053,0,0
121,7054,0,0
121,7055,0,0
121,7056,0,0
121,7057,0,0
121,7058,0,0
121,7059,0,0
121,7060,0,0
121,7061,0,0
121,7062,0,0
121,7063,0,0
121,7064,0,0
121,7065,0,0
121,7066,0,0
121,7067,0,0
121,7068,0,0
121,7069,0,0
121,7070,0,0
121,7071,0,0
121,7072,0,0
121,7073,0,0
121,7074,0,0
121,7075,0,0
121,7076,0,0
121,7077,0,0
121,7078,0,0
121,7079,0,0
121,7080,0,0
121,7081,0,0
121,7082,0,0
121,7083,0,0
121,7084,0,0
121,7085,0,0
122,7086,0,0
122,7087,0,0
122,7088,0,0
122,7089,0,0
122,7090,0,0
122,7091,0,0
122,7092,0,0
122,7093,0,0
122,7094,0,0
122,7095,0,0
122,7096,0,0
122,7097,0,0
122,7098,0,0
122,7099,0,0
122,7100,0,0
122,7101,0,0
122,7102,0,0
122,7103,0,0
122,7104,0,0
122,7105,0,0
122,7106,0,0
122,7107,0,0
122,7108,0,0
122,7109,0,0
122,7110,0,0
122,7111,0,0
122,7112,0,0
122,7113,0,0
122,7114,0,0
122,7115,0,0
122,7116,0,0
122,7117,0,0
122,7118,0,0
122,7119,0,0
122,7120,0,0
122,7121,0,0
122,7122,0,0
122,7123,0,0
122,7124,0,0
122,7125,0,0
122,7126,0,0
122,7127,0,0
122,7128,0,0
122,7129,0,0
122,7130,0,0
122,7131,0,0
122,7132,0,0
122,7133,0,0
122,7134,0,0
122,7135,0,0
122,7136,0,0
122,7137,0,0
122,7138,0,0
122,7139,0,0
122,7140,0,0
122,7141,0,0
122,7142,0,0
122,7143,0,0
122,7144,0,0
122,7145,0,0
122,7146,0,0
122,7147,0,0
122,7148,0,0
122,7149,0,0
122,7150,0,0
122,7151,0,0
122,7152,0,0
122,7153,0,0
122,7154,0,0
122,7155,0,0
122,7156,0,0
122,7157,0,0
122,7158,0,0
122,7159,0,0
122,7160,0,0
122,7161,0,0
122,7162,0,0
122,7163,0,0
122,7164,0,0
122,7165,0,0
122,7166,0,0
122,7167,0,0
122,7168,0,0
122,7169,0,0
122,7170,0,0
122,7171,0,0
122,7172,0,0
122,7173,0,0
122,7174,0,0
122,7175,0,0
122,7176,0,0
122,7177,0,0
122,7178,0,0
122,7179,0,0
122,7180,0,0
122,7181,0,0
122,7182,0,0
122,7183,0,0
122,7184,0,0
122,7185,0,0
122,7186,0,0
122,7187,0,0
122,7188,0,0
122,7189,0,0
122,7190,0,0
122,7191,0,0
122,7192,0,0
122,7193,0,0
122,7194,0,0
122,7195,0,0
122,7196,0,0
122,7197,0,3
122,7198,0,0
122,7199,0,0
122,7200,0,0
122,7201,0,0
122,7202,0,0
122,7203,0,0
122,7204,0,0
122,7205,0,0
122,7206,0,0
122,7207,0,0
122,7208,0,0
122,7209,0,0
122,7210,0,0
122,7211,0,0
122,7212,0,0
122,7213,0,0
122,7214,0,0
122,7215,0,0
122,7216,0,0
122,7217,0,0
122,7218,0,0
122,7219,0,0
122,7220,0,0
122,7221,0,0
122,7222,0,0
122,7223,0,0
122,7224,0,0
122,7225,0,0
122,7226,0,0
122,7227,0,0
122,7228,0,0
122,7229,0,0
122,7230,0,0
122,7231,0,0
122,7232,0,0
122,7233,0,0
122,7234,0,0
122,7235,0,0
122,7236,0,0
122,7237,0,0
122,7238,0,0
122,7239,0,0
122,7240,0,0
122,7241,0,0
122,7242,0,0
122,7243,0,0
122,7244,0,0
122,7245,0,0
122,7246,0,0
122,7247,0,0
122,7248,0,0
122,7249,0,0
122,7250,0,0
122,7251,0,0
122,7252,0,0
122,7253,0,0
122,7254,0,0
122,7255,0,0
122,7256,0,0
122,7257,0,0
122,7258,0,0
122,7259,0,0
122,7260,0,0
122,7261,0,0
122,7262,0,0
122,7263,0,0
122,7264,0,0
122,7265,0,0
122,7266,0,0
122,7267,0,0
122,7268,0,0
122,7269,0,0
122,7270,0,0
122,7271,0,0
122,7272,0,0
122,7273,0,0
122,7274,0,0
122,7275,0,0
122,7276,0,0
122,7277,0,0
122,7278,0,0
122,7279,0,0
122,7280,0,0
122,7281,0,0
122,7282,0,0
122,7283,0,0
122,7284,0,0
122,7285,0,0
122,7286,0,0
122,7287,0,0
122,7288,0,0
122,7289,0,0
122,7290,0,0
122,7291,0,0
122,7292,0,0
122,7293,0,0
122,7294,0,0
122,7295,0,0
122,7296,0,0
122,7297,0,0
122,7298,0,0
122,7299,0,0
122,7300,0,0
122,7301,0,0
122,7302,0,0
122,7303,0,0
122,7304,0,0
122,7305,0,0
122,7306,0,0
122,7307,0,0
122,7308,0,0
122,7309,0,0
122,7310,0,0
122,7311,0,0
122,7312,0,0
122,7313,0,0
122,7314,0,0
122,7315,0,0
122,7316,0,0
122,7317,0,0
122,7318,0,0
122,7319,0,0
122,7320,0,0
122,7321,0,0
122,7322,0,0
122,7323,0,0
122,7324,0,0
122,7325,0,0
122,7326,0,0
122,7327,0,0
122,7328,0,0
122,7329,0,0
122,7330,0,0
122,7331,0,0
122,7332,0,0
122,7333,0,0
122,7334,0,0
122,7335,0,0
122,7336,0,0
122,7337,0,0
122,7338,0,0
122,7339,0,0
122,7340,0,0
122,7341,0,0
122,7342,0,0
122,7343,0,0
122,7344,0,0
122,7345,0,0
122,7346,0,0
122,7347,0,0
122,7348,0,0
122,7349,0,0
122,7350,0,0
122,7351,0,0
122,7352,0,0
122,7353,0,0
122,7354,0,0
122,7355,0,0
122,7356,0,0
122,7357,0,0
122,7358,0,0
122,7359,0,0
122,7360,0,0
122,7361,0,0
122,7362,0,0
122,7363,0,0
122,7364,0,0
122,7365,0,0
122,7366,0,0
122,7367,0,0
122,7368,0,0
122,7369,0,0
122,7370,0,0
122,7371,0,0
122,7372,0,0
122,7373,0,0
122,7374,0,0
122,7375,0,0
122,7376,0,0
122,7377,0,0
122,7378,0,0
122,7379,0,0
122,7380,0,0
122,7381,0,0
122,7382,0,0
122,7383,0,0
122,7384,0,0
122,7385,0,0
122,7386,0,0
122,7387,0,0
122,7388,0,0
122,7389,0,0
122,7390,0,0
122,7391,0,0
122,7392,0,0
122,7393,0,0
122,7394,0,0
122,7395,0,0
122,7396,0,0
122,7397,0,0
122,7398,0,0
122,7399,0,0
122,7400,0,0
122,7401,0,0
122,7402,0,0
122,7403,0,0
122,7404,0,0
122,7405,0,0
122,7406,0,0
122,7407,0,0
122,7408,0,0
122,7409,0,0
122,7410,0,0
122,7411,0,0
122,7412,0,0
122,7413,0,0
122,7414,0,0
122,7415,0,0
122,7416,0,0
122,7417,0,0
122,7418,0,0
122,7419,0,0
122,7420,0,0
122,7421,0,0
122,7422,0,0
122,7423,0,0
122,7424,0,0
122,7425,0,0
122,7426,0,0
122,7427,0,0
122,7428,0,0
122,7429,0,0
122,7430,0,0
122,7431,0,0
122,7432,0,0
122,7433,0,0
122,7434,0,0
122,7435,0,0
122,7436,0,0
122,7437,0,0
122,7438,0,0
122,7439,0,0
122,7440,0,0
122,7441,0,0
122,7442,0,0
122,7443,0,0
122,7444,0,0
122,7445,0,0
122,7446,0,0
122,7447,0,0
122,7448,0,0
122,7449,0,0
122,7450,0,0
122,7451,0,0
122,7452,0,0
122,7453,0,0
122,7454,0,0
122,7455,0,0
122,7456,0,0
122,7457,0,0
122,7458,0,0
122,7459,0,0
122,7460,0,0
122,7461,0,0
122,7462,0,0
122,7463,0,0
122,7464,0,0
122,7465,0,0
122,7466,0,0
122,7467,0,0
122,7468,0,0
122,7469,0,0
122,7470,0,0
122,7471,0,0
122,7472,0,0
122,7473,0,0
122,7474,0,0
122,7475,0,0
122,7476,0,0
122,7477,0,0
122,7478,0,0
122,7479,0,0
122,7480,0,0
122,7481,0,0
122,7482,0,0
122,7483,0,0
122,7484,0,0
122,7485,0,0
122,7486,0,0
122,7487,0,0
122,7488,0,0
122,7489,0,0
122,7490,0,0
122,7491,0,0
122,7492,0,0
122,7493,0,0
122,7494,0,0
122,7495,0,0
122,7496,0,0
122,7497,0,0
122,7498,0,0
122,7499,0,0
122,7500,0,0
122,7501,0,0
122,7502,0,0
122,7503,0,0
122,7504,0,0
122,7505,0,0
122,7506,0,0
122,7507,0,0
122,7508,0,0
122,7509,0,0
122,7510,0,0
122,7511,0,0
122,7512,0,0
122,7513,0,0
122,7514,0,0
122,7515,0,0
122,7516,0,0
122,7517,0,0
122,7518,0,0
122,7519,0,0
122,7520,0,0
122,7521,0,0
122,7522,0,0
122,7523,0,0
122,7524,0,0
122,7525,0,0
122,7526,0,0
122,7527,0,0
122,7528,0,0
122,7529,0,0
122,7530,0,0
122,7531,0,0
122,7532,0,0
122,7533,0,0
122,7534,0,0
122,7535,0,0
122,7536,0,0
122,7537,0,0
122,7538,0,0
122,7539,0,0
122,7540,0,0
122,7541,0,0
122,7542,0,0
122,7543,0,0
122,7544,0,0
122,7545,0,0
122,7546,0,0
122,7547,0,0
122,7548,0,0
122,7549,0,0
122,7550,0,0
122,7551,0,0
122,7552,0,0
122,7553,0,0
122,7554,0,0
122,7555,0,0
122,7556,0,0
122,7557,0,0
122,7558,0,0
122,7559,0,0
122,7560,0,0
122,7561,0,0
122,7562,0,0
122,7563,0,0
122,7564,0,0
123,7565,0,0
123,7566,0,0
123,7567,0,0
123,7568,0,0
123,7569,0,0
123,7570,0,0
123,7571,0,0
123,7572,0,0
123,7573,0,0
123,7574,0,0
123,7575,0,0
123,7576,0,0
123,7577,0,0
123,7578,0,0
123,7579,0,0
123,7580,0,0
123,7581,0,0
123,7582,0,0
123,7583,0,0
123,7584,0,0
123,7585,0,0
123,7586,0,0
123,7587,0,0
123,7588,0,0
123,7589,0,0
123,7590,0,0
123,7591,0,0
123,7592,0,0
123,7593,0,0
123,7594,0,0
123,7595,0,0
123,7596,0,0
123,7597,0,0
123,7598,0,0
123,7599,0,0
123,7600,0,0
123,7601,0,0
123,7602,0,0
123,7603,0,0
123,7604,0,0
123,7605,0,0
123,7606,0,0
123,7607,0,0
123,7608,0,0
123,7609,0,0
123,7610,0,0
123,7611,0,0
123,7612,0,0
123,7613,0,0
123,7614,0,0
123,7615,0,0
123,7616,0,0
123,7617,0,0
123,7618,0,0
123,7619,0,0
123,7620,0,0
123,7621,0,0
123,7622,0,0
123,7623,0,0
123,7624,0,0
123,7625,0,0
123,7626,0,0
123,7627,0,0
123,7628,0,0
123,7629,0,0
123,7630,0,0
123,7631,0,0
123,7632,0,0
123,7633,0,0
123,7634,0,0
123,7635,0,0
123,7636,0,0
123,7637,0,0
123,7638,0,0
123,7639,0,0
123,7640,0,0
123,7641,0,0
123,7642,0,0
123,7643,0,0
123,7644,0,0
123,7645,0,0
123,7646,0,0
123,7647,0,0
123,7648,0,0
123,7649,0,0
123,7650,0,0
123,7651,0,0
123,7652,0,0
123,7653,0,0
123,7654,0,0
123,7655,0,0
123,7656,0,0
123,7657,0,0
123,7658,0,0
123,7659,0,0
123,7660,0,0
123,7661,0,0
123,7662,0,0
123,7663,0,0
123,7664,0,0
123,7665,0,0
123,7666,0,0
123,7667,0,0
123,7668,0,0
123,7669,0,0
123,7670,0,0
123,7671,0,0
123,7672,0,0
123,7673,0,0
123,7674,0,0
123,7675,0,0
123,7676,0,0
123,7677,0,0
123,7678,0,0
123,7679,0,0
123,7680,0,0
123,7681,0,0
123,7682,0,0
123,7683,0,0
123,7684,0,0
123,7685,0,0
123,7686,0,0
123,7687,0,0
123,7688,0,0
123,7689,0,0
123,7690,0,0
123,7691,0,0
123,7692,0,0
123,7693,0,0
123,7694,0,0
123,7695,0,0
123,7696,0,0
123,7697,0,0
123,7698,0,0
123,7699,0,0
123,7700,0,0
123,7701,0,0
123,7702,0,0
123,7703,0,0
123,7704,0,0
123,7705,0,0
123,7706,0,0
123,7707,0,0
123,7708,0,0
123,7709,0,0
123,7710,0,0
123,7711,0,0
123,7712,0,0
123,7713,0,0
123,7714,0,0
123,7715,0,0
123,7716,0,0
123,7717,0,0
123,7718,0,0
123,7719,0,0
123,7720,0,0
123,7721,0,0
123,7722,0,0
123,7723,0,0
123,7724,0,0
123,7725,0,0
123,7726,0,0
123,7727,0,0
123,7728,0,0
123,7729,0,0
123,7730,0,0
123,7731,0,0
123,7732,0,0
123,7733,0,0
123,7734,0,0
123,7735,0,0
123,7736,0,0
123,7737,0,0
123,7738,0,0
123,7739,0,0
123,7740,0,0
123,7741,0,0
123,7742,0,0
123,7743,0,0
123,7744,0,0
123,7745,0,0
123,7746,0,0
123,7747,0,0
123,7748,0,0
123,7749,0,0
123,7750,0,0
123,7751,0,0
123,7752,0,0
123,7753,0,0
123,7754,0,0
123,7755,0,0
123,7756,0,0
123,7757,0,0
123,7758,0,0
123,7759,0,0
123,7760,0,0
123,7761,0,0
123,7762,0,0
123,7763,0,0
123,7764,0,0
123,7765,0,0
123,7766,0,0
123,7767,0,0
123,7768,0,0
123,7769,0,0
123,7770,0,0
123,7771,0,0
123,7772,0,0
123,7773,0,0
123,7774,0,0
123,7775,0,0
123,7776,0,0
123,7777,0,0
123,7778,0,0
123,7779,0,0
123,7780,0,0
123,7781,0,0
123,7782,0,0
123,7783,0,0
123,7784,0,0
123,7785,0,0
123,7786,0,0
123,7787,0,0
123,7788,0,0
123,7789,0,0
123,7790,0,0
123,7791,0,0
123,7792,0,0
123,7793,0,0
123,7794,0,0
123,7795,0,0
123,7796,0,0
123,7797,0,0
123,7798,0,0
123,7799,0,0
123,7800,0,0
123,7801,0,0
123,7802,0,0
123,7803,0,0
123,7804,0,0
123,7805,0,0
123,7806,0,0
123,7807,0,0
123,7808,0,0
123,7809,0,0
123,7810,0,0
123,7811,0,0
123,7812,0,0
123,7813,0,0
123,7814,0,0
123,7815,0,0
123,7816,0,0
123,7817,0,0
123,7818,0,0
123,7819,0,0
123,7820,0,0
123,7821,0,0
123,7822,0,0
123,7823,0,0
123,7824,0,0
123,7825,0,0
123,7826,0,0
123,7827,0,0
123,7828,0,0
123,7829,0,0
123,7830,0,0
123,7831,0,0
123,7832,0,0
123,7833,0,0
123,7834,0,0
123,7835,0,0
123,7836,0,0
123,7837,0,0
123,7838,0,0
123,7839,0,0
123,7840,0,0
123,7841,0,0
123,7842,0,0
123,7843,0,0
123,7844,0,0
123,7845,0,0
123,7846,0,0
124,7847,0,0
124,7848,0,0
124,7849,0,0
124,7850,0,0
124,7851,0,0
124,7852,0,0
124,7853,0,0
124,7854,0,0
124,7855,0,0
124,7856,0,0
124,7857,0,0
124,7858,0,0
124,7859,0,0
124,7860,0,0
124,7861,0,0
124,7862,0,0
124,7863,0,0
124,7864,0,0
124,7865,0,0
124,7866,0,0
124,7867,0,0
124,7868,0,0
124,7869,0,0
124,7870,0,0
124,7871,0,0
124,7872,0,0
124,7873,0,0
124,7874,0,0
124,7875,0,0
124,7876,0,0
124,7877,0,0
124,7878,0,0
124,7879,0,0
124,7880,0,0
124,7881,0,0
124,7882,0,0
124,7883,0,0
124,7884,0,0
124,7885,0,0
124,7886,0,0
124,7887,1,0
124,7888,1,0
124,7889,1,0
124,7890,1,0
124,7891,1,0
124,7892,3,0
124,7893,2,0
124,7894,2,0
124,7895,1,0
124,7896,0,0
124,7897,0,0
124,7898,0,0
124,7899,0,0
124,7900,0,0
124,7901,0,0
124,7902,0,0
124,7903,0,0
124,7904,0,0
124,7905,0,0
124,7906,0,0
124,7907,0,0
124,7908,0,0
124,7909,0,0
124,7910,0,0
124,7911,0,0
124,7912,0,0
124,7913,0,0
124,7914,0,0
124,7915,0,0
124,7916,0,0
124,7917,0,0
124,7918,0,0
124,7919,0,0
124,7920,0,0
124,7921,0,0
124,7922,0,0
124,7923,0,0
124,7924,0,0
124,7925,0,0
124,7926,0,0
124,7927,0,0
124,7928,0,0
124,7929,0,0
124,7930,0,0
124,7931,0,0
124,7932,0,0
124,7933,0,0
124,7934,0,0
124,7935,0,0
124,7936,0,0
124,7937,0,0
124,7938,0,0
124,7939,0,0
124,7940,0,0
124,7941,0,0
124,7942,0,0
124,7943,0,0
124,7944,0,0
124,7945,0,0
124,7946,0,0
124,7947,0,0
124,7948,0,0
124,7949,0,0
124,7950,0,0
124,7951,0,0
124,7952,2,0
124,7953,0,0
124,7954,0,0
124,7955,0,0
124,7956,0,0
124,7957,0,0
124,7958,0,0
124,7959,0,0
124,7960,0,0
124,7961,0,0
124,7962,0,0
124,7963,0,0
124,7964,0,0
124,7965,0,0
124,7966,0,0
124,7967,0,0
124,7968,0,0
124,7969,0,0
124,7970,0,0
124,7971,0,0
124,7972,0,0
124,7973,0,0
124,7974,0,0
124,7975,0,0
124,7976,0,0
124,7977,0,0
124,7978,0,0
124,7979,0,0
124,7980,0,0
124,7981,0,0
124,7982,0,0
124,7983,0,0
124,7984,0,0
124,7985,0,0
124,7986,0,0
124,7987,0,0
124,7988,0,0
124,7989,0,0
124,7990,0,0
124,7991,0,0
124,7992,0,0
124,7993,0,0
124,7994,0,0
124,7995,0,0
124,7996,0,0
124,7997,0,0
124,7998,0,0
124,7999,0,0
124,8000,0,0
124,8001,0,0
124,8002,0,0
124,8003,0,0
124,8004,0,0
124,8005,0,0
124,8006,0,0
124,8007,0,0
124,8008,0,0
124,8009,0,0
124,8010,0,0
124,8011,0,0
124,8012,0,0
124,8013,0,0
124,8014,0,0
124,8015,0,0
124,8016,0,0
124,8017,2,0
124,8018,2,0
124,8019,0,0
124,8020,0,0
124,8021,0,0
124,8022,0,0
124,8023,0,0
124,8024,0,0
124,8025,0,0
124,8026,0,0
124,8027,0,0
124,8028,0,0
124,8029,0,0
124,8030,0,0
124,8031,0,0
124,8032,0,0
124,8033,0,0
124,8034,0,0
124,8035,0,0
124,8036,0,0
124,8037,0,0
124,8038,0,0
124,8039,0,0
124,8040,0,0
124,8041,0,0
124,8042,0,0
124,8043,0,0
124,8044,0,0
124,8045,0,0
124,8046,0,0
124,8047,0,0
124,8048,0,0
124,8049,0,0
124,8050,0,0
124,8051,0,0
124,8052,0,0
124,8053,0,0
124,8054,0,0
124,8055,0,0
124,8056,0,0
124,8057,0,0
124,8058,0,0
124,8059,0,0
124,8060,0,0
124,8061,0,0
124,8062,0,0
124,8063,0,0
124,8064,0,0
124,8065,0,0
124,8066,0,0
124,8067,0,0
124,8068,2,2
124,8069,0,0
124,8070,0,0
124,8071,0,0
124,8072,0,0
124,8073,0,0
124,8074,0,0
124,8075,0,0
124,8076,0,0
124,8077,0,0
124,8078,0,0
124,8079,0,0
124,8080,0,0
124,8081,0,0
124,8082,0,0
124,8083,0,0
124,8084,0,0
124,8085,0,0
124,8086,0,0
124,8087,0,0
124,8088,0,0
124,8089,0,0
124,8090,0,0
124,8091,0,0
124,8092,0,0
124,8093,0,0
124,8094,0,0
124,8095,0,0
124,8096,0,0
124,8097,0,0
124,8098,0,0
124,8099,0,0
124,8100,0,0
124,8101,0,0
124,8102,0,0
124,8103,0,0
124,8104,0,0
124,8105,0,0
124,8106,0,0
124,8107,0,0
124,8108,0,0
124,8109,0,0
124,8110,0,0
124,8111,0,0
124,8112,0,0
124,8113,0,0
124,8114,0,0
124,8115,0,0
124,8116,0,0
124,8117,0,0
124,8118,0,0
124,8119,0,0
124,8120,0,0
124,8121,0,0
124,8122,0,0
124,8123,0,0
124,8124,0,0
124,8125,0,0
124,8126,0,0
124,8127,0,0
124,8128,0,0
124,8129,0,0
124,8130,0,0
124,8131,0,0
124,8132,0,0
124,8133,0,0
124,8134,0,0
124,8135,0,0
124,8136,0,0
124,8137,0,0
124,8138,0,0
124,8139,0,0
124,8140,0,0
124,8141,0,0
124,8142,0,0
124,8143,0,0
200,8144,2,2
200,8145,0,0
200,8146,2,2
200,8147,2,2
200,8148,0,0
200,8149,0,0
200,8150,0,0
200,8151,0,0
200,8152,0,0
200,8153,0,0
200,8154,0,0
200,8155,2,2
200,8156,0,0
200,8157,0,0
200,8158,2,2
200,8159,0,0
200,8160,0,0
200,8161,0,0
200,8162,2,2
200,8163,0,0
200,8164,2,0
200,8165,0,0
200,8166,0,0
200,8167,2,2
200,8168,0,0
200,8169,0,0
200,8170,0,0
200,8171,2,2
200,8172,2,2
200,8173,2,2
200,8174,2,0
200,8175,2,2
200,8176,0,0
200,8177,0,0
200,8178,0,0
200,8179,0,0
200,8180,0,0
200,8181,0,0
200,8182,0,0
200,8183,0,0
200,8184,0,0
200,8185,0,0
200,8186,0,0
200,8187,0,0
200,8188,0,0
200,8189,0,0
200,8190,0,0
200,8191,0,0
200,8192,2,0
200,8193,2,2
200,8194,2,2
200,8195,0,0
200,8196,0,0
200,8197,0,0
200,8198,2,2
200,8199,2,2
200,8200,0,0
200,8201,0,0
200,8202,1,0
200,8203,0,0
200,8204,0,0
200,8205,0,0
200,8206,0,0
200,8207,0,0
200,8208,2,1
200,8209,2,2
200,8210,0,0
200,8211,2,2
200,8212,0,0
200,8213,0,0
200,8214,0,0
200,8215,0,0
200,8216,2,2
200,8217,0,0
200,8218,0,0
200,8219,0,0
200,8220,2,2
200,8221,0,0
200,8222,0,0
200,8223,2,2
200,8224,2,1
200,8225,0,0
200,8226,0,0
200,8227,0,0
200,8228,0,0
200,8229,0,0
200,8230,0,0
200,8231,0,0
200,8232,2,2
200,8233,0,1
200,8234,0,0
200,8235,0,0
200,8236,0,0
200,8237,0,0
200,8238,2,2
200,8239,2,2
200,8240,0,0
200,8241,0,0
200,8242,0,0
200,8243,0,0
200,8244,2,0
200,8245,0,0
200,8246,0,0
200,8247,0,0
200,8248,0,0
200,8249,0,0
200,8250,0,0
200,8251,0,0
200,8252,0,2
200,8253,0,0
200,8254,0,0
200,8255,0,0
200,8256,0,0
200,8257,0,0
200,8258,0,0
200,8259,2,2
200,8260,2,2
200,8261,0,0
200,8262,0,0
200,8263,0,0
200,8264,0,0
200,8265,0,0
200,8266,0,0
200,8267,0,0
200,8268,0,0
200,8269,0,0
200,8270,2,2
200,8271,0,0
200,8272,0,0
200,8273,2,2
200,8274,0,0
200,8275,0,0
200,8276,2,2
200,8277,0,0
200,8278,0,0
200,8279,2,0
200,8280,2,2
200,8281,2,2
200,8282,2,2
200,8283,0,0
200,8284,2,0
200,8285,0,0
200,8286,0,0
200,8287,0,0
200,8288,0,0
200,8289,2,0
200,8290,0,0
200,8291,0,0
200,8292,0,0
200,8293,2,2
200,8294,0,0
200,8295,2,2
200,8296,0,0
200,8297,0,0
200,8298,0,0
200,8299,0,0
200,8300,0,0
200,8301,2,2
200,8302,2,2
200,8303,0,0
200,8304,0,0
200,8305,0,0
200,8306,0,0
200,8307,0,0
200,8308,2,2
200,8309,2,2
200,8310,2,2
200,8311,2,0
200,8312,2,2
200,8313,2,2
200,8314,0,1
200,8315,2,0
200,8316,2,0
200,8317,0,0
200,8318,0,0
200,8319,0,0
200,8320,0,0
200,8321,0,0
200,8322,1,0
200,8323,0,0
200,8324,2,2
200,8325,2,2
200,8326,0,0
200,8327,0,0
200,8328,2,2
200,8329,0,0
200,8330,0,0
200,8331,2,1
200,8332,0,0
200,8333,2,1
200,8334,0,0
200,8335,0,0
200,8336,0,0
200,8337,0,0
200,8338,2,2
200,8339,0,0
200,8340,2,2
200,8341,2,2
200,8342,2,2
200,8343,0,0
200,8344,0,0
200,8345,2,2
200,8346,0,0
200,8347,0,0
200,8348,0,0
200,8349,0,1
200,8350,0,0
200,8351,0,0
200,8352,0,0
200,8353,0,0
200,8354,2,2
200,8355,2,2
200,8356,0,0
200,8357,0,0
200,8358,2,2
200,8359,0,0
200,8360,0,0
200,8361,0,0
200,8362,0,0
200,8363,2,2
200,8364,1,0
200,8365,2,2
200,8366,0,0
200,8367,0,0
200,8368,0,0
200,8369,0,0
200,8370,0,0
200,8371,0,0
200,8372,0,0
200,8373,1,0
200,8374,0,0
200,8375,2,2
200,8376,2,2
200,8377,0,0
200,8378,2,2
200,8379,0,0
200,8380,2,1
200,8381,2,0
200,8382,0,0
200,8383,2,2
200,8384,2,2
200,8385,0,0
200,8386,2,2
200,8387,0,0
200,8388,0,0
200,8389,2,2
200,8390,0,0
200,8391,2,2
200,8392,0,0
200,8393,0,0
200,8394,0,0
200,8395,0,0
200,8396,0,0
200,8397,0,0
200,8398,0,0
200,8399,0,0
200,8400,0,0
200,8401,0,0
200,8402,2,2
200,8403,0,0
200,8404,0,0
200,8405,0,0
200,8406,0,0
200,8407,0,0
200,8408,0,0
200,8409,0,0
200,8410,0,0
200,8411,2,2
200,8412,0,0
200,8413,0,0
200,8414,0,0
200,8415,0,0
200,8416,0,0
200,8417,0,0
200,8418,0,0
200,8419,0,0
200,8420,0,0
200,8421,0,0
200,8422,0,0
200,8423,0,0
200,8424,2,0
200,8425,0,0
200,8426,0,0
200,8427,0,0
200,8428,0,0
200,8429,2,2
200,8430,1,0
200,8431,0,0
200,8432,0,0
200,8433,0,0
200,8434,0,1
200,8435,2,1
200,8436,0,0
200,8437,0,0
200,8438,2,1
200,8439,0,0
200,8440,0,0
200,8441,0,0
200,8442,0,0
200,8443,0,0
200,8444,2,2
200,8445,0,0
200,8446,2,2
200,8447,2,2
200,8448,2,0
200,8449,2,0
200,8450,2,2
200,8451,2,2
200,8452,0,0
200,8453,2,2
200,8454,0,0
200,8455,2,0
200,8456,0,0
200,8457,0,0
200,8458,0,0
200,8459,0,0
200,8460,2,2
200,8461,2,2
200,8462,2,2
200,8463,0,0
200,8464,2,2
200,8465,2,2
200,8466,0,0
200,8467,2,2
200,8468,2,0
200,8469,2,2
200,8470,0,0
200,8471,2,2
200,8472,2,0
200,8473,0,0
200,8474,0,0
200,8475,0,0
200,8476,2,2
200,8477,2,2
200,8478,2,2
200,8479,0,0
200,8480,0,0
200,8481,0,0
200,8482,0,0
200,8483,0,0
200,8484,0,0
200,8485,0,0
200,8486,2,2
200,8487,0,0
200,8488,2,2
200,8489,0,0
200,8490,0,0
200,8491,0,0
200,8492,0,0
200,8493,2,2
200,8494,0,0
200,8495,0,0
200,8496,0,0
200,8497,2,2
200,8498,2,2
200,8499,0,0
200,8500,0,0
200,8501,2,2
200,8502,0,0
200,8503,2,1
200,8504,0,0
200,8505,0,0
200,8506,2,2
200,8507,0,0
200,8508,0,0
200,8509,2,2
200,8510,0,0
200,8511,2,2
200,8512,0,0
200,8513,2,2
200,8514,0,0
200,8515,0,0
200,8516,0,0
200,8517,0,0
200,8518,2,2
200,8519,0,0
200,8520,0,0
200,8521,2,2
200,8522,0,0
200,8523,2,2
200,8524,0,0
200,8525,2,2
200,8526,2,2
200,8527,0,0
200,8528,0,0
200,8529,0,0
200,8530,0,0
200,8531,0,0
200,8532,0,0
200,8533,2,0
200,8534,2,2
200,8535,0,0
200,8536,0,0
200,8537,0,0
200,8538,2,2
200,8539,0,0
200,8540,2,0
200,8541,2,2
200,8542,0,0
200,8543,0,0
200,8544,0,0
200,8545,2,2
200,8546,2,2
200,8547,0,0
200,8548,0,0
200,8549,2,2
200,8550,0,0
200,8551,2,0
200,8552,0,0
200,8553,2,2
200,8554,0,0
200,8555,0,0
200,8556,2,2
200,8557,0,0
200,8558,2,2
200,8559,0,0
200,8560,2,2
200,8561,2,2
200,8562,0,0
200,8563,2,2
200,8564,0,0
200,8565,0,0
200,8566,0,0
200,8567,2,2
200,8568,0,0
200,8569,0,0
200,8570,0,0
200,8571,0,0
200,8572,2,2
200,8573,0,0
200,8574,0,0
200,8575,1,0
200,8576,0,0
200,8577,2,2
200,8578,2,2
200,8579,2,0
200,8580,2,2
200,8581,2,1
200,8582,2,2
200,8583,0,0
200,8584,0,0
200,8585,0,0
200,8586,0,0
200,8587,1,0
200,8588,0,0
200,8589,0,0
200,8590,0,0
200,8591,0,0
200,8592,0,0
200,8593,2,2
200,8594,0,0
200,8595,0,0
200,8596,1,0
200,8597,0,0
200,8598,0,0
200,8599,0,0
200,8600,0,0
200,8601,0,0
200,8602,0,0
200,8603,2,0
200,8604,0,0
200,8605,0,0
200,8606,0,0
200,8607,2,2
200,8608,0,0
200,8609,0,0
200,8610,0,0
200,8611,0,0
200,8612,1,0
200,8613,0,0
200,8614,0,0
200,8615,0,0
200,8616,2,0
200,8617,2,2
200,8618,2,2
200,8619,2,2
200,8620,0,0
200,8621,0,0
200,8622,0,0
200,8623,0,0
200,8624,2,2
200,8625,0,0
200,8626,2,2
200,8627,2,2
200,8628,0,0
200,8629,0,0
200,8630,0,0
200,8631,0,0
200,8632,0,0
200,8633,0,0
200,8634,0,0
200,8635,0,0
200,8636,0,0
200,8637,2,2
200,8638,0,0
201,8639,0,0
201,8640,0,0
201,8641,0,0
201,8642,0,0
201,8643,0,0
201,8644,0,0
201,8645,0,0
201,8646,0,0
201,8647,0,0
201,8648,0,0
201,8649,0,0
201,8650,0,0
201,8651,0,0
201,8652,0,0
201,8653,0,0
201,8654,0,0
201,8655,0,0
201,8656,0,0
201,8657,0,0
201,8658,0,0
201,8659,0,0
201,8660,0,0
201,8661,0,0
201,8662,0,0
201,8663,0,0
201,8664,0,0
201,8665,0,0
201,8666,0,0
201,8667,0,0
201,8668,0,0
201,8669,0,0
201,8670,0,0
201,8671,0,0
201,8672,0,0
201,8673,0,0
201,8674,0,0
201,8675,0,0
201,8676,0,0
201,8677,0,0
201,8678,0,0
201,8679,0,0
201,8680,0,0
201,8681,0,0
201,8682,0,0
201,8683,0,0
201,8684,0,0
201,8685,0,0
201,8686,0,0
201,8687,0,0
201,8688,0,0
201,8689,0,0
201,8690,0,0
201,8691,0,0
201,8692,0,0
201,8693,0,0
201,8694,0,0
201,8695,0,0
201,8696,0,0
201,8697,0,0
201,8698,0,0
201,8699,0,0
201,8700,0,0
201,8701,0,0
201,8702,0,0
201,8703,0,0
201,8704,0,0
201,8705,0,0
201,8706,0,0
201,8707,0,1
201,8708,0,0
201,8709,0,0
201,8710,0,0
201,8711,0,0
201,8712,0,0
201,8713,0,0
201,8714,0,0
201,8715,0,0
201,8716,0,0
201,8717,0,0
201,8718,0,0
201,8719,0,0
201,8720,0,0
201,8721,0,0
201,8722,0,0
201,8723,0,0
201,8724,0,0
201,8725,0,0
201,8726,0,0
201,8727,0,0
201,8728,0,0
201,8729,0,0
201,8730,0,0
201,8731,0,0
201,8732,0,0
201,8733,0,0
201,8734,0,0
201,8735,0,0
201,8736,0,0
201,8737,0,0
201,8738,0,0
201,8739,0,0
201,8740,0,0
201,8741,0,0
201,8742,0,0
201,8743,0,0
201,8744,0,0
201,8745,0,0
201,8746,0,0
201,8747,0,0
201,8748,0,0
201,8749,0,0
201,8750,0,0
201,8751,0,0
201,8752,0,0
201,8753,0,0
201,8754,0,0
201,8755,2,2
201,8756,1,0
201,8757,0,0
201,8758,0,0
201,8759,0,0
201,8760,1,0
201,8761,0,0
201,8762,0,0
201,8763,1,2
201,8764,0,0
201,8765,0,0
201,8766,0,0
201,8767,0,0
201,8768,0,0
201,8769,0,0
201,8770,0,1
201,8771,0,0
201,8772,0,0
201,8773,0,0
201,8774,0,0
201,8775,0,0
201,8776,1,1
201,8777,0,0
201,8778,0,0
201,8779,0,0
201,8780,0,0
201,8781,0,0
201,8782,0,0
201,8783,2,2
201,8784,0,0
201,8785,2,2
201,8786,0,0
201,8787,2,2
201,8788,0,0
201,8789,2,2
201,8790,0,0
201,8791,0,0
201,8792,2,2
201,8793,0,0
201,8794,0,0
201,8795,2,0
201,8796,0,0
201,8797,0,0
201,8798,0,0
201,8799,0,0
201,8800,0,0
201,8801,0,0
201,8802,2,2
201,8803,0,0
201,8804,0,0
201,8805,0,0
201,8806,0,0
201,8807,0,0
201,8808,0,0
201,8809,0,0
201,8810,0,0
201,8811,0,0
201,8812,2,1
201,8813,0,0
201,8814,1,2
201,8815,0,0
201,8816,0,0
201,8817,0,0
201,8818,0,0
201,8819,1,0
201,8820,2,2
201,8821,0,0
201,8822,2,1
201,8823,2,2
201,8824,0,0
201,8825,2,2
201,8826,0,0
201,8827,0,0
201,8828,0,0
201,8829,0,0
201,8830,0,0
201,8831,2,1
201,8832,0,0
201,8833,2,1
201,8834,2,2
201,8835,0,0
201,8836,2,2
201,8837,2,2
201,8838,0,0
201,8839,0,0
201,8840,0,0
201,8841,0,0
201,8842,0,0
201,8843,0,0
201,8844,2,1
201,8845,0,0
201,8846,0,0
201,8847,2,2
201,8848,0,0
201,8849,2,1
201,8850,0,0
201,8851,0,0
201,8852,2,2
201,8853,2,1
201,8854,2,1
201,8855,0,0
201,8856,0,0
201,8857,0,0
201,8858,2,2
201,8859,0,0
201,8860,0,0
201,8861,1,2
201,8862,0,0
201,8863,0,0
201,8864,0,0
201,8865,0,0
201,8866,0,0
201,8867,0,0
201,8868,0,0
201,8869,0,0
201,8870,2,2
201,8871,0,0
201,8872,2,1
201,8873,2,2
201,8874,0,0
201,8875,0,0
201,8876,2,1
201,8877,0,0
201,8878,0,0
201,8879,0,0
201,8880,0,0
201,8881,1,0
201,8882,0,0
201,8883,0,0
201,8884,0,0
201,8885,0,0
201,8886,2,2
201,8887,0,0
201,8888,2,2
201,8889,0,0
201,8890,0,0
201,8891,2,2
201,8892,2,2
201,8893,0,0
201,8894,1,0
201,8895,0,0
201,8896,0,0
201,8897,0,0
201,8898,0,0
201,8899,0,0
201,8900,1,2
201,8901,0,0
201,8902,0,0
201,8903,0,0
201,8904,2,2
201,8905,0,0
201,8906,0,0
201,8907,0,0
201,8908,2,2
201,8909,0,0
201,8910,0,0
201,8911,0,0
201,8912,1,0
201,8913,0,0
201,8914,0,0
201,8915,0,0
201,8916,2,2
201,8917,0,0
201,8918,0,0
201,8919,0,0
201,8920,0,0
201,8921,2,2
201,8922,0,0
201,8923,0,0
201,8924,2,2
201,8925,0,0
201,8926,2,2
201,8927,0,0
201,8928,0,0
201,8929,0,0
201,8930,2,2
201,8931,2,2
201,8932,0,0
201,8933,0,0
201,8934,0,0
201,8935,0,0
201,8936,0,0
201,8937,0,0
201,8938,0,0
201,8939,0,0
201,8940,0,0
201,8941,0,0
201,8942,0,0
201,8943,0,0
201,8944,0,0
201,8945,0,0
201,8946,0,0
201,8947,1,0
201,8948,0,0
201,8949,1,2
201,8950,0,0
201,8951,1,2
201,8952,0,0
201,8953,1,0
201,8954,0,0
201,8955,0,0
201,8956,0,0
201,8957,0,0
201,8958,0,0
201,8959,0,0
201,8960,0,0
201,8961,0,0
201,8962,1,0
201,8963,1,0
201,8964,1,2
201,8965,1,0
201,8966,0,0
201,8967,1,0
201,8968,0,0
201,8969,0,0
201,8970,0,0
201,8971,0,0
201,8972,0,3
201,8973,0,0
201,8974,0,0
201,8975,0,0
201,8976,0,0
201,8977,0,0
201,8978,0,0
201,8979,0,0
201,8980,0,0
201,8981,0,0
201,8982,0,1
201,8983,0,0
201,8984,0,0
201,8985,0,0
201,8986,0,0
201,8987,0,0
201,8988,0,0
201,8989,0,0
201,8990,0,0
201,8991,0,0
201,8992,0,0
201,8993,0,0
201,8994,0,0
201,8995,0,0
201,8996,0,0
201,8997,0,0
201,8998,0,0
201,8999,0,0
201,9000,0,0
201,9001,0,0
201,9002,0,0
201,9003,0,0
201,9004,0,0
201,9005,0,0
201,9006,0,0
201,9007,0,0
201,9008,0,0
201,9009,0,0
201,9010,0,0
201,9011,0,0
201,9012,0,0
201,9013,0,0
201,9014,0,0
201,9015,0,0
201,9016,0,0
201,9017,0,0
201,9018,0,0
201,9019,0,0
201,9020,0,0
201,9021,0,0
201,9022,0,0
201,9023,0,0
201,9024,0,0
201,9025,0,0
201,9026,0,0
201,9027,0,0
201,9028,0,0
201,9029,0,0
202,9030,0,0
202,9031,0,0
202,9032,0,0
202,9033,0,0
202,9034,0,0
202,9035,0,0
202,9036,0,0
202,9037,0,0
202,9038,0,0
202,9039,0,0
202,9040,0,0
202,9041,0,0
202,9042,0,0
202,9043,0,0
202,9044,0,0
202,9045,0,0
202,9046,0,0
202,9047,0,0
202,9048,0,0
202,9049,0,0
202,9050,0,0
202,9051,0,0
202,9052,0,0
202,9053,0,0
202,9054,0,0
202,9055,0,0
202,9056,0,0
202,9057,0,0
202,9058,0,0
202,9059,0,0
202,9060,0,0
202,9061,0,0
202,9062,0,0
202,9063,0,0
202,9064,0,0
202,9065,0,0
202,9066,0,0
202,9067,0,0
202,9068,0,0
202,9069,0,0
202,9070,0,0
202,9071,0,0
202,9072,0,0
202,9073,0,0
202,9074,0,0
202,9075,0,0
202,9076,0,0
202,9077,0,0
202,9078,2,2
202,9079,0,0
202,9080,0,0
202,9081,0,0
202,9082,0,0
202,9083,0,0
202,9084,0,0
202,9085,0,0
202,9086,0,0
202,9087,0,0
202,9088,0,0
202,9089,0,0
202,9090,0,0
202,9091,0,0
202,9092,0,0
202,9093,0,0
202,9094,0,0
202,9095,0,0
202,9096,0,0
202,9097,0,0
202,9098,0,0
202,9099,0,0
202,9100,0,0
202,9101,0,0
202,9102,0,0
202,9103,0,0
202,9104,0,0
202,9105,0,0
202,9106,0,0
202,9107,0,0
202,9108,0,0
202,9109,0,0
202,9110,0,0
202,9111,0,0
202,9112,0,0
202,9113,0,0
202,9114,0,0
202,9115,2,2
202,9116,0,0
202,9117,0,0
202,9118,0,0
202,9119,0,0
202,9120,0,0
202,9121,0,0
202,9122,0,0
202,9123,0,0
202,9124,0,0
202,9125,0,0
202,9126,0,0
202,9127,0,0
202,9128,0,0
202,9129,0,0
202,9130,0,0
202,9131,0,0
202,9132,0,0
202,9133,0,0
202,9134,2,1
202,9135,0,0
202,9136,0,0
202,9137,0,0
202,9138,0,0
202,9139,0,0
202,9140,0,0
202,9141,0,0
202,9142,0,0
202,9143,0,0
202,9144,0,0
202,9145,0,0
202,9146,0,0
202,9147,0,0
202,9148,0,0
202,9149,0,0
202,9150,0,0
202,9151,0,0
202,9152,0,0
202,9153,0,0
202,9154,0,0
202,9155,0,0
202,9156,0,0
202,9157,0,0
202,9158,1,1
202,9159,1,2
202,9160,0,0
202,9161,0,0
202,9162,0,0
202,9163,0,0
202,9164,1,0
202,9165,0,0
202,9166,0,0
202,9167,0,0
202,9168,0,0
202,9169,0,0
202,9170,0,0
202,9171,0,0
202,9172,0,0
202,9173,0,0
202,9174,0,0
202,9175,0,0
202,9176,0,0
202,9177,0,0
202,9178,0,0
202,9179,0,0
202,9180,0,0
202,9181,0,0
202,9182,0,0
202,9183,0,0
202,9184,0,0
202,9185,0,0
202,9186,0,0
202,9187,0,0
202,9188,0,0
202,9189,0,0
202,9190,0,0
202,9191,0,0
202,9192,0,0
202,9193,0,0
202,9194,0,0
202,9195,0,0
202,9196,0,0
202,9197,0,0
202,9198,0,0
202,9199,0,0
202,9200,0,0
202,9201,0,0
202,9202,0,0
202,9203,0,0
202,9204,0,0
202,9205,0,0
202,9206,0,0
202,9207,0,0
202,9208,0,0
202,9209,0,0
202,9210,0,0
202,9211,0,0
202,9212,0,0
202,9213,0,0
202,9214,0,0
202,9215,0,0
202,9216,0,0
202,9217,0,0
202,9218,0,0
202,9219,0,0
202,9220,0,0
202,9221,0,0
202,9222,0,0
202,9223,1,0
202,9224,0,0
202,9225,0,0
202,9226,0,0
202,9227,0,0
202,9228,1,0
202,9229,0,0
202,9230,0,0
202,9231,0,0
202,9232,0,0
202,9233,0,0
202,9234,0,0
202,9235,0,0
202,9236,0,0
202,9237,0,0
202,9238,0,0
202,9239,0,0
202,9240,0,0
202,9241,0,0
202,9242,0,0
202,9243,0,0
202,9244,0,0
202,9245,0,0
202,9246,0,0
202,9247,0,0
202,9248,0,0
202,9249,0,0
202,9250,0,0
202,9251,0,0
202,9252,0,0
202,9253,0,0
202,9254,0,0
202,9255,0,0
202,9256,0,0
202,9257,0,0
202,9258,0,0
202,9259,0,0
202,9260,0,0
202,9261,0,0
202,9262,0,0
202,9263,0,0
202,9264,0,0
202,9265,0,0
202,9266,0,0
202,9267,0,0
202,9268,0,0
202,9269,0,0
202,9270,0,0
202,9271,0,0
202,9272,0,0
202,9273,0,0
202,9274,0,0
202,9275,0,0
202,9276,0,0
202,9277,0,0
202,9278,0,0
202,9279,0,0
202,9280,0,0
202,9281,0,0
202,9282,0,0
202,9283,0,0
202,9284,0,0
202,9285,0,0
202,9286,0,0
202,9287,0,0
202,9288,0,0
202,9289,0,0
202,9290,1,3
202,9291,0,1
202,9292,0,0
202,9293,0,0
202,9294,0,0
202,9295,0,0
202,9296,0,0
202,9297,0,0
202,9298,0,0
202,9299,0,0
202,9300,0,0
202,9301,0,0
202,9302,0,0
202,9303,0,0
202,9304,0,0
202,9305,0,0
202,9306,0,0
202,9307,0,0
202,9308,0,0
202,9309,0,0
202,9310,0,0
202,9311,0,0
202,9312,0,0
202,9313,0,0
202,9314,0,0
202,9315,0,0
202,9316,0,0
202,9317,0,0
202,9318,0,0
202,9319,0,0
202,9320,0,0
202,9321,0,0
202,9322,0,0
202,9323,0,0
202,9324,0,0
202,9325,0,0
202,9326,0,0
202,9327,0,0
202,9328,0,0
202,9329,0,0
202,9330,0,0
202,9331,0,0
202,9332,0,0
202,9333,0,0
202,9334,0,0
202,9335,0,0
202,9336,0,0
202,9337,0,0
202,9338,0,0
202,9339,0,0
202,9340,0,0
202,9341,0,0
202,9342,0,0
202,9343,0,0
202,9344,0,0
202,9345,0,0
202,9346,0,0
202,9347,0,0
202,9348,0,0
202,9349,0,0
202,9350,0,0
202,9351,0,0
202,9352,0,0
202,9353,0,0
202,9354,0,0
202,9355,0,0
202,9356,0,0
202,9357,0,0
202,9358,0,0
202,9359,0,0
202,9360,0,0
202,9361,0,0
202,9362,0,0
202,9363,0,0
202,9364,0,0
202,9365,0,0
202,9366,0,0
202,9367,0,0
202,9368,0,0
202,9369,0,0
202,9370,0,0
202,9371,0,0
202,9372,0,0
202,9373,0,0
202,9374,0,0
202,9375,0,0
202,9376,0,0
202,9377,0,0
202,9378,0,0
202,9379,0,0
202,9380,0,0
202,9381,2,2
202,9382,0,0
202,9383,0,0
202,9384,0,0
202,9385,0,0
202,9386,0,0
202,9387,0,0
202,9388,0,0
202,9389,0,0
202,9390,0,0
202,9391,0,0
202,9392,0,0
202,9393,0,0
202,9394,0,0
202,9395,0,0
202,9396,0,0
202,9397,0,0
202,9398,0,0
202,9399,0,0
202,9400,0,0
202,9401,0,0
202,9402,0,0
202,9403,0,0
202,9404,0,0
202,9405,0,0
202,9406,0,0
202,9407,0,0
202,9408,0,0
202,9409,0,0
202,9410,0,0
202,9411,0,0
202,9412,0,0
202,9413,0,0
202,9414,0,0
202,9415,0,0
202,9416,0,0
202,9417,0,0
202,9418,0,0
202,9419,0,0
202,9420,0,0
202,9421,0,0
202,9422,0,0
202,9423,0,0
202,9424,0,0
202,9425,0,0
202,9426,0,0
202,9427,0,0
202,9428,0,0
202,9429,0,0
202,9430,0,0
202,9431,0,0
202,9432,0,0
202,9433,0,0
202,9434,0,0
202,9435,0,0
202,9436,0,0
202,9437,0,0
202,9438,0,0
202,9439,0,0
202,9440,0,0
202,9441,0,0
202,9442,0,0
202,9443,0,0
202,9444,0,0
202,9445,0,0
202,9446,0,0
202,9447,0,0
202,9448,0,0
202,9449,0,0
202,9450,0,0
202,9451,0,0
202,9452,0,0
202,9453,0,0
202,9454,0,0
202,9455,0,0
202,9456,0,0
202,9457,0,0
202,9458,0,0
202,9459,0,0
202,9460,0,0
203,9461,0,0
203,9462,0,0
203,9463,0,0
203,9464,0,0
203,9465,0,0
203,9466,0,0
203,9467,0,0
203,9468,0,0
203,9469,0,0
203,9470,0,0
203,9471,0,0
203,9472,0,0
203,9473,0,0
203,9474,0,0
203,9475,0,0
203,9476,0,0
203,9477,0,0
203,9478,0,0
203,9479,2,2
203,9480,0,0
203,9481,0,0
203,9482,0,0
203,9483,0,0
203,9484,0,0
203,9485,2,0
203,9486,2,0
203,9487,0,0
203,9488,0,0
203,9489,0,0
203,9490,2,0
203,9491,0,0
203,9492,0,0
203,9493,1,0
203,9494,0,0
203,9495,2,0
203,9496,2,0
203,9497,0,0
203,9498,0,0
203,9499,0,0
203,9500,0,0
203,9501,0,2
203,9502,0,0
203,9503,0,0
203,9504,0,0
203,9505,0,0
203,9506,0,0
203,9507,2,2
203,9508,0,0
203,9509,0,0
203,9510,0,0
203,9511,0,0
203,9512,0,0
203,9513,0,0
203,9514,0,0
203,9515,0,0
203,9516,2,0
203,9517,0,0
203,9518,0,0
203,9519,0,0
203,9520,0,0
203,9521,0,0
203,9522,0,0
203,9523,0,0
203,9524,0,0
203,9525,0,0
203,9526,2,0
203,9527,0,0
203,9528,0,0
203,9529,0,0
203,9530,0,0
203,9531,0,0
203,9532,0,0
203,9533,0,0
203,9534,0,0
203,9535,0,0
203,9536,0,0
203,9537,2,0
203,9538,0,0
203,9539,0,0
203,9540,0,0
203,9541,0,0
203,9542,0,0
203,9543,0,0
203,9544,0,0
203,9545,0,0
203,9546,2,0
203,9547,0,0
203,9548,2,0
203,9549,0,0
203,9550,0,0
203,9551,0,0
203,9552,0,0
203,9553,2,0
203,9554,0,0
203,9555,0,0
203,9556,0,0
203,9557,0,0
203,9558,0,0
203,9559,2,2
203,9560,0,0
203,9561,0,0
203,9562,0,0
203,9563,0,3
203,9564,0,0
203,9565,2,2
203,9566,2,0
203,9567,2,0
203,9568,0,0
203,9569,2,2
203,9570,0,0
203,9571,0,0
203,9572,0,0
203,9573,0,0
203,9574,0,0
203,9575,0,0
203,9576,0,0
203,9577,0,0
203,9578,0,0
203,9579,0,0
203,9580,0,0
203,9581,0,0
203,9582,2,0
203,9583,0,0
203,9584,0,0
203,9585,0,0
203,9586,0,0
203,9587,2,0
203,9588,0,0
203,9589,0,0
203,9590,2,2
203,9591,0,0
203,9592,0,0
203,9593,0,0
203,9594,0,0
203,9595,0,0
203,9596,0,0
203,9597,0,0
203,9598,0,0
203,9599,0,0
203,9600,0,0
203,9601,0,0
203,9602,0,0
203,9603,0,0
203,9604,2,0
203,9605,0,0
203,9606,0,0
203,9607,0,0
203,9608,0,0
203,9609,0,0
203,9610,0,0
203,9611,0,0
203,9612,2,0
203,9613,0,0
203,9614,0,0
203,9615,0,0
203,9616,0,0
203,9617,0,0
203,9618,2,0
203,9619,2,0
203,9620,0,0
203,9621,2,2
203,9622,0,0
203,9623,0,0
203,9624,0,0
203,9625,0,0
203,9626,0,0
203,9627,0,0
203,9628,0,0
203,9629,0,0
203,9630,2,0
203,9631,0,0
203,9632,0,0
203,9633,0,0
203,9634,2,2
203,9635,0,2
203,9636,0,0
203,9637,0,0
203,9638,0,0
203,9639,0,0
203,9640,2,0
203,9641,0,0
203,9642,0,0
203,9643,0,0
203,9644,0,0
203,9645,0,0
203,9646,0,0
203,9647,2,2
203,9648,0,0
203,9649,0,0
203,9650,0,0
203,9651,0,0
203,9652,2,2
203,9653,0,0
203,9654,2,2
203,9655,0,0
203,9656,0,0
203,9657,0,0
203,9658,0,0
203,9659,2,2
203,9660,0,2
203,9661,0,2
203,9662,0,0
203,9663,0,0
203,9664,0,2
203,9665,0,0
203,9666,0,0
203,9667,0,0
203,9668,0,0
203,9669,0,1
203,9670,0,0
203,9671,0,0
203,9672,2,2
203,9673,0,0
203,9674,0,0
203,9675,0,0
203,9676,0,0
203,9677,0,0
203,9678,0,0
203,9679,0,0
203,9680,0,0
203,9681,0,0
203,9682,0,0
203,9683,0,0
203,9684,0,0
203,9685,0,0
203,9686,0,0
203,9687,0,0
203,9688,0,0
203,9689,0,0
203,9690,0,0
203,9691,0,0
203,9692,0,0
203,9693,0,2
203,9694,0,0
203,9695,0,0
203,9696,0,0
203,9697,0,0
203,9698,0,0
203,9699,0,0
203,9700,2,2
203,9701,0,0
203,9702,0,0
203,9703,0,0
203,9704,0,0
203,9705,0,0
203,9706,0,0
203,9707,0,0
203,9708,0,0
203,9709,0,0
203,9710,0,0
203,9711,0,0
203,9712,0,0
203,9713,0,0
203,9714,0,0
203,9715,0,0
203,9716,0,0
203,9717,0,0
203,9718,0,0
203,9719,0,1
203,9720,0,0
203,9721,0,0
203,9722,2,2
203,9723,0,0
203,9724,0,0
203,9725,0,0
203,9726,0,2
203,9727,0,0
203,9728,2,2
203,9729,2,2
203,9730,0,0
203,9731,0,0
203,9732,2,2
203,9733,0,0
203,9734,0,0
203,9735,0,0
203,9736,0,0
203,9737,0,0
203,9738,0,0
203,9739,0,0
203,9740,2,2
203,9741,0,0
203,9742,0,0
203,9743,0,0
203,9744,0,2
203,9745,0,0
203,9746,2,2
203,9747,0,0
203,9748,0,0
203,9749,0,0
203,9750,0,0
203,9751,0,0
203,9752,0,0
203,9753,0,0
203,9754,0,0
203,9755,0,0
203,9756,0,0
203,9757,0,2
203,9758,0,0
203,9759,0,0
203,9760,0,2
203,9761,0,0
203,9762,0,0
203,9763,0,0
203,9764,0,0
203,9765,0,0
203,9766,0,0
203,9767,0,0
203,9768,0,0
203,9769,0,0
203,9770,0,0
203,9771,0,2
203,9772,0,0
203,9773,0,0
203,9774,0,1
203,9775,0,2
203,9776,0,0
203,9777,0,0
203,9778,0,0
203,9779,2,0
203,9780,0,0
203,9781,0,0
203,9782,0,2
203,9783,0,0
203,9784,0,0
203,9785,0,0
203,9786,0,0
203,9787,0,0
203,9788,0,0
203,9789,0,2
203,9790,0,0
203,9791,0,0
203,9792,0,0
203,9793,0,0
203,9794,0,0
203,9795,0,0
203,9796,0,0
203,9797,0,0
203,9798,0,0
203,9799,0,0
203,9800,0,0
203,9801,0,0
203,9802,0,0
203,9803,0,0
203,9804,0,0
203,9805,0,0
203,9806,0,0
203,9807,2,0
203,9808,0,0
203,9809,0,0
203,9810,0,0
203,9811,0,0
203,9812,0,0
203,9813,0,0
203,9814,0,0
203,9815,0,0
203,9816,0,0
203,9817,0,0
203,9818,0,0
203,9819,0,0
203,9820,0,0
203,9821,0,0
203,9822,0,0
203,9823,0,0
203,9824,0,0
203,9825,0,0
203,9826,0,0
203,9827,0,0
203,9828,0,0
203,9829,0,0
203,9830,0,0
203,9831,0,0
203,9832,0,0
203,9833,2,0
203,9834,0,0
203,9835,0,0
203,9836,0,0
203,9837,2,0
203,9838,0,0
203,9839,0,0
203,9840,0,1
203,9841,0,0
203,9842,2,0
203,9843,0,0
203,9844,0,0
203,9845,0,0
203,9846,2,2
203,9847,2,0
203,9848,0,0
203,9849,0,0
203,9850,0,0
203,9851,0,0
203,9852,0,0
203,9853,0,0
203,9854,0,0
203,9855,2,2
203,9856,0,0
203,9857,2,0
203,9858,0,0
203,9859,2,0
203,9860,2,0
203,9861,0,0
203,9862,2,0
203,9863,0,0
203,9864,0,0
203,9865,0,0
203,9866,0,0
203,9867,0,0
203,9868,2,0
203,9869,0,0
203,9870,0,0
203,9871,0,0
203,9872,0,0
203,9873,0,0
203,9874,2,2
203,9875,0,0
203,9876,0,0
203,9877,0,0
203,9878,0,2
203,9879,0,0
203,9880,2,0
203,9881,0,0
203,9882,2,0
203,9883,0,0
203,9884,0,0
203,9885,0,0
203,9886,0,0
203,9887,2,2
203,9888,0,0
203,9889,0,0
203,9890,2,0
203,9891,0,0
203,9892,0,0
203,9893,0,0
203,9894,0,0
203,9895,0,0
203,9896,0,0
203,9897,0,0
203,9898,0,0
203,9899,0,0
203,9900,0,0
203,9901,0,0
203,9902,0,0
203,9903,0,0
203,9904,0,0
203,9905,0,0
203,9906,0,0
203,9907,0,0
203,9908,0,0
203,9909,0,0
203,9910,0,0
203,9911,0,0
203,9912,0,0
203,9913,0,0
203,9914,0,0
203,9915,2,0
203,9916,0,3
203,9917,0,0
203,9918,0,0
203,9919,0,0
203,9920,2,2
203,9921,0,0
203,9922,0,0
203,9923,0,0
203,9924,0,0
203,9925,0,0
203,9926,0,0
203,9927,0,0
203,9928,0,0
203,9929,2,2
203,9930,0,0
203,9931,0,2
203,9932,0,0
203,9933,0,0
203,9934,0,0
203,9935,0,0
203,9936,0,0
203,9937,0,0
203,9938,0,2
203,9939,0,0
203,9940,0,2
203,9941,0,2
203,9942,0,0
203,9943,0,0
203,9944,0,0
203,9945,0,0
203,9946,0,0
203,9947,0,0
203,9948,0,0
203,9949,0,0
203,9950,2,0
203,9951,0,2
203,9952,2,2
203,9953,0,0
203,9954,0,0
203,9955,0,0
203,9956,0,2
203,9957,0,0
203,9958,0,0
203,9959,0,0
203,9960,0,0
203,9961,0,0
203,9962,0,0
203,9963,0,0
203,9964,0,2
203,9965,0,0
203,9966,0,0
203,9967,0,0
203,9968,0,0
203,9969,0,0
203,9970,0,0
203,9971,0,0
203,9972,0,0
203,9973,0,0
203,9974,0,0
203,9975,0,0
203,9976,0,0
203,9977,0,0
203,9978,0,2
203,9979,0,0
203,9980,0,2
203,9981,0,2
203,9982,0,0
203,9983,0,2
203,9984,0,0
203,9985,0,0
203,9986,0,0
203,9987,0,0
203,9988,2,2
203,9989,0,0
203,9990,0,0
203,9991,0,0
203,9992,0,0
203,9993,2,2
203,9994,2,2
203,9995,0,0
203,9996,0,0
203,9997,0,0
203,9998,0,0
203,9999,0,0
203,10000,0,0
203,10001,0,0
203,10002,0,0
203,10003,2,0
203,10004,0,0
203,10005,0,0
203,10006,0,0
203,10007,0,0
203,10008,2,2
203,10009,0,2
203,10010,0,0
203,10011,0,0
203,10012,0,0
203,10013,0,0
203,10014,0,0
203,10015,0,0
203,10016,2,2
203,10017,0,0
203,10018,2,0
203,10019,2,0
203,10020,0,0
203,10021,0,0
203,10022,0,0
203,10023,0,0
203,10024,0,0
203,10025,0,0
203,10026,0,0
203,10027,2,2
203,10028,0,0
203,10029,0,0
203,10030,0,0
203,10031,0,0
203,10032,0,0
203,10033,2,0
203,10034,0,0
203,10035,2,2
203,10036,2,2
203,10037,0,2
203,10038,0,0
203,10039,0,0
203,10040,0,0
203,10041,2,0
203,10042,2,2
203,10043,2,2
203,10044,2,0
203,10045,0,0
203,10046,0,0
203,10047,2,2
203,10048,2,0
203,10049,0,0
203,10050,0,2
203,10051,0,0
203,10052,0,0
203,10053,2,0
203,10054,0,0
203,10055,2,2
203,10056,2,2
203,10057,0,0
203,10058,0,0
203,10059,0,2
203,10060,0,2
203,10061,0,0
203,10062,0,0
203,10063,0,2
203,10064,0,0
203,10065,2,2
203,10066,2,2
203,10067,0,0
203,10068,0,0
203,10069,0,0
203,10070,0,0
203,10071,0,0
203,10072,0,0
203,10073,0,0
203,10074,0,2
203,10075,0,0
203,10076,0,0
203,10077,0,0
203,10078,0,0
203,10079,0,2
203,10080,0,0
203,10081,0,0
203,10082,0,0
203,10083,0,0
203,10084,0,0
203,10085,0,0
203,10086,0,0
203,10087,0,0
203,10088,0,0
203,10089,0,0
203,10090,0,2
203,10091,0,0
203,10092,0,0
203,10093,2,0
203,10094,0,0
203,10095,0,2
203,10096,0,0
203,10097,0,0
205,10098,0,0
205,10099,0,0
205,10100,0,0
205,10101,0,0
205,10102,0,0
205,10103,0,0
205,10104,0,0
205,10105,0,0
205,10106,0,0
205,10107,0,0
205,10108,0,0
205,10109,0,0
205,10110,0,0
205,10111,0,0
205,10112,0,0
205,10113,0,0
205,10114,0,0
205,10115,0,0
205,10116,0,0
205,10117,0,0
205,10118,0,0
205,10119,0,0
205,10120,0,0
205,10121,0,0
205,10122,0,0
205,10123,0,0
205,10124,0,0
205,10125,0,0
205,10126,0,0
205,10127,0,0
205,10128,0,0
205,10129,0,0
205,10130,0,0
205,10131,0,0
205,10132,0,0
205,10133,0,0
205,10134,0,0
205,10135,0,0
205,10136,0,0
205,10137,0,0
205,10138,0,0
205,10139,0,0
205,10140,0,0
205,10141,0,0
205,10142,0,0
205,10143,0,0
205,10144,0,0
205,10145,0,0
205,10146,0,0
205,10147,0,0
205,10148,0,0
205,10149,0,0
205,10150,0,0
205,10151,0,0
205,10152,0,0
205,10153,0,0
205,10154,0,0
205,10155,0,0
205,10156,0,0
205,10157,0,0
205,10158,0,0
205,10159,0,0
205,10160,0,0
205,10161,0,0
205,10162,0,0
205,10163,0,0
205,10164,0,0
205,10165,0,0
205,10166,0,0
205,10167,0,0
205,10168,0,0
205,10169,0,0
205,10170,0,0
205,10171,0,0
205,10172,0,0
205,10173,0,0
205,10174,0,0
205,10175,0,0
205,10176,0,0
205,10177,0,0
205,10178,0,0
205,10179,0,0
205,10180,2,2
205,10181,2,2
205,10182,0,1
205,10183,0,0
205,10184,0,0
205,10185,0,0
205,10186,0,0
205,10187,0,0
205,10188,0,0
205,10189,0,0
205,10190,0,0
205,10191,0,0
205,10192,0,0
205,10193,0,0
205,10194,0,0
205,10195,0,0
205,10196,0,0
205,10197,0,0
205,10198,0,0
205,10199,0,0
205,10200,0,0
205,10201,0,0
205,10202,0,0
205,10203,0,0
205,10204,0,0
205,10205,0,0
205,10206,0,0
205,10207,0,0
205,10208,0,0
205,10209,0,0
205,10210,0,0
205,10211,0,0
205,10212,0,0
205,10213,0,0
205,10214,0,0
205,10215,0,0
205,10216,0,0
205,10217,0,0
205,10218,0,0
205,10219,0,0
205,10220,0,0
205,10221,0,0
205,10222,0,0
205,10223,0,0
205,10224,0,0
205,10225,0,0
205,10226,0,0
205,10227,0,0
205,10228,0,0
205,10229,0,0
205,10230,0,0
205,10231,0,0
205,10232,0,0
205,10233,0,0
205,10234,0,0
205,10235,0,0
205,10236,0,0
205,10237,0,0
205,10238,0,0
205,10239,0,0
205,10240,0,0
205,10241,0,0
205,10242,0,0
205,10243,0,0
205,10244,0,0
205,10245,0,0
205,10246,0,0
205,10247,0,0
205,10248,0,0
205,10249,0,0
205,10250,0,0
205,10251,0,0
205,10252,0,0
205,10253,0,0
205,10254,0,0
205,10255,0,0
205,10256,0,0
205,10257,0,0
205,10258,0,0
205,10259,0,0
205,10260,0,0
205,10261,2,2
205,10262,0,0
205,10263,0,0
205,10264,0,0
205,10265,0,0
205,10266,0,0
205,10267,0,0
205,10268,0,0
205,10269,0,0
205,10270,0,0
205,10271,0,0
205,10272,0,0
205,10273,0,0
205,10274,0,0
205,10275,0,0
205,10276,0,0
205,10277,0,0
205,10278,0,0
205,10279,0,0
205,10280,0,0
205,10281,0,0
205,10282,0,0
205,10283,0,0
205,10284,0,0
205,10285,0,0
205,10286,0,0
205,10287,0,0
205,10288,0,0
205,10289,0,0
205,10290,0,0
205,10291,0,0
205,10292,0,0
205,10293,0,0
205,10294,0,0
205,10295,0,0
205,10296,0,0
205,10297,0,0
205,10298,0,0
205,10299,0,0
205,10300,0,0
205,10301,0,0
205,10302,0,0
205,10303,0,0
205,10304,0,0
205,10305,0,0
205,10306,0,0
205,10307,0,0
205,10308,0,0
205,10309,0,0
205,10310,0,0
205,10311,0,0
205,10312,0,0
205,10313,0,0
205,10314,0,0
205,10315,0,0
205,10316,0,0
205,10317,0,0
205,10318,0,0
205,10319,0,0
205,10320,0,0
205,10321,0,0
205,10322,0,0
205,10323,0,0
205,10324,0,0
205,10325,0,0
205,10326,0,0
205,10327,0,0
205,10328,0,0
205,10329,0,0
205,10330,0,0
205,10331,0,0
205,10332,0,0
205,10333,0,0
205,10334,0,0
205,10335,0,0
205,10336,0,0
205,10337,0,0
205,10338,0,0
205,10339,0,0
205,10340,0,0
205,10341,0,0
205,10342,0,0
205,10343,0,0
205,10344,0,0
205,10345,0,0
205,10346,0,0
205,10347,0,0
205,10348,0,0
205,10349,0,0
205,10350,0,0
205,10351,0,0
205,10352,0,0
205,10353,0,0
205,10354,0,0
205,10355,0,0
205,10356,0,0
205,10357,0,0
205,10358,0,0
205,10359,0,0
205,10360,0,0
205,10361,0,0
205,10362,0,0
205,10363,0,0
205,10364,2,2
205,10365,0,0
205,10366,0,0
205,10367,0,0
205,10368,0,0
205,10369,0,0
205,10370,0,0
205,10371,0,0
205,10372,0,0
205,10373,0,0
205,10374,0,0
205,10375,0,0
205,10376,0,0
205,10377,0,0
205,10378,0,0
205,10379,0,0
205,10380,0,0
205,10381,0,0
205,10382,0,0
205,10383,0,0
205,10384,0,0
205,10385,0,0
205,10386,0,0
205,10387,0,0
205,10388,0,0
205,10389,0,0
205,10390,0,0
205,10391,0,0
205,10392,0,0
205,10393,0,0
205,10394,0,0
205,10395,0,0
205,10396,2,0
205,10397,2,0
205,10398,0,0
205,10399,0,0
205,10400,0,0
205,10401,3,0
205,10402,0,0
205,10403,0,0
205,10404,0,0
205,10405,0,0
205,10406,0,0
205,10407,0,0
205,10408,0,0
205,10409,0,0
205,10410,0,0
205,10411,0,0
205,10412,0,0
205,10413,0,0
205,10414,3,0
205,10415,0,0
205,10416,0,0
205,10417,0,0
205,10418,0,0
205,10419,0,0
205,10420,0,0
205,10421,0,0
205,10422,0,0
205,10423,0,0
205,10424,0,0
205,10425,0,0
205,10426,0,0
205,10427,0,0
205,10428,0,0
205,10429,0,0
205,10430,0,0
205,10431,0,0
205,10432,0,0
205,10433,0,0
205,10434,0,0
205,10435,0,0
205,10436,0,0
205,10437,0,0
205,10438,0,0
205,10439,0,0
205,10440,0,0
205,10441,0,0
205,10442,0,0
205,10443,0,0
205,10444,0,0
205,10445,0,0
205,10446,0,0
205,10447,0,0
205,10448,0,0
205,10449,0,0
205,10450,0,0
205,10451,0,0
205,10452,0,0
205,10453,0,0
205,10454,0,0
205,10455,0,0
205,10456,0,0
205,10457,0,0
205,10458,0,0
205,10459,0,0
205,10460,0,0
205,10461,0,0
205,10462,0,0
205,10463,0,0
205,10464,0,0
205,10465,0,0
205,10466,0,0
205,10467,0,0
205,10468,0,0
205,10469,0,0
205,10470,0,0
205,10471,0,0
205,10472,0,0
205,10473,0,0
205,10474,0,0
205,10475,2,2
205,10476,0,0
205,10477,0,0
205,10478,0,0
205,10479,0,0
205,10480,0,0
205,10481,0,0
205,10482,0,0
205,10483,0,0
205,10484,0,0
205,10485,0,0
205,10486,0,0
205,10487,0,0
205,10488,0,0
205,10489,0,0
205,10490,0,0
205,10491,0,0
205,10492,0,0
205,10493,0,0
205,10494,0,0
205,10495,0,0
205,10496,0,0
205,10497,0,0
205,10498,0,0
205,10499,0,0
205,10500,0,0
205,10501,0,0
205,10502,0,0
205,10503,0,0
205,10504,0,0
205,10505,0,0
205,10506,0,0
205,10507,0,0
205,10508,0,0
205,10509,0,0
205,10510,0,0
205,10511,0,0
205,10512,0,0
205,10513,0,0
205,10514,0,0
205,10515,0,0
205,10516,0,0
205,10517,0,0
205,10518,0,0
205,10519,0,0
205,10520,0,0
205,10521,0,0
205,10522,0,0
205,10523,0,0
205,10524,0,0
205,10525,0,0
205,10526,0,0
205,10527,0,0
205,10528,0,0
205,10529,0,0
205,10530,0,0
205,10531,0,0
205,10532,0,0
205,10533,0,0
205,10534,0,0
205,10535,0,0
205,10536,0,0
205,10537,0,0
205,10538,0,0
205,10539,0,0
205,10540,0,0
205,10541,0,0
205,10542,0,0
205,10543,0,0
205,10544,0,0
205,10545,0,0
205,10546,2,2
205,10547,0,0
205,10548,0,0
205,10549,0,0
205,10550,0,0
205,10551,0,0
205,10552,0,0
205,10553,0,0
205,10554,2,2
205,10555,2,2
205,10556,2,0
205,10557,0,0
205,10558,0,0
205,10559,0,0
205,10560,0,0
205,10561,0,0
205,10562,0,0
205,10563,0,0
205,10564,0,0
205,10565,0,0
205,10566,0,0
205,10567,0,0
205,10568,0,0
205,10569,0,0
205,10570,0,0
205,10571,0,0
205,10572,0,0
205,10573,0,0
205,10574,0,0
205,10575,0,0
205,10576,0,0
205,10577,0,0
205,10578,0,0
205,10579,0,0
205,10580,0,0
205,10581,0,0
205,10582,0,0
205,10583,0,0
205,10584,0,0
205,10585,0,0
205,10586,0,0
205,10587,0,0
205,10588,0,0
205,10589,0,0
205,10590,0,0
205,10591,0,0
205,10592,0,0
205,10593,0,0
205,10594,0,0
205,10595,0,0
205,10596,0,0
205,10597,0,0
205,10598,0,0
205,10599,0,0
205,10600,0,0
205,10601,0,0
205,10602,0,0
205,10603,0,0
205,10604,0,0
205,10605,0,0
205,10606,0,0
205,10607,0,0
205,10608,0,0
205,10609,0,0
205,10610,0,0
205,10611,0,0
205,10612,2,2
205,10613,0,0
205,10614,0,0
205,10615,0,0
205,10616,0,0
205,10617,0,0
205,10618,0,0
205,10619,0,0
205,10620,0,0
205,10621,0,0
205,10622,0,0
205,10623,0,0
205,10624,0,0
205,10625,0,0
205,10626,0,0
205,10627,0,0
205,10628,0,0
205,10629,0,0
205,10630,0,0
205,10631,0,0
205,10632,0,0
205,10633,0,0
205,10634,0,0
205,10635,0,0
205,10636,0,0
205,10637,0,0
205,10638,0,0
205,10639,0,0
205,10640,0,0
205,10641,0,0
205,10642,0,0
205,10643,0,0
205,10644,0,0
205,10645,0,0
205,10646,0,0
205,10647,0,0
205,10648,0,0
205,10649,0,0
205,10650,0,0
205,10651,0,0
205,10652,0,0
205,10653,0,0
205,10654,0,0
207,10655,2,2
207,10656,2,2
207,10657,2,2
207,10658,0,0
207,10659,0,0
207,10660,2,2
207,10661,0,0
207,10662,2,2
207,10663,0,0
207,10664,2,2
207,10665,0,0
207,10666,0,0
207,10667,2,2
207,10668,0,0
207,10669,0,0
207,10670,0,0
207,10671,0,0
207,10672,2,2
207,10673,0,0
207,10674,0,0
207,10675,0,0
207,10676,0,0
207,10677,0,0
207,10678,0,0
207,10679,0,0
207,10680,2,2
207,10681,2,2
207,10682,2,0
207,10683,0,0
207,10684,0,0
207,10685,0,0
207,10686,2,0
207,10687,0,0
207,10688,0,0
207,10689,0,0
207,10690,2,0
207,10691,2,0
207,10692,0,0
207,10693,2,0
207,10694,2,0
207,10695,2,0
207,10696,0,0
207,10697,2,0
207,10698,0,0
207,10699,2,2
207,10700,2,0
207,10701,0,0
207,10702,0,0
207,10703,0,0
207,10704,2,2
207,10705,2,0
207,10706,0,0
207,10707,0,0
207,10708,0,0
207,10709,0,0
207,10710,0,0
207,10711,0,0
207,10712,0,0
207,10713,0,0
207,10714,0,0
207,10715,0,0
207,10716,0,0
207,10717,0,0
207,10718,0,0
207,10719,0,0
207,10720,0,0
207,10721,0,0
207,10722,0,0
207,10723,0,0
207,10724,0,0
207,10725,0,0
207,10726,0,0
207,10727,0,0
207,10728,0,0
207,10729,0,0
207,10730,0,0
207,10731,0,0
207,10732,0,0
207,10733,0,0
207,10734,0,0
207,10735,0,0
207,10736,0,0
207,10737,0,0
207,10738,0,0
207,10739,0,0
207,10740,0,0
207,10741,0,0
207,10742,0,0
207,10743,0,0
207,10744,0,0
207,10745,0,0
207,10746,0,0
207,10747,0,0
207,10748,0,0
207,10749,0,0
207,10750,0,0
207,10751,0,0
207,10752,0,0
207,10753,0,0
207,10754,0,0
207,10755,0,0
207,10756,0,0
207,10757,0,0
207,10758,0,0
207,10759,0,0
207,10760,0,0
207,10761,0,0
207,10762,0,0
207,10763,0,0
207,10764,0,0
207,10765,0,0
207,10766,0,0
207,10767,0,0
207,10768,0,0
207,10769,0,0
207,10770,0,0
207,10771,0,0
207,10772,0,0
207,10773,0,0
207,10774,0,0
207,10775,0,0
207,10776,0,0
207,10777,0,0
207,10778,0,0
207,10779,0,0
207,10780,0,0
207,10781,0,0
207,10782,0,0
207,10783,0,0
207,10784,0,0
207,10785,0,0
207,10786,0,0
207,10787,0,0
207,10788,0,0
207,10789,0,0
207,10790,0,0
207,10791,0,0
207,10792,0,0
207,10793,0,0
207,10794,0,0
207,10795,0,0
207,10796,0,0
207,10797,0,0
207,10798,0,0
207,10799,0,0
207,10800,0,0
207,10801,0,0
207,10802,0,0
207,10803,0,0
207,10804,0,0
207,10805,0,0
207,10806,0,0
207,10807,0,0
207,10808,0,0
207,10809,0,0
207,10810,0,0
207,10811,0,0
207,10812,0,0
207,10813,0,0
207,10814,0,0
207,10815,0,0
207,10816,0,0
207,10817,0,0
207,10818,0,0
207,10819,0,0
207,10820,0,0
207,10821,0,0
207,10822,0,0
207,10823,0,0
207,10824,0,0
207,10825,0,0
207,10826,0,0
207,10827,0,0
207,10828,0,0
207,10829,0,0
207,10830,0,0
207,10831,0,0
207,10832,0,0
207,10833,0,0
207,10834,0,0
207,10835,0,0
207,10836,0,0
207,10837,0,0
207,10838,0,0
207,10839,0,0
207,10840,0,0
207,10841,0,0
207,10842,0,0
207,10843,0,0
207,10844,0,0
207,10845,0,0
207,10846,0,0
207,10847,0,0
207,10848,0,0
207,10849,0,0
207,10850,0,0
207,10851,0,0
207,10852,0,0
207,10853,0,0
207,10854,0,0
207,10855,0,0
207,10856,0,0
207,10857,0,0
207,10858,0,0
207,10859,0,0
207,10860,0,0
207,10861,0,0
207,10862,0,0
207,10863,0,0
207,10864,0,0
207,10865,0,0
207,10866,0,0
207,10867,0,0
207,10868,0,0
207,10869,0,0
207,10870,0,0
207,10871,0,0
207,10872,0,0
207,10873,0,0
207,10874,0,0
207,10875,0,0
207,10876,0,0
207,10877,0,0
207,10878,0,0
207,10879,0,0
207,10880,0,0
207,10881,0,0
207,10882,0,0
207,10883,0,0
207,10884,0,0
207,10885,0,0
207,10886,0,0
207,10887,0,0
207,10888,0,0
207,10889,0,0
207,10890,0,0
207,10891,0,0
207,10892,0,0
207,10893,0,0
207,10894,0,0
207,10895,0,0
207,10896,0,0
207,10897,0,0
207,10898,0,0
207,10899,0,0
207,10900,0,0
207,10901,0,0
207,10902,0,0
207,10903,0,0
207,10904,0,0
207,10905,0,0
207,10906,0,0
207,10907,0,0
207,10908,0,0
207,10909,0,0
207,10910,0,0
207,10911,0,0
207,10912,0,0
207,10913,0,0
207,10914,0,0
207,10915,0,0
207,10916,0,0
207,10917,0,0
207,10918,0,0
207,10919,0,0
207,10920,0,0
207,10921,0,0
207,10922,0,0
207,10923,0,0
207,10924,0,0
207,10925,0,0
207,10926,0,0
207,10927,0,0
207,10928,0,0
207,10929,0,0
207,10930,0,0
207,10931,0,0
207,10932,0,0
207,10933,0,0
207,10934,0,0
207,10935,0,0
207,10936,0,0
207,10937,0,0
207,10938,0,0
207,10939,0,0
207,10940,0,0
207,10941,0,0
207,10942,0,0
207,10943,0,0
207,10944,0,0
207,10945,0,0
207,10946,0,0
207,10947,0,0
207,10948,0,0
207,10949,0,0
207,10950,0,0
207,10951,0,0
207,10952,0,0
207,10953,0,0
207,10954,0,0
207,10955,0,0
207,10956,0,0
207,10957,0,0
207,10958,0,0
207,10959,0,0
207,10960,0,0
207,10961,0,0
207,10962,0,0
207,10963,0,0
207,10964,0,0
207,10965,0,0
207,10966,0,0
207,10967,0,0
207,10968,0,0
207,10969,0,0
207,10970,0,0
207,10971,0,0
207,10972,0,0
207,10973,0,0
207,10974,0,0
207,10975,0,0
207,10976,0,0
207,10977,0,0
207,10978,0,0
207,10979,0,0
207,10980,0,0
207,10981,0,0
207,10982,0,0
207,10983,0,0
207,10984,0,0
207,10985,0,0
207,10986,0,0
207,10987,0,0
207,10988,0,0
207,10989,0,0
207,10990,0,0
207,10991,0,0
207,10992,0,0
207,10993,0,0
207,10994,0,0
207,10995,2,0
207,10996,2,0
207,10997,2,0
207,10998,2,0
207,10999,2,0
207,11000,2,2
207,11001,2,0
207,11002,2,0
207,11003,2,0
207,11004,2,0
207,11005,2,0
207,11006,2,0
207,11007,2,0
207,11008,2,0
207,11009,2,0
207,11010,2,2
207,11011,1,0
207,11012,1,0
207,11013,1,0
207,11014,1,0
207,11015,1,0
207,11016,1,0
207,11017,1,0
207,11018,1,0
207,11019,1,0
207,11020,1,0
207,11021,1,0
207,11022,1,0
207,11023,1,0
207,11024,1,0
207,11025,1,0
207,11026,1,0
207,11027,1,0
207,11028,1,0
207,11029,1,0
207,11030,1,0
207,11031,1,0
207,11032,1,0
207,11033,1,0
207,11034,1,0
208,11035,2,2
208,11036,2,2
208,11037,0,0
208,11038,3,3
208,11039,0,0
208,11040,2,2
208,11041,0,0
208,11042,3,3
208,11043,0,1
208,11044,0,0
208,11045,0,0
208,11046,0,0
208,11047,2,2
208,11048,0,0
208,11049,0,0
208,11050,0,0
208,11051,0,0
208,11052,0,0
208,11053,2,2
208,11054,0,0
208,11055,0,0
208,11056,0,0
208,11057,0,0
208,11058,3,0
208,11059,0,0
208,11060,0,0
208,11061,2,2
208,11062,0,0
208,11063,2,2
208,11064,3,0
208,11065,0,0
208,11066,2,2
208,11067,0,0
208,11068,2,2
208,11069,0,0
208,11070,0,0
208,11071,0,0
208,11072,3,0
208,11073,0,0
208,11074,0,0
208,11075,0,0
208,11076,2,2
208,11077,2,2
208,11078,0,0
208,11079,0,0
208,11080,0,0
208,11081,2,2
208,11082,0,0
208,11083,0,0
208,11084,2,2
208,11085,2,0
208,11086,0,0
208,11087,0,0
208,11088,3,3
208,11089,3,3
208,11090,2,2
208,11091,2,2
208,11092,0,0
208,11093,2,2
208,11094,0,0
208,11095,2,2
208,11096,3,0
208,11097,3,0
208,11098,0,0
208,11099,0,0
208,11100,2,0
208,11101,0,0
208,11102,2,2
208,11103,0,0
208,11104,2,2
208,11105,0,0
208,11106,2,2
208,11107,3,3
208,11108,0,0
208,11109,0,0
208,11110,3,0
208,11111,2,0
208,11112,0,0
208,11113,2,0
208,11114,2,2
208,11115,0,0
208,11116,0,0
208,11117,0,0
208,11118,0,0
208,11119,2,2
208,11120,2,2
208,11121,0,0
208,11122,0,0
208,11123,2,2
208,11124,3,3
208,11125,3,0
208,11126,0,0
208,11127,3,2
208,11128,0,0
208,11129,2,2
208,11130,0,0
208,11131,0,0
208,11132,0,0
208,11133,2,2
208,11134,0,0
208,11135,3,3
208,11136,0,0
208,11137,3,0
208,11138,0,0
208,11139,2,2
208,11140,3,3
208,11141,0,0
208,11142,0,0
208,11143,2,2
208,11144,2,2
208,11145,2,2
208,11146,2,2
208,11147,0,0
208,11148,0,0
208,11149,2,0
208,11150,2,2
208,11151,0,0
208,11152,0,0
208,11153,3,0
208,11154,2,2
208,11155,0,0
208,11156,0,0
208,11157,0,0
208,11158,0,0
208,11159,2,2
208,11160,0,0
208,11161,2,2
208,11162,2,0
208,11163,0,0
208,11164,0,0
208,11165,3,2
208,11166,2,2
208,11167,0,0
208,11168,0,0
208,11169,0,0
208,11170,2,3
208,11171,0,0
208,11172,0,0
208,11173,0,0
208,11174,0,0
208,11175,2,2
208,11176,2,2
208,11177,0,0
208,11178,2,2
208,11179,0,0
208,11180,2,0
208,11181,0,0
208,11182,2,2
208,11183,0,0
208,11184,3,0
208,11185,0,0
208,11186,2,2
208,11187,0,0
208,11188,0,0
208,11189,3,3
208,11190,2,2
208,11191,0,0
208,11192,2,2
208,11193,0,0
208,11194,2,2
208,11195,2,2
208,11196,3,3
208,11197,2,2
208,11198,3,2
208,11199,3,3
208,11200,0,0
208,11201,2,2
208,11202,0,0
208,11203,2,2
208,11204,0,0
208,11205,0,0
208,11206,0,0
208,11207,2,2
208,11208,0,0
208,11209,2,2
208,11210,2,2
208,11211,0,0
208,11212,0,0
208,11213,2,2
208,11214,3,2
208,11215,2,2
208,11216,0,0
208,11217,0,0
208,11218,2,2
208,11219,3,2
208,11220,0,0
208,11221,2,2
208,11222,0,0
208,11223,2,2
208,11224,2,2
208,11225,0,0
208,11226,0,0
208,11227,2,2
208,11228,3,3
208,11229,2,2
208,11230,0,0
208,11231,2,2
208,11232,2,2
208,11233,2,2
208,11234,2,2
208,11235,0,0
208,11236,2,2
208,11237,0,0
208,11238,0,0
208,11239,0,0
208,11240,2,2
208,11241,2,2
208,11242,0,0
208,11243,2,2
208,11244,2,2
208,11245,3,3
208,11246,3,3
208,11247,2,2
208,11248,3,3
208,11249,0,0
208,11250,2,2
208,11251,0,0
208,11252,0,0
208,11253,2,2
208,11254,2,2
208,11255,2,2
208,11256,2,2
208,11257,0,0
208,11258,0,0
208,11259,2,2
208,11260,2,2
208,11261,0,0
208,11262,0,0
208,11263,0,0
208,11264,3,0
208,11265,2,2
208,11266,3,3
208,11267,2,2
208,11268,0,0
208,11269,2,0
208,11270,2,2
208,11271,3,3
208,11272,2,2
208,11273,0,0
208,11274,0,0
208,11275,3,3
208,11276,3,3
208,11277,2,2
208,11278,3,0
208,11279,3,0
208,11280,0,0
208,11281,3,3
208,11282,0,0
208,11283,3,3
208,11284,2,2
208,11285,0,0
208,11286,0,0
208,11287,2,2
208,11288,3,3
208,11289,0,0
208,11290,3,3
208,11291,3,0
208,11292,2,2
208,11293,3,3
208,11294,0,0
208,11295,2,2
208,11296,3,0
208,11297,0,0
208,11298,3,3
208,11299,0,0
208,11300,0,0
208,11301,0,0
208,11302,2,2
208,11303,2,2
208,11304,2,2
208,11305,2,2
208,11306,3,3
208,11307,2,2
208,11308,0,0
208,11309,2,2
208,11310,0,0
208,11311,2,2
208,11312,0,0
208,11313,2,2
208,11314,0,0
208,11315,0,0
208,11316,2,2
208,11317,3,0
208,11318,0,0
208,11319,0,0
208,11320,3,0
208,11321,2,2
208,11322,0,0
208,11323,0,0
208,11324,3,3
208,11325,2,2
208,11326,0,0
208,11327,2,3
208,11328,3,3
208,11329,3,3
208,11330,0,0
208,11331,3,0
208,11332,2,2
208,11333,0,0
208,11334,2,2
208,11335,0,0
208,11336,3,3
208,11337,2,2
208,11338,2,2
208,11339,0,0
208,11340,0,0
208,11341,3,3
208,11342,3,3
208,11343,0,0
208,11344,0,0
208,11345,0,0
208,11346,0,0
208,11347,3,0
208,11348,2,2
208,11349,2,2
208,11350,0,0
208,11351,0,0
208,11352,3,0
208,11353,0,0
208,11354,2,0
208,11355,0,0
208,11356,3,3
208,11357,2,2
208,11358,2,2
208,11359,0,0
208,11360,2,2
208,11361,2,2
208,11362,0,0
208,11363,0,0
208,11364,0,0
208,11365,2,2
208,11366,3,0
208,11367,2,2
208,11368,0,0
208,11369,2,2
208,11370,0,0
208,11371,2,2
208,11372,2,0
208,11373,2,2
208,11374,0,0
208,11375,0,0
208,11376,0,0
208,11377,0,0
208,11378,2,2
208,11379,2,2
208,11380,3,3
208,11381,2,2
208,11382,2,2
208,11383,2,2
208,11384,3,3
208,11385,0,0
208,11386,2,2
208,11387,0,0
208,11388,2,2
208,11389,0,0
208,11390,2,2
208,11391,0,0
208,11392,0,0
208,11393,2,2
208,11394,0,0
208,11395,0,0
208,11396,2,2
208,11397,0,0
208,11398,2,2
208,11399,2,2
208,11400,0,0
208,11401,2,2
208,11402,0,0
208,11403,2,2
208,11404,0,0
208,11405,2,2
208,11406,0,0
208,11407,0,0
208,11408,0,0
208,11409,2,2
208,11410,0,0
208,11411,0,0
208,11412,2,2
208,11413,0,0
208,11414,2,2
208,11415,0,0
208,11416,2,2
208,11417,0,0
208,11418,2,2
208,11419,0,0
208,11420,2,2
208,11421,0,0
208,11422,2,2
208,11423,2,2
208,11424,0,0
208,11425,0,0
208,11426,2,2
208,11427,0,0
208,11428,0,0
208,11429,2,2
208,11430,0,0
208,11431,2,2
208,11432,0,0
208,11433,2,2
208,11434,2,2
208,11435,0,0
208,11436,2,2
208,11437,0,0
208,11438,0,0
208,11439,0,0
208,11440,0,0
208,11441,0,0
208,11442,0,0
208,11443,0,0
208,11444,0,0
208,11445,0,0
208,11446,0,0
208,11447,0,0
208,11448,0,0
208,11449,0,3
208,11450,0,0
208,11451,0,0
208,11452,3,0
208,11453,0,0
208,11454,0,0
208,11455,3,2
208,11456,0,0
208,11457,3,0
208,11458,0,0
208,11459,2,2
208,11460,2,2
208,11461,2,2
208,11462,3,0
208,11463,0,0
208,11464,3,3
208,11465,2,0
208,11466,3,3
208,11467,0,0
208,11468,0,0
208,11469,0,0
208,11470,0,0
208,11471,0,0
208,11472,0,0
208,11473,2,2
208,11474,0,0
208,11475,2,2
208,11476,0,0
208,11477,0,0
208,11478,3,0
208,11479,3,0
208,11480,2,3
208,11481,0,0
208,11482,0,0
208,11483,0,0
208,11484,0,0
208,11485,0,0
208,11486,0,0
208,11487,0,0
208,11488,0,0
208,11489,0,0
208,11490,0,0
208,11491,3,0
208,11492,0,0
208,11493,0,0
208,11494,0,0
208,11495,0,0
208,11496,2,0
208,11497,2,2
208,11498,0,0
208,11499,0,0
208,11500,2,2
208,11501,0,0
208,11502,0,0
208,11503,0,0
208,11504,2,2
208,11505,2,2
208,11506,0,0
208,11507,0,0
208,11508,0,0
208,11509,0,0
208,11510,0,0
208,11511,0,0
208,11512,0,0
208,11513,0,0
208,11514,2,2
208,11515,2,0
208,11516,0,0
208,11517,3,0
208,11518,0,0
208,11519,0,0
208,11520,2,2
208,11521,0,0
208,11522,0,0
208,11523,3,2
208,11524,2,2
208,11525,2,2
208,11526,0,0
208,11527,0,0
208,11528,0,0
208,11529,0,0
208,11530,2,2
208,11531,0,0
208,11532,0,0
208,11533,2,2
208,11534,0,0
208,11535,0,0
208,11536,0,0
208,11537,2,2
208,11538,2,2
208,11539,0,0
208,11540,0,0
208,11541,0,0
208,11542,3,2
208,11543,3,0
208,11544,0,0
208,11545,2,2
208,11546,0,0
208,11547,0,0
208,11548,2,2
208,11549,0,0
208,11550,0,0
208,11551,0,0
208,11552,0,0
208,11553,0,0
208,11554,0,0
208,11555,0,0
208,11556,0,0
208,11557,3,0
208,11558,0,0
208,11559,0,0
208,11560,2,2
208,11561,0,0
208,11562,0,0
208,11563,2,2
208,11564,0,0
208,11565,3,0
208,11566,0,0
208,11567,0,0
208,11568,0,0
208,11569,0,0
208,11570,0,0
208,11571,0,0
208,11572,0,0
208,11573,2,2
208,11574,2,2
208,11575,0,0
208,11576,0,0
208,11577,0,0
208,11578,0,0
208,11579,0,0
208,11580,2,2
208,11581,0,0
208,11582,0,0
208,11583,0,0
208,11584,0,0
208,11585,0,0
208,11586,0,0
208,11587,2,2
208,11588,0,0
208,11589,0,0
208,11590,2,2
208,11591,0,0
208,11592,2,2
208,11593,0,0
208,11594,0,0
208,11595,2,2
208,11596,0,0
208,11597,2,2
208,11598,0,0
208,11599,0,0
208,11600,0,0
208,11601,0,0
208,11602,0,0
208,11603,0,0
208,11604,2,2
208,11605,0,0
208,11606,2,2
208,11607,0,0
208,11608,2,2
208,11609,0,0
208,11610,0,0
208,11611,2,2
208,11612,2,2
208,11613,2,2
208,11614,0,0
208,11615,2,2
208,11616,0,0
208,11617,2,2
208,11618,2,2
208,11619,0,0
208,11620,3,3
208,11621,0,0
208,11622,2,2
208,11623,0,0
208,11624,0,0
208,11625,2,2
208,11626,0,0
208,11627,0,0
208,11628,2,2
208,11629,0,0
208,11630,0,0
208,11631,0,0
208,11632,2,2
208,11633,0,0
208,11634,2,2
208,11635,2,0
208,11636,0,0
208,11637,0,0
208,11638,2,2
208,11639,0,0
208,11640,0,0
208,11641,2,2
208,11642,0,0
208,11643,0,0
208,11644,0,0
208,11645,2,2
208,11646,3,2
208,11647,2,2
208,11648,3,2
208,11649,0,0
209,11650,0,0
209,11651,0,0
209,11652,0,0
209,11653,0,0
209,11654,0,0
209,11655,0,0
209,11656,0,0
209,11657,0,0
209,11658,0,0
209,11659,0,0
209,11660,0,0
209,11661,0,0
209,11662,0,0
209,11663,0,0
209,11664,0,0
209,11665,0,0
209,11666,0,0
209,11667,0,0
209,11668,0,0
209,11669,0,0
209,11670,0,0
209,11671,0,0
209,11672,0,0
209,11673,0,0
209,11674,0,0
209,11675,0,0
209,11676,0,0
209,11677,0,0
209,11678,0,0
209,11679,0,0
209,11680,0,0
209,11681,0,0
209,11682,0,0
209,11683,0,0
209,11684,0,0
209,11685,1,0
209,11686,0,0
209,11687,0,0
209,11688,0,0
209,11689,0,0
209,11690,0,0
209,11691,0,0
209,11692,0,0
209,11693,0,0
209,11694,0,0
209,11695,0,0
209,11696,0,0
209,11697,0,0
209,11698,0,0
209,11699,0,0
209,11700,0,1
209,11701,0,0
209,11702,1,0
209,11703,0,0
209,11704,0,0
209,11705,0,0
209,11706,0,0
209,11707,0,0
209,11708,0,0
209,11709,0,0
209,11710,0,0
209,11711,0,0
209,11712,0,0
209,11713,0,0
209,11714,0,0
209,11715,0,0
209,11716,0,0
209,11717,0,0
209,11718,0,0
209,11719,0,0
209,11720,0,0
209,11721,0,0
209,11722,0,0
209,11723,0,0
209,11724,0,0
209,11725,0,0
209,11726,0,0
209,11727,0,0
209,11728,0,0
209,11729,0,0
209,11730,0,0
209,11731,0,0
209,11732,0,0
209,11733,0,0
209,11734,0,0
209,11735,0,0
209,11736,0,0
209,11737,0,0
209,11738,0,0
209,11739,0,0
209,11740,0,0
209,11741,0,0
209,11742,0,0
209,11743,1,0
209,11744,0,0
209,11745,0,0
209,11746,1,0
209,11747,0,0
209,11748,0,0
209,11749,0,0
209,11750,0,0
209,11751,0,0
209,11752,0,0
209,11753,0,0
209,11754,0,0
209,11755,0,0
209,11756,0,0
209,11757,0,0
209,11758,0,0
209,11759,0,0
209,11760,0,0
209,11761,0,0
209,11762,0,0
209,11763,0,0
209,11764,0,0
209,11765,0,0
209,11766,0,0
209,11767,0,0
209,11768,0,0
209,11769,0,0
209,11770,0,0
209,11771,0,0
209,11772,0,0
209,11773,0,0
209,11774,0,0
209,11775,0,0
209,11776,0,0
209,11777,0,0
209,11778,0,0
209,11779,1,0
209,11780,0,0
209,11781,0,0
209,11782,0,0
209,11783,0,0
209,11784,0,0
209,11785,0,0
209,11786,0,0
209,11787,0,0
209,11788,1,0
209,11789,0,0
209,11790,0,0
209,11791,0,0
209,11792,0,0
209,11793,1,0
209,11794,0,0
209,11795,0,0
209,11796,0,0
209,11797,0,0
209,11798,0,0
209,11799,0,0
209,11800,0,0
209,11801,0,0
209,11802,0,0
209,11803,0,0
209,11804,0,0
209,11805,0,0
209,11806,0,0
209,11807,0,0
209,11808,0,0
209,11809,1,0
209,11810,1,1
209,11811,1,0
209,11812,0,0
209,11813,0,0
209,11814,0,0
209,11815,0,0
209,11816,0,0
209,11817,0,0
209,11818,0,0
209,11819,0,0
209,11820,0,0
209,11821,0,0
209,11822,0,0
209,11823,0,0
209,11824,1,0
209,11825,0,0
209,11826,0,0
209,11827,0,0
209,11828,0,0
209,11829,0,0
209,11830,0,0
209,11831,1,0
209,11832,0,0
209,11833,0,0
209,11834,0,0
209,11835,0,0
209,11836,0,0
209,11837,0,0
209,11838,1,0
209,11839,0,0
209,11840,0,0
209,11841,0,0
209,11842,0,0
209,11843,0,0
209,11844,0,0
209,11845,0,0
209,11846,0,0
209,11847,0,0
209,11848,0,0
209,11849,0,0
209,11850,0,0
209,11851,0,0
209,11852,0,0
209,11853,0,0
209,11854,1,0
209,11855,1,0
209,11856,1,0
209,11857,1,1
209,11858,1,0
209,11859,1,0
209,11860,0,0
209,11861,0,0
209,11862,0,0
209,11863,1,1
209,11864,1,1
209,11865,1,0
209,11866,1,0
209,11867,1,0
209,11868,1,1
209,11869,1,0
209,11870,1,1
209,11871,1,0
209,11872,1,0
209,11873,1,1
209,11874,0,0
209,11875,0,0
209,11876,0,0
209,11877,0,0
209,11878,0,0
209,11879,0,0
209,11880,0,0
209,11881,0,0
209,11882,1,0
209,11883,0,0
209,11884,0,0
209,11885,0,0
209,11886,0,0
209,11887,0,0
209,11888,0,0
209,11889,0,0
209,11890,0,0
209,11891,0,0
209,11892,0,0
209,11893,0,0
209,11894,0,0
209,11895,0,0
209,11896,0,0
209,11897,0,0
209,11898,0,0
209,11899,0,0
209,11900,0,0
209,11901,0,0
209,11902,0,0
209,11903,0,0
209,11904,0,0
209,11905,0,0
209,11906,0,0
209,11907,1,0
209,11908,1,0
209,11909,1,0
209,11910,1,0
209,11911,1,0
209,11912,1,0
209,11913,1,0
209,11914,1,0
209,11915,1,0
209,11916,0,0
209,11917,0,0
209,11918,0,0
209,11919,0,0
209,11920,0,0
209,11921,0,0
209,11922,0,0
209,11923,0,0
209,11924,0,0
209,11925,0,0
209,11926,0,0
209,11927,0,0
209,11928,0,0
209,11929,2,2
209,11930,0,0
209,11931,1,0
209,11932,1,0
209,11933,1,0
209,11934,1,0
209,11935,1,1
209,11936,0,0
209,11937,1,0
209,11938,0,0
209,11939,0,0
209,11940,0,0
209,11941,0,0
209,11942,0,0
209,11943,0,0
209,11944,0,0
209,11945,0,0
209,11946,0,0
209,11947,0,0
209,11948,0,0
209,11949,0,0
209,11950,0,0
209,11951,0,0
209,11952,0,0
209,11953,0,0
209,11954,0,0
209,11955,1,0
209,11956,0,0
209,11957,0,0
209,11958,1,0
209,11959,1,0
209,11960,0,0
209,11961,1,1
209,11962,0,0
209,11963,0,0
209,11964,0,0
209,11965,0,0
209,11966,0,0
209,11967,0,0
209,11968,1,0
209,11969,0,0
209,11970,0,0
209,11971,1,0
209,11972,0,0
209,11973,0,0
209,11974,0,0
209,11975,0,0
209,11976,0,0
209,11977,0,0
209,11978,0,0
209,11979,0,0
209,11980,0,0
209,11981,0,0
209,11982,0,0
209,11983,0,0
209,11984,0,0
209,11985,0,0
209,11986,0,0
209,11987,0,0
209,11988,0,0
209,11989,0,0
209,11990,0,0
209,11991,0,0
209,11992,0,0
209,11993,0,0
209,11994,0,0
209,11995,0,0
209,11996,0,0
209,11997,0,0
209,11998,0,0
209,11999,0,0
209,12000,0,0
209,12001,1,0
209,12002,0,0
209,12003,0,0
209,12004,0,0
209,12005,0,0
209,12006,0,0
209,12007,0,0
209,12008,0,0
209,12009,0,0
209,12010,0,0
209,12011,0,0
209,12012,0,0
209,12013,0,0
209,12014,0,0
209,12015,0,0
209,12016,0,0
209,12017,0,0
209,12018,0,0
209,12019,0,0
209,12020,0,0
209,12021,0,0
209,12022,0,0
209,12023,0,0
209,12024,0,0
209,12025,0,0
209,12026,0,0
209,12027,0,0
209,12028,0,0
209,12029,0,0
209,12030,0,0
209,12031,0,0
209,12032,0,0
209,12033,0,0
209,12034,0,0
209,12035,0,0
209,12036,0,0
209,12037,0,0
209,12038,0,0
209,12039,0,0
209,12040,0,0
209,12041,0,0
209,12042,0,0
209,12043,1,0
209,12044,0,0
209,12045,0,0
209,12046,0,0
209,12047,0,0
209,12048,0,0
209,12049,0,0
209,12050,0,0
209,12051,0,0
209,12052,0,0
209,12053,0,0
209,12054,1,0
209,12055,0,0
209,12056,0,0
209,12057,0,0
209,12058,0,0
209,12059,0,0
209,12060,0,0
209,12061,0,0
209,12062,0,0
209,12063,0,0
209,12064,0,0
209,12065,0,0
209,12066,1,0
209,12067,0,0
209,12068,0,0
209,12069,0,0
209,12070,0,0
209,12071,0,0
209,12072,0,0
209,12073,0,0
209,12074,0,0
209,12075,0,0
209,12076,0,0
209,12077,0,0
209,12078,0,0
209,12079,0,0
209,12080,0,0
209,12081,0,0
209,12082,0,0
209,12083,0,0
209,12084,0,0
209,12085,0,0
209,12086,0,0
209,12087,0,0
209,12088,1,0
209,12089,0,0
209,12090,0,0
209,12091,0,0
209,12092,0,0
209,12093,0,0
209,12094,0,0
209,12095,0,0
209,12096,0,0
209,12097,0,0
209,12098,0,0
209,12099,0,0
209,12100,0,0
209,12101,0,0
209,12102,0,0
209,12103,0,0
209,12104,0,0
209,12105,0,0
209,12106,0,0
209,12107,0,0
209,12108,0,0
209,12109,0,0
209,12110,0,0
209,12111,0,0
209,12112,0,0
209,12113,0,0
209,12114,0,0
209,12115,0,0
209,12116,0,0
209,12117,0,0
209,12118,0,0
209,12119,0,0
209,12120,0,0
209,12121,0,0
209,12122,0,0
209,12123,0,0
209,12124,0,0
209,12125,0,0
209,12126,0,0
209,12127,0,0
209,12128,0,0
209,12129,0,0
209,12130,0,0
209,12131,0,0
209,12132,0,0
209,12133,0,0
209,12134,0,0
209,12135,0,0
209,12136,0,0
209,12137,0,0
209,12138,0,0
209,12139,0,0
209,12140,0,0
209,12141,0,0
209,12142,0,0
209,12143,0,0
209,12144,0,0
209,12145,0,0
209,12146,0,0
209,12147,0,0
209,12148,0,0
209,12149,0,0
209,12150,0,0
209,12151,0,0
209,12152,0,0
209,12153,0,0
209,12154,0,0
209,12155,0,0
209,12156,0,0
209,12157,0,0
209,12158,0,0
209,12159,0,0
209,12160,0,0
209,12161,0,0
209,12162,0,0
209,12163,1,0
209,12164,0,0
209,12165,0,0
209,12166,0,0
209,12167,0,0
209,12168,0,0
209,12169,0,0
209,12170,0,0
209,12171,0,0
209,12172,0,0
209,12173,0,0
209,12174,0,0
209,12175,0,0
209,12176,0,0
209,12177,0,0
209,12178,0,0
209,12179,0,0
209,12180,0,0
209,12181,0,0
209,12182,0,0
209,12183,0,0
209,12184,0,0
209,12185,0,0
209,12186,0,0
209,12187,0,0
209,12188,0,0
209,12189,0,0
209,12190,0,0
209,12191,0,0
209,12192,0,0
209,12193,0,0
209,12194,0,0
209,12195,0,0
209,12196,0,0
209,12197,0,0
209,12198,0,0
209,12199,0,0
209,12200,0,0
209,12201,0,0
209,12202,1,0
209,12203,0,0
209,12204,0,0
209,12205,0,0
209,12206,0,0
209,12207,0,0
209,12208,0,0
209,12209,0,0
209,12210,0,0
209,12211,0,0
209,12212,0,0
209,12213,0,0
209,12214,1,0
209,12215,0,0
209,12216,0,0
209,12217,0,0
209,12218,0,0
209,12219,1,0
209,12220,1,0
209,12221,1,1
209,12222,1,1
209,12223,0,0
209,12224,1,0
209,12225,0,0
209,12226,0,0
209,12227,0,0
209,12228,0,0
209,12229,0,0
209,12230,0,0
209,12231,1,0
209,12232,0,0
209,12233,0,0
209,12234,0,0
209,12235,0,0
209,12236,0,0
209,12237,0,0
209,12238,0,0
209,12239,0,0
209,12240,0,0
209,12241,0,0
209,12242,0,0
209,12243,0,0
209,12244,0,0
209,12245,0,0
209,12246,0,0
209,12247,1,1
209,12248,0,0
210,12249,0,0
210,12250,0,0
210,12251,0,0
210,12252,0,0
210,12253,0,0
210,12254,0,0
210,12255,2,2
210,12256,0,0
210,12257,0,0
210,12258,0,0
210,12259,0,0
210,12260,0,0
210,12261,2,2
210,12262,0,0
210,12263,0,0
210,12264,0,0
210,12265,0,0
210,12266,2,2
210,12267,0,0
210,12268,0,0
210,12269,0,0
210,12270,0,0
210,12271,0,0
210,12272,0,0
210,12273,0,0
210,12274,0,0
210,12275,0,0
210,12276,0,0
210,12277,0,0
210,12278,0,0
210,12279,0,0
210,12280,0,0
210,12281,0,0
210,12282,2,2
210,12283,2,2
210,12284,0,0
210,12285,2,0
210,12286,0,0
210,12287,0,0
210,12288,0,0
210,12289,0,0
210,12290,0,0
210,12291,0,0
210,12292,0,0
210,12293,0,0
210,12294,0,0
210,12295,0,0
210,12296,0,0
210,12297,0,0
210,12298,0,0
210,12299,0,0
210,12300,0,0
210,12301,0,0
210,12302,0,0
210,12303,0,0
210,12304,0,3
210,12305,0,0
210,12306,0,0
210,12307,0,0
210,12308,0,0
210,12309,0,0
210,12310,2,2
210,12311,0,0
210,12312,0,0
210,12313,0,0
210,12314,0,0
210,12315,0,0
210,12316,0,0
210,12317,0,0
210,12318,0,0
210,12319,0,0
210,12320,0,0
210,12321,0,3
210,12322,0,0
210,12323,0,0
210,12324,0,0
210,12325,0,0
210,12326,0,0
210,12327,0,0
210,12328,0,0
210,12329,0,0
210,12330,0,0
210,12331,0,0
210,12332,1,0
210,12333,0,0
210,12334,0,0
210,12335,0,0
210,12336,0,0
210,12337,0,0
210,12338,0,0
210,12339,0,0
210,12340,0,0
210,12341,0,0
210,12342,0,0
210,12343,0,0
210,12344,0,0
210,12345,0,0
210,12346,0,0
210,12347,0,0
210,12348,0,0
210,12349,0,0
210,12350,0,0
210,12351,0,0
210,12352,0,0
210,12353,0,0
210,12354,0,0
210,12355,0,0
210,12356,0,0
210,12357,0,0
210,12358,0,0
210,12359,0,0
210,12360,0,0
210,12361,0,0
210,12362,0,0
210,12363,0,0
210,12364,0,0
210,12365,0,0
210,12366,0,0
210,12367,0,0
210,12368,0,0
210,12369,0,0
210,12370,0,0
210,12371,0,0
210,12372,0,0
210,12373,0,0
210,12374,0,0
210,12375,0,0
210,12376,0,0
210,12377,0,0
210,12378,2,0
210,12379,0,0
210,12380,0,0
210,12381,0,0
210,12382,0,0
210,12383,0,0
210,12384,0,0
210,12385,0,0
210,12386,0,0
210,12387,0,0
210,12388,0,0
210,12389,0,0
210,12390,0,0
210,12391,0,0
210,12392,0,0
210,12393,0,0
210,12394,0,0
210,12395,0,0
210,12396,0,0
210,12397,0,0
210,12398,0,0
210,12399,2,2
210,12400,0,0
210,12401,0,0
210,12402,0,0
210,12403,0,0
210,12404,0,0
210,12405,0,0
210,12406,0,0
210,12407,0,0
210,12408,0,0
210,12409,0,0
210,12410,0,0
210,12411,2,2
210,12412,0,0
210,12413,0,0
210,12414,0,0
210,12415,0,0
210,12416,0,0
210,12417,0,0
210,12418,0,0
210,12419,0,0
210,12420,0,0
210,12421,0,0
210,12422,0,0
210,12423,0,0
210,12424,0,0
210,12425,0,0
210,12426,0,0
210,12427,0,0
210,12428,0,0
210,12429,0,0
210,12430,0,0
210,12431,0,0
210,12432,0,0
210,12433,0,0
210,12434,2,2
210,12435,0,0
210,12436,0,0
210,12437,2,2
210,12438,0,0
210,12439,0,0
210,12440,0,0
210,12441,0,0
210,12442,0,0
210,12443,0,0
210,12444,0,0
210,12445,0,0
210,12446,0,0
210,12447,0,0
210,12448,0,0
210,12449,0,0
210,12450,0,0
210,12451,0,0
210,12452,2,0
210,12453,0,0
210,12454,0,0
210,12455,0,0
210,12456,0,0
210,12457,0,0
210,12458,0,0
210,12459,0,0
210,12460,0,0
210,12461,0,0
210,12462,0,0
210,12463,0,0
210,12464,0,0
210,12465,0,0
210,12466,0,0
210,12467,0,0
210,12468,0,0
210,12469,0,0
210,12470,0,0
210,12471,0,0
210,12472,0,0
210,12473,0,0
210,12474,2,2
210,12475,0,0
210,12476,0,0
210,12477,0,0
210,12478,0,0
210,12479,0,0
210,12480,0,0
210,12481,0,0
210,12482,0,0
210,12483,2,2
210,12484,0,0
210,12485,0,0
210,12486,0,0
210,12487,2,0
210,12488,0,0
210,12489,0,0
210,12490,0,0
210,12491,0,0
210,12492,0,0
210,12493,0,0
210,12494,0,0
210,12495,2,0
210,12496,0,0
210,12497,0,0
210,12498,0,0
210,12499,0,0
210,12500,0,0
210,12501,0,0
210,12502,0,0
210,12503,0,0
210,12504,0,0
210,12505,0,0
210,12506,0,0
210,12507,0,0
210,12508,1,0
210,12509,0,0
210,12510,0,0
210,12511,0,0
210,12512,0,0
210,12513,0,0
210,12514,0,0
210,12515,0,0
210,12516,0,0
210,12517,0,0
210,12518,0,0
210,12519,0,0
210,12520,0,0
210,12521,0,0
210,12522,0,0
210,12523,0,0
210,12524,0,0
210,12525,0,0
210,12526,2,0
210,12527,0,0
210,12528,0,0
210,12529,0,0
210,12530,0,0
210,12531,0,0
210,12532,0,0
210,12533,0,0
210,12534,0,0
210,12535,0,0
210,12536,0,0
210,12537,0,0
210,12538,1,0
210,12539,0,0
210,12540,0,0
210,12541,0,0
210,12542,2,0
210,12543,0,0
210,12544,2,0
210,12545,2,0
210,12546,0,0
210,12547,0,0
210,12548,0,0
210,12549,0,0
210,12550,0,0
210,12551,0,0
210,12552,0,0
210,12553,0,0
210,12554,0,0
210,12555,0,0
210,12556,1,0
210,12557,0,0
210,12558,0,0
210,12559,0,0
210,12560,2,0
210,12561,2,0
210,12562,2,0
210,12563,2,2
210,12564,2,0
210,12565,2,0
210,12566,0,0
210,12567,2,0
210,12568,2,0
210,12569,2,0
210,12570,2,2
210,12571,0,0
210,12572,0,0
210,12573,0,0
210,12574,3,0
210,12575,0,0
210,12576,0,0
210,12577,0,0
210,12578,0,0
210,12579,0,0
210,12580,0,0
210,12581,0,0
210,12582,2,2
210,12583,0,0
210,12584,0,0
210,12585,0,0
210,12586,0,0
210,12587,0,0
210,12588,2,0
210,12589,0,0
210,12590,0,0
210,12591,0,0
210,12592,0,0
210,12593,0,0
210,12594,0,0
210,12595,0,0
210,12596,0,0
210,12597,0,0
210,12598,0,0
210,12599,0,0
210,12600,2,2
210,12601,0,0
210,12602,0,0
210,12603,0,0
210,12604,0,0
210,12605,0,0
210,12606,0,0
210,12607,0,0
210,12608,0,0
210,12609,0,0
210,12610,2,2
210,12611,1,0
210,12612,0,0
210,12613,0,0
210,12614,0,0
210,12615,0,0
210,12616,0,0
210,12617,0,0
210,12618,0,0
210,12619,0,0
210,12620,0,0
210,12621,0,0
210,12622,0,0
210,12623,0,0
210,12624,0,0
210,12625,0,0
210,12626,0,0
210,12627,0,0
210,12628,2,2
210,12629,0,0
210,12630,0,0
210,12631,0,0
210,12632,0,0
210,12633,0,0
210,12634,0,0
210,12635,0,0
210,12636,0,0
210,12637,0,0
210,12638,0,0
210,12639,0,0
210,12640,0,0
210,12641,0,0
210,12642,0,0
210,12643,0,0
210,12644,0,0
210,12645,2,2
210,12646,0,0
210,12647,2,2
210,12648,0,0
210,12649,0,0
210,12650,0,0
210,12651,0,0
210,12652,0,0
210,12653,0,0
210,12654,0,0
210,12655,0,0
210,12656,0,0
210,12657,0,0
210,12658,0,0
210,12659,0,0
210,12660,0,0
210,12661,0,0
210,12662,0,0
210,12663,0,0
210,12664,0,0
210,12665,0,0
210,12666,0,0
210,12667,0,0
210,12668,0,0
210,12669,0,0
210,12670,0,0
210,12671,0,0
210,12672,0,0
210,12673,0,0
210,12674,0,0
210,12675,0,0
210,12676,0,0
210,12677,2,2
210,12678,0,0
210,12679,0,0
210,12680,0,0
210,12681,0,0
210,12682,0,0
210,12683,0,0
210,12684,0,0
210,12685,0,0
210,12686,0,0
210,12687,0,0
210,12688,0,0
210,12689,0,0
210,12690,0,0
210,12691,0,0
210,12692,0,0
210,12693,0,0
210,12694,0,0
210,12695,0,0
210,12696,0,0
210,12697,0,0
210,12698,0,0
210,12699,0,0
210,12700,0,0
210,12701,0,0
210,12702,0,0
210,12703,0,0
210,12704,0,0
210,12705,0,0
210,12706,0,0
210,12707,0,0
210,12708,2,2
210,12709,0,0
210,12710,0,0
210,12711,0,0
210,12712,0,0
210,12713,0,0
210,12714,1,0
210,12715,0,0
210,12716,0,0
210,12717,0,0
210,12718,0,0
210,12719,0,0
210,12720,0,0
210,12721,0,0
210,12722,0,0
210,12723,0,0
210,12724,0,0
210,12725,0,0
210,12726,0,0
210,12727,2,2
210,12728,0,0
210,12729,0,0
210,12730,0,0
210,12731,0,0
210,12732,0,0
210,12733,0,0
210,12734,0,0
210,12735,0,0
210,12736,0,0
210,12737,0,0
210,12738,0,0
210,12739,0,0
210,12740,2,0
210,12741,2,2
210,12742,2,2
210,12743,0,0
210,12744,0,0
210,12745,0,0
210,12746,0,0
210,12747,0,0
210,12748,0,0
210,12749,0,0
210,12750,0,0
210,12751,0,0
210,12752,0,0
210,12753,0,0
210,12754,0,0
210,12755,0,0
210,12756,0,0
210,12757,2,2
210,12758,0,0
210,12759,0,0
210,12760,0,0
210,12761,0,0
210,12762,2,2
210,12763,0,0
210,12764,0,0
210,12765,0,0
210,12766,2,0
210,12767,0,0
210,12768,0,0
212,12769,0,0
212,12770,0,0
212,12771,0,0
212,12772,0,0
212,12773,0,0
212,12774,0,0
212,12775,0,0
212,12776,0,0
212,12777,0,0
212,12778,0,0
212,12779,0,0
212,12780,0,0
212,12781,0,0
212,12782,0,0
212,12783,0,0
212,12784,0,0
212,12785,0,0
212,12786,0,0
212,12787,0,0
212,12788,0,0
212,12789,0,0
212,12790,0,0
212,12791,0,0
212,12792,0,0
212,12793,0,0
212,12794,0,0
212,12795,0,0
212,12796,0,0
212,12797,0,0
212,12798,0,0
212,12799,0,0
212,12800,0,0
212,12801,0,0
212,12802,0,0
212,12803,0,0
212,12804,0,0
212,12805,0,0
212,12806,0,0
212,12807,0,0
212,12808,0,0
212,12809,0,0
212,12810,0,0
212,12811,0,0
212,12812,0,0
212,12813,0,0
212,12814,0,0
212,12815,0,0
212,12816,0,0
212,12817,0,0
212,12818,0,0
212,12819,0,0
212,12820,0,0
212,12821,0,0
212,12822,0,0
212,12823,0,0
212,12824,0,0
212,12825,0,0
212,12826,0,0
212,12827,0,0
212,12828,0,0
212,12829,0,0
212,12830,0,0
212,12831,0,0
212,12832,0,0
212,12833,0,0
212,12834,0,0
212,12835,0,0
212,12836,0,0
212,12837,0,0
212,12838,0,0
212,12839,0,0
212,12840,0,0
212,12841,0,0
212,12842,0,0
212,12843,0,0
212,12844,0,0
212,12845,0,0
212,12846,0,0
212,12847,0,0
212,12848,0,0
212,12849,0,0
212,12850,0,0
212,12851,0,0
212,12852,0,0
212,12853,0,0
212,12854,0,0
212,12855,0,0
212,12856,0,0
212,12857,0,0
212,12858,0,0
212,12859,0,0
212,12860,0,0
212,12861,0,0
212,12862,0,0
212,12863,0,0
212,12864,0,0
212,12865,0,0
212,12866,0,0
212,12867,0,0
212,12868,0,0
212,12869,0,0
212,12870,0,0
212,12871,0,0
212,12872,0,0
212,12873,0,0
212,12874,0,0
212,12875,0,0
212,12876,0,0
212,12877,0,0
212,12878,0,0
212,12879,0,0
212,12880,0,0
212,12881,0,0
212,12882,0,0
212,12883,0,0
212,12884,0,0
212,12885,0,0
212,12886,0,0
212,12887,0,0
212,12888,0,0
212,12889,0,0
212,12890,0,0
212,12891,0,0
212,12892,0,0
212,12893,0,0
212,12894,0,0
212,12895,0,0
212,12896,0,0
212,12897,0,0
212,12898,0,0
212,12899,0,0
212,12900,0,0
212,12901,0,0
212,12902,0,0
212,12903,0,0
212,12904,0,0
212,12905,0,0
212,12906,0,0
212,12907,0,0
212,12908,0,0
212,12909,0,0
212,12910,0,0
212,12911,0,0
212,12912,0,0
212,12913,0,0
212,12914,0,0
212,12915,0,0
212,12916,0,0
212,12917,0,0
212,12918,0,0
212,12919,0,0
212,12920,0,0
212,12921,0,0
212,12922,0,0
212,12923,0,0
212,12924,0,0
212,12925,0,0
212,12926,0,0
212,12927,0,0
212,12928,0,0
212,12929,0,0
212,12930,0,0
212,12931,0,0
212,12932,0,0
212,12933,0,0
212,12934,0,0
212,12935,0,0
212,12936,0,0
212,12937,0,0
212,12938,0,0
212,12939,0,0
212,12940,0,0
212,12941,0,0
212,12942,0,0
212,12943,0,0
212,12944,0,0
212,12945,0,0
212,12946,0,0
212,12947,0,0
212,12948,0,0
212,12949,0,0
212,12950,0,0
212,12951,0,0
212,12952,0,0
212,12953,0,0
212,12954,0,0
212,12955,0,0
212,12956,0,0
212,12957,0,0
212,12958,0,0
212,12959,0,0
212,12960,0,0
212,12961,0,0
212,12962,0,0
212,12963,0,0
212,12964,0,0
212,12965,0,0
212,12966,0,0
212,12967,0,0
212,12968,0,0
212,12969,0,0
212,12970,0,0
212,12971,0,0
212,12972,0,0
212,12973,0,0
212,12974,0,0
212,12975,0,0
212,12976,0,0
212,12977,0,0
212,12978,0,0
212,12979,0,0
212,12980,0,0
212,12981,0,0
212,12982,0,0
212,12983,0,0
212,12984,0,0
212,12985,0,0
212,12986,0,0
212,12987,0,0
212,12988,0,0
212,12989,0,0
212,12990,0,0
212,12991,0,0
212,12992,0,0
212,12993,0,0
212,12994,0,0
212,12995,0,0
212,12996,0,0
212,12997,0,0
212,12998,0,0
212,12999,0,0
212,13000,0,0
212,13001,0,0
212,13002,0,0
212,13003,0,0
212,13004,0,0
212,13005,0,0
212,13006,0,0
212,13007,0,0
212,13008,0,0
212,13009,0,0
212,13010,0,0
212,13011,0,0
212,13012,0,0
212,13013,0,0
212,13014,0,0
212,13015,0,0
212,13016,0,0
212,13017,0,0
212,13018,0,0
212,13019,0,0
212,13020,0,0
212,13021,0,0
212,13022,0,0
212,13023,0,0
212,13024,0,0
212,13025,0,0
212,13026,0,0
212,13027,0,0
212,13028,0,0
212,13029,0,0
212,13030,0,0
212,13031,0,0
212,13032,0,0
212,13033,0,0
212,13034,0,0
212,13035,0,0
212,13036,0,0
212,13037,0,0
212,13038,0,0
212,13039,0,0
212,13040,0,0
212,13041,0,0
212,13042,0,0
212,13043,0,0
212,13044,0,0
212,13045,0,0
212,13046,0,0
212,13047,0,0
212,13048,0,0
212,13049,0,0
212,13050,0,0
212,13051,0,0
212,13052,0,0
212,13053,0,0
212,13054,0,0
212,13055,0,0
212,13056,0,0
212,13057,0,0
212,13058,0,0
212,13059,0,0
212,13060,0,0
212,13061,0,0
212,13062,0,0
212,13063,0,0
212,13064,0,0
212,13065,0,0
212,13066,0,0
212,13067,0,0
212,13068,0,0
212,13069,0,0
212,13070,0,0
212,13071,0,0
212,13072,0,0
212,13073,0,0
212,13074,0,0
212,13075,0,0
212,13076,0,0
212,13077,0,0
212,13078,0,0
212,13079,0,0
212,13080,0,0
212,13081,0,0
212,13082,0,0
212,13083,0,0
212,13084,0,0
212,13085,0,0
212,13086,0,0
212,13087,0,0
212,13088,0,0
212,13089,0,0
212,13090,0,0
212,13091,0,0
212,13092,0,0
212,13093,0,0
212,13094,0,0
212,13095,0,0
212,13096,0,0
212,13097,0,0
212,13098,0,0
212,13099,0,0
212,13100,0,0
212,13101,0,0
212,13102,0,0
212,13103,0,0
212,13104,0,0
212,13105,0,0
212,13106,0,0
212,13107,0,0
212,13108,0,0
212,13109,0,0
212,13110,0,0
212,13111,0,0
212,13112,0,0
212,13113,0,0
212,13114,0,0
212,13115,0,0
212,13116,0,0
212,13117,0,0
212,13118,0,0
212,13119,0,0
212,13120,0,0
212,13121,0,0
212,13122,0,0
212,13123,0,0
212,13124,0,0
212,13125,0,0
212,13126,0,0
212,13127,0,0
212,13128,0,0
212,13129,0,0
212,13130,0,0
212,13131,0,0
212,13132,0,0
212,13133,0,0
212,13134,0,0
212,13135,0,0
212,13136,0,0
212,13137,0,0
212,13138,0,0
212,13139,0,0
212,13140,0,0
212,13141,0,0
212,13142,0,0
212,13143,0,0
212,13144,0,0
212,13145,0,0
212,13146,0,0
212,13147,0,0
212,13148,0,0
212,13149,0,0
212,13150,0,0
212,13151,0,0
212,13152,0,0
212,13153,0,0
212,13154,0,0
212,13155,0,0
212,13156,0,0
212,13157,0,0
212,13158,0,0
212,13159,0,0
212,13160,0,0
212,13161,0,0
212,13162,0,0
212,13163,0,0
212,13164,0,0
212,13165,0,0
212,13166,0,0
212,13167,0,0
212,13168,0,0
212,13169,0,0
212,13170,0,0
212,13171,0,0
212,13172,0,0
212,13173,0,0
212,13174,0,0
212,13175,0,0
212,13176,0,0
212,13177,0,0
212,13178,0,0
212,13179,0,0
212,13180,0,0
212,13181,0,0
212,13182,0,0
212,13183,0,0
212,13184,0,0
212,13185,0,0
212,13186,0,0
212,13187,0,0
212,13188,0,0
212,13189,0,0
212,13190,0,0
212,13191,0,0
212,13192,0,0
212,13193,0,0
212,13194,0,0
212,13195,0,0
212,13196,0,0
212,13197,0,0
212,13198,0,0
212,13199,0,0
212,13200,0,0
212,13201,0,0
212,13202,0,0
212,13203,0,0
212,13204,0,0
212,13205,0,0
212,13206,0,0
212,13207,0,0
212,13208,0,0
212,13209,0,0
212,13210,0,0
212,13211,0,0
212,13212,0,0
212,13213,0,0
212,13214,0,0
212,13215,0,0
212,13216,0,0
212,13217,0,0
212,13218,0,0
212,13219,0,0
212,13220,0,0
212,13221,0,0
212,13222,0,0
212,13223,0,0
212,13224,0,0
212,13225,0,0
212,13226,0,0
212,13227,0,0
212,13228,0,0
212,13229,0,0
212,13230,0,0
212,13231,0,0
212,13232,0,0
212,13233,0,0
212,13234,0,0
212,13235,0,0
212,13236,0,0
212,13237,0,0
212,13238,0,0
212,13239,0,0
212,13240,0,0
212,13241,0,0
212,13242,0,0
212,13243,0,0
212,13244,0,0
212,13245,0,0
212,13246,0,0
212,13247,0,0
212,13248,0,0
212,13249,0,0
212,13250,0,0
212,13251,0,0
212,13252,0,0
212,13253,0,0
212,13254,0,0
212,13255,0,0
212,13256,0,0
212,13257,0,0
212,13258,0,0
212,13259,0,0
212,13260,0,0
212,13261,0,0
212,13262,0,0
212,13263,0,0
212,13264,0,0
212,13265,0,0
212,13266,0,0
212,13267,0,0
212,13268,0,0
212,13269,0,0
212,13270,0,0
212,13271,0,0
212,13272,0,0
212,13273,0,0
212,13274,0,0
212,13275,0,0
212,13276,0,0
212,13277,0,0
212,13278,0,0
212,13279,0,0
212,13280,0,0
212,13281,0,0
212,13282,0,0
212,13283,0,0
212,13284,0,0
212,13285,0,0
212,13286,0,0
212,13287,0,0
212,13288,0,0
212,13289,0,0
212,13290,0,0
212,13291,0,0
212,13292,0,0
212,13293,0,0
212,13294,0,0
212,13295,0,0
212,13296,0,0
212,13297,0,0
212,13298,0,0
212,13299,0,0
213,13300,0,0
213,13301,0,0
213,13302,0,0
213,13303,0,0
213,13304,0,0
213,13305,0,0
213,13306,0,0
213,13307,0,0
213,13308,0,0
213,13309,0,0
213,13310,0,0
213,13311,0,0
213,13312,0,0
213,13313,0,0
213,13314,0,0
213,13315,0,0
213,13316,0,0
213,13317,0,0
213,13318,0,0
213,13319,0,0
213,13320,0,0
213,13321,0,0
213,13322,0,0
213,13323,0,0
213,13324,0,0
213,13325,0,0
213,13326,0,0
213,13327,0,0
213,13328,0,0
213,13329,0,0
213,13330,0,0
213,13331,0,0
213,13332,0,0
213,13333,0,0
213,13334,0,0
213,13335,0,0
213,13336,0,0
213,13337,3,0
213,13338,0,0
213,13339,3,0
213,13340,3,0
213,13341,0,0
213,13342,3,0
213,13343,0,0
213,13344,3,0
213,13345,0,0
213,13346,0,0
213,13347,0,0
213,13348,0,0
213,13349,2,2
213,13350,3,0
213,13351,0,0
213,13352,3,0
213,13353,0,0
213,13354,0,0
213,13355,3,3
213,13356,0,0
213,13357,3,3
213,13358,3,0
213,13359,0,0
213,13360,2,3
213,13361,3,0
213,13362,0,0
213,13363,2,3
213,13364,3,0
213,13365,3,0
213,13366,0,0
213,13367,3,0
213,13368,0,0
213,13369,3,0
213,13370,0,0
213,13371,3,0
213,13372,0,0
213,13373,3,0
213,13374,3,0
213,13375,2,2
213,13376,0,0
213,13377,0,0
213,13378,3,0
213,13379,0,0
213,13380,0,0
213,13381,0,0
213,13382,3,0
213,13383,3,0
213,13384,0,0
213,13385,2,2
213,13386,0,0
213,13387,0,0
213,13388,0,0
213,13389,0,0
213,13390,0,0
213,13391,2,0
213,13392,0,0
213,13393,0,0
213,13394,0,0
213,13395,0,0
213,13396,0,0
213,13397,0,0
213,13398,0,0
213,13399,0,0
213,13400,0,0
213,13401,0,0
213,13402,0,0
213,13403,0,0
213,13404,3,0
213,13405,0,0
213,13406,0,0
213,13407,0,0
213,13408,0,0
213,13409,0,0
213,13410,0,0
213,13411,0,0
213,13412,0,0
213,13413,0,0
213,13414,0,0
213,13415,0,0
213,13416,0,0
213,13417,0,0
213,13418,0,0
213,13419,0,0
213,13420,0,0
213,13421,0,0
213,13422,0,0
213,13423,0,0
213,13424,0,0
213,13425,0,0
213,13426,3,0
213,13427,0,0
213,13428,0,0
213,13429,0,0
213,13430,0,0
213,13431,0,0
213,13432,0,0
213,13433,0,0
213,13434,0,0
213,13435,0,0
213,13436,0,0
213,13437,0,0
213,13438,0,0
213,13439,0,0
213,13440,0,0
213,13441,0,0
213,13442,0,0
213,13443,0,0
213,13444,0,0
213,13445,0,0
213,13446,0,0
213,13447,0,0
213,13448,0,0
213,13449,0,0
213,13450,0,0
213,13451,0,0
213,13452,0,0
213,13453,0,0
213,13454,0,0
213,13455,0,0
213,13456,0,0
213,13457,0,0
213,13458,0,0
213,13459,0,0
213,13460,0,0
213,13461,0,0
213,13462,0,0
213,13463,0,0
213,13464,0,0
213,13465,0,0
213,13466,3,0
213,13467,0,0
213,13468,0,0
213,13469,0,0
213,13470,3,0
213,13471,0,0
213,13472,2,2
213,13473,3,0
213,13474,2,0
213,13475,3,0
213,13476,2,3
213,13477,3,0
213,13478,3,0
213,13479,0,0
213,13480,0,0
213,13481,0,0
213,13482,2,0
213,13483,0,0
213,13484,2,3
213,13485,2,0
213,13486,0,0
213,13487,0,0
213,13488,0,0
213,13489,0,0
213,13490,0,0
213,13491,3,0
213,13492,3,0
213,13493,3,0
213,13494,3,0
213,13495,0,0
213,13496,0,0
213,13497,3,0
213,13498,0,0
213,13499,0,0
213,13500,3,0
213,13501,0,0
213,13502,0,0
213,13503,0,0
213,13504,0,0
213,13505,1,0
213,13506,0,0
213,13507,0,0
213,13508,2,0
213,13509,0,0
213,13510,0,0
213,13511,0,0
213,13512,0,0
213,13513,0,0
213,13514,0,0
213,13515,0,0
213,13516,3,0
213,13517,3,0
213,13518,3,0
213,13519,0,0
213,13520,0,0
213,13521,0,0
213,13522,0,0
213,13523,0,0
213,13524,2,3
213,13525,0,0
213,13526,0,0
213,13527,0,0
213,13528,0,0
213,13529,2,0
213,13530,0,0
213,13531,0,0
213,13532,0,0
213,13533,0,0
213,13534,0,0
213,13535,0,0
213,13536,2,2
213,13537,3,2
213,13538,0,0
213,13539,0,0
213,13540,0,0
213,13541,0,0
213,13542,0,0
213,13543,0,0
213,13544,0,0
213,13545,0,0
213,13546,0,0
213,13547,0,0
213,13548,0,0
213,13549,0,0
213,13550,0,0
213,13551,0,0
213,13552,0,0
213,13553,0,0
213,13554,0,0
213,13555,0,0
213,13556,0,0
213,13557,0,0
213,13558,0,0
213,13559,0,0
213,13560,0,0
213,13561,0,0
213,13562,0,0
213,13563,0,0
213,13564,0,0
213,13565,0,0
213,13566,0,0
213,13567,0,0
213,13568,0,0
213,13569,0,0
213,13570,0,0
213,13571,0,0
213,13572,0,0
213,13573,0,0
213,13574,0,0
213,13575,0,0
213,13576,0,0
213,13577,0,0
213,13578,0,0
213,13579,0,0
213,13580,0,0
213,13581,0,0
213,13582,0,0
213,13583,0,0
213,13584,0,0
213,13585,0,0
213,13586,0,0
213,13587,0,0
213,13588,0,0
213,13589,0,0
213,13590,0,0
213,13591,0,0
213,13592,0,0
213,13593,0,0
213,13594,3,0
213,13595,2,0
213,13596,0,0
213,13597,0,0
213,13598,3,0
213,13599,0,0
213,13600,0,0
213,13601,0,0
213,13602,0,0
213,13603,0,0
213,13604,0,0
213,13605,0,0
213,13606,0,0
213,13607,0,0
213,13608,0,0
213,13609,3,0
213,13610,2,0
213,13611,0,0
213,13612,2,3
213,13613,0,0
213,13614,3,3
213,13615,3,0
213,13616,0,0
213,13617,0,0
213,13618,0,0
213,13619,3,3
213,13620,0,0
213,13621,3,0
213,13622,0,0
213,13623,1,0
213,13624,0,0
213,13625,0,0
213,13626,0,0
213,13627,2,2
213,13628,0,0
213,13629,3,0
213,13630,2,2
213,13631,0,0
213,13632,0,0
213,13633,0,0
213,13634,0,0
213,13635,0,0
213,13636,0,0
213,13637,0,0
213,13638,0,0
213,13639,0,0
213,13640,0,0
213,13641,1,0
213,13642,3,0
213,13643,0,0
213,13644,0,0
213,13645,0,0
213,13646,0,0
213,13647,3,0
213,13648,0,0
213,13649,0,0
213,13650,0,0
213,13651,0,0
213,13652,0,0
213,13653,0,0
213,13654,0,0
213,13655,0,0
213,13656,0,0
213,13657,2,0
213,13658,0,0
213,13659,0,0
213,13660,0,0
213,13661,0,0
213,13662,0,0
213,13663,0,0
213,13664,0,0
213,13665,0,0
213,13666,0,0
213,13667,0,0
213,13668,0,0
213,13669,0,0
213,13670,0,0
213,13671,0,0
213,13672,0,0
213,13673,0,0
213,13674,0,0
213,13675,0,0
213,13676,0,0
213,13677,0,0
213,13678,0,0
213,13679,0,0
213,13680,1,0
213,13681,0,0
213,13682,0,0
213,13683,0,0
213,13684,0,0
213,13685,0,0
213,13686,0,0
213,13687,0,0
213,13688,0,0
213,13689,0,0
213,13690,0,0
213,13691,0,0
213,13692,0,0
213,13693,0,0
213,13694,0,0
213,13695,0,0
213,13696,0,0
213,13697,0,0
213,13698,0,0
213,13699,0,0
213,13700,3,0
213,13701,0,0
213,13702,3,0
213,13703,3,3
213,13704,0,0
213,13705,2,0
213,13706,0,0
213,13707,3,3
213,13708,2,3
213,13709,1,0
213,13710,0,0
213,13711,0,0
213,13712,3,0
213,13713,0,0
213,13714,0,0
213,13715,0,0
213,13716,0,0
213,13717,0,0
213,13718,0,0
213,13719,0,0
213,13720,0,0
213,13721,0,0
213,13722,0,0
213,13723,0,0
213,13724,2,0
213,13725,0,0
213,13726,3,0
213,13727,0,0
213,13728,0,0
213,13729,2,2
213,13730,0,0
213,13731,3,0
213,13732,0,0
213,13733,3,0
213,13734,0,0
213,13735,0,0
213,13736,0,0
213,13737,3,0
213,13738,0,0
213,13739,3,0
213,13740,3,0
213,13741,0,0
213,13742,0,0
213,13743,2,2
213,13744,3,0
213,13745,2,2
213,13746,0,0
213,13747,0,0
213,13748,0,0
213,13749,3,0
213,13750,0,0
213,13751,0,0
213,13752,0,0
213,13753,0,0
213,13754,0,0
213,13755,0,0
213,13756,0,0
213,13757,0,0
213,13758,0,0
213,13759,0,0
213,13760,0,0
213,13761,0,0
213,13762,0,0
213,13763,0,0
213,13764,0,0
213,13765,0,0
213,13766,0,0
213,13767,0,0
213,13768,0,0
213,13769,0,0
213,13770,0,0
213,13771,0,0
213,13772,0,0
213,13773,0,0
213,13774,0,0
213,13775,0,0
213,13776,0,0
213,13777,0,0
213,13778,0,0
213,13779,0,0
213,13780,0,0
213,13781,0,0
213,13782,0,0
213,13783,0,0
213,13784,0,0
213,13785,0,0
213,13786,0,0
213,13787,0,0
213,13788,0,0
213,13789,0,0
213,13790,0,0
213,13791,0,0
213,13792,0,0
213,13793,0,0
213,13794,0,0
213,13795,0,0
213,13796,3,2
213,13797,0,0
213,13798,0,0
213,13799,0,0
213,13800,3,2
213,13801,0,0
213,13802,0,0
213,13803,3,3
213,13804,0,0
213,13805,0,0
213,13806,0,0
213,13807,0,0
213,13808,0,0
213,13809,0,0
213,13810,0,0
213,13811,0,0
213,13812,0,0
213,13813,0,0
213,13814,3,0
213,13815,2,2
213,13816,0,0
213,13817,0,0
213,13818,0,0
213,13819,0,0
213,13820,3,0
213,13821,0,0
213,13822,0,0
213,13823,3,0
213,13824,2,0
213,13825,0,0
213,13826,0,0
213,13827,0,0
213,13828,1,0
213,13829,0,0
213,13830,0,0
213,13831,0,0
213,13832,0,0
213,13833,0,0
213,13834,0,0
213,13835,0,0
213,13836,0,0
213,13837,0,0
213,13838,0,0
213,13839,0,0
213,13840,0,0
213,13841,0,0
213,13842,0,0
213,13843,0,0
213,13844,0,0
213,13845,0,0
213,13846,0,0
213,13847,0,0
213,13848,0,0
213,13849,0,0
213,13850,0,0
213,13851,0,0
213,13852,0,0
213,13853,0,0
213,13854,0,0
213,13855,0,0
213,13856,0,0
213,13857,0,0
213,13858,0,0
213,13859,0,0
213,13860,0,0
213,13861,0,0
213,13862,0,0
213,13863,0,0
213,13864,0,0
213,13865,0,0
213,13866,0,0
213,13867,0,0
213,13868,0,0
213,13869,0,0
213,13870,0,0
213,13871,0,0
213,13872,0,0
213,13873,0,0
213,13874,0,0
213,13875,3,0
213,13876,0,0
213,13877,2,0
213,13878,2,0
213,13879,0,0
213,13880,0,0
213,13881,2,0
213,13882,0,0
213,13883,0,0
213,13884,0,0
213,13885,0,0
213,13886,0,0
213,13887,0,0
213,13888,2,2
213,13889,0,0
213,13890,3,0
213,13891,0,0
213,13892,0,0
213,13893,0,0
213,13894,0,0
213,13895,0,0
213,13896,0,0
213,13897,0,0
213,13898,0,0
213,13899,0,0
213,13900,0,0
213,13901,0,0
213,13902,0,0
213,13903,0,0
213,13904,2,2
213,13905,0,0
213,13906,2,0
213,13907,0,0
213,13908,0,0
213,13909,0,0
213,13910,0,0
213,13911,2,0
213,13912,0,0
213,13913,0,0
213,13914,0,0
213,13915,0,0
213,13916,0,0
213,13917,0,0
213,13918,0,0
213,13919,2,3
213,13920,0,0
213,13921,0,0
213,13922,0,0
213,13923,0,0
213,13924,0,0
213,13925,0,0
213,13926,0,0
213,13927,0,0
213,13928,0,0
213,13929,0,0
213,13930,0,0
213,13931,0,0
213,13932,0,0
214,13933,2,2
214,13934,0,0
214,13935,0,0
214,13936,0,0
214,13937,0,0
214,13938,0,0
214,13939,0,0
214,13940,0,0
214,13941,0,0
214,13942,0,0
214,13943,0,0
214,13944,0,0
214,13945,0,0
214,13946,0,0
214,13947,0,0
214,13948,0,0
214,13949,0,0
214,13950,0,0
214,13951,0,0
214,13952,0,0
214,13953,0,0
214,13954,0,0
214,13955,0,0
214,13956,0,0
214,13957,2,2
214,13958,0,0
214,13959,0,0
214,13960,0,0
214,13961,0,0
214,13962,0,0
214,13963,0,0
214,13964,0,0
214,13965,0,0
214,13966,0,0
214,13967,2,2
214,13968,0,0
214,13969,0,0
214,13970,0,0
214,13971,0,0
214,13972,0,0
214,13973,0,0
214,13974,0,0
214,13975,0,0
214,13976,0,0
214,13977,2,0
214,13978,0,0
214,13979,0,0
214,13980,0,0
214,13981,0,0
214,13982,0,0
214,13983,0,0
214,13984,0,0
214,13985,0,0
214,13986,0,0
214,13987,2,2
214,13988,0,0
214,13989,0,0
214,13990,0,0
214,13991,0,0
214,13992,0,0
214,13993,0,0
214,13994,0,0
214,13995,0,0
214,13996,0,0
214,13997,0,0
214,13998,2,2
214,13999,2,2
214,14000,0,0
214,14001,0,0
214,14002,0,0
214,14003,0,0
214,14004,0,0
214,14005,0,0
214,14006,2,0
214,14007,0,0
214,14008,0,0
214,14009,0,0
214,14010,0,0
214,14011,0,0
214,14012,0,0
214,14013,2,0
214,14014,0,0
214,14015,0,0
214,14016,0,0
214,14017,2,0
214,14018,2,0
214,14019,0,0
214,14020,0,0
214,14021,0,0
214,14022,0,0
214,14023,0,0
214,14024,0,0
214,14025,0,0
214,14026,0,0
214,14027,0,0
214,14028,2,2
214,14029,0,0
214,14030,2,0
214,14031,0,0
214,14032,0,0
214,14033,2,2
214,14034,0,0
214,14035,0,0
214,14036,0,0
214,14037,0,0
214,14038,0,0
214,14039,0,0
214,14040,2,0
214,14041,0,0
214,14042,0,0
214,14043,0,0
214,14044,2,2
214,14045,0,0
214,14046,0,0
214,14047,0,0
214,14048,0,0
214,14049,0,0
214,14050,2,0
214,14051,0,0
214,14052,0,0
214,14053,0,0
214,14054,0,0
214,14055,2,0
214,14056,0,0
214,14057,0,0
214,14058,2,0
214,14059,0,0
214,14060,0,0
214,14061,0,0
214,14062,0,0
214,14063,0,0
214,14064,0,0
214,14065,0,0
214,14066,0,0
214,14067,2,0
214,14068,2,0
214,14069,0,0
214,14070,0,0
214,14071,0,0
214,14072,0,0
214,14073,0,0
214,14074,0,0
214,14075,0,0
214,14076,0,0
214,14077,2,0
214,14078,0,0
214,14079,0,0
214,14080,0,0
214,14081,0,0
214,14082,0,0
214,14083,0,0
214,14084,0,0
214,14085,0,0
214,14086,0,0
214,14087,0,0
214,14088,0,0
214,14089,0,0
214,14090,0,0
214,14091,0,0
214,14092,0,1
214,14093,2,0
214,14094,0,0
214,14095,0,0
214,14096,0,0
214,14097,0,0
214,14098,0,0
214,14099,2,0
214,14100,0,0
214,14101,0,0
214,14102,0,0
214,14103,2,0
214,14104,0,0
214,14105,0,0
214,14106,2,2
214,14107,0,0
214,14108,0,0
214,14109,0,0
214,14110,0,0
214,14111,0,0
214,14112,0,0
214,14113,0,0
214,14114,0,0
214,14115,0,0
214,14116,0,0
214,14117,0,0
214,14118,0,0
214,14119,0,0
214,14120,0,0
214,14121,2,2
214,14122,0,0
214,14123,0,0
214,14124,2,2
214,14125,0,0
214,14126,2,0
214,14127,2,2
214,14128,0,0
214,14129,0,0
214,14130,0,0
214,14131,0,0
214,14132,0,0
214,14133,0,0
214,14134,0,0
214,14135,0,0
214,14136,2,1
214,14137,0,0
214,14138,0,0
214,14139,0,0
214,14140,2,2
214,14141,0,0
214,14142,0,0
214,14143,0,0
214,14144,0,0
214,14145,0,0
214,14146,0,0
214,14147,0,0
214,14148,0,0
214,14149,0,0
214,14150,2,0
214,14151,2,0
214,14152,0,0
214,14153,0,0
214,14154,0,0
214,14155,0,0
214,14156,0,0
214,14157,0,0
214,14158,0,0
214,14159,0,0
214,14160,0,0
214,14161,0,0
214,14162,0,0
214,14163,2,2
214,14164,0,0
214,14165,0,0
214,14166,0,0
214,14167,0,0
214,14168,0,0
214,14169,0,0
214,14170,0,0
214,14171,0,0
214,14172,0,0
214,14173,0,0
214,14174,0,0
214,14175,0,0
214,14176,0,0
214,14177,0,0
214,14178,0,0
214,14179,0,0
214,14180,0,0
214,14181,0,0
214,14182,0,0
214,14183,0,0
214,14184,0,0
214,14185,0,0
214,14186,0,0
214,14187,0,0
214,14188,0,0
214,14189,0,0
214,14190,0,0
214,14191,2,2
214,14192,0,0
214,14193,0,0
214,14194,0,0
214,14195,0,0
214,14196,0,0
214,14197,0,0
214,14198,0,0
214,14199,0,0
214,14200,0,0
214,14201,0,0
214,14202,0,0
214,14203,0,0
214,14204,0,0
214,14205,0,0
214,14206,0,0
214,14207,0,0
214,14208,0,0
214,14209,0,0
214,14210,0,0
214,14211,2,0
214,14212,0,0
214,14213,2,0
214,14214,0,0
214,14215,0,0
214,14216,0,0
214,14217,0,0
214,14218,0,0
214,14219,0,0
214,14220,0,0
214,14221,0,0
214,14222,0,0
214,14223,0,0
214,14224,2,2
214,14225,0,0
214,14226,0,0
214,14227,0,0
214,14228,0,0
214,14229,0,0
214,14230,0,0
214,14231,0,0
214,14232,0,0
214,14233,0,0
214,14234,0,0
214,14235,0,0
214,14236,0,0
214,14237,0,0
214,14238,2,0
214,14239,0,0
214,14240,0,0
214,14241,0,0
214,14242,0,0
214,14243,2,0
214,14244,0,0
214,14245,0,0
214,14246,0,0
214,14247,0,0
214,14248,2,2
214,14249,0,0
214,14250,2,0
214,14251,0,0
214,14252,0,0
214,14253,0,0
214,14254,0,0
214,14255,0,0
214,14256,0,0
214,14257,0,0
214,14258,0,0
214,14259,0,0
214,14260,0,0
214,14261,0,0
214,14262,2,2
214,14263,0,0
214,14264,0,0
214,14265,0,0
214,14266,0,0
214,14267,0,0
214,14268,0,0
214,14269,0,0
214,14270,0,0
214,14271,0,0
214,14272,0,0
214,14273,0,0
214,14274,0,0
214,14275,0,0
214,14276,0,0
214,14277,0,0
214,14278,0,0
214,14279,2,2
214,14280,0,0
214,14281,0,0
214,14282,0,0
214,14283,0,0
214,14284,2,2
214,14285,0,0
214,14286,0,0
214,14287,0,0
214,14288,0,0
214,14289,0,0
214,14290,0,0
214,14291,0,0
214,14292,2,2
214,14293,0,0
214,14294,2,0
214,14295,0,0
214,14296,0,0
214,14297,0,0
214,14298,0,0
214,14299,0,0
214,14300,0,0
214,14301,0,0
214,14302,2,0
214,14303,2,2
214,14304,0,1
214,14305,0,0
214,14306,0,0
214,14307,0,0
214,14308,0,0
214,14309,0,0
214,14310,0,0
214,14311,0,0
214,14312,2,2
214,14313,0,0
214,14314,0,0
214,14315,0,0
214,14316,0,0
214,14317,0,0
214,14318,0,0
214,14319,0,0
214,14320,0,0
214,14321,0,0
214,14322,0,0
214,14323,0,0
214,14324,0,0
214,14325,0,0
214,14326,0,0
214,14327,2,0
214,14328,0,0
214,14329,0,0
214,14330,0,0
214,14331,2,0
214,14332,0,0
214,14333,0,0
214,14334,2,0
214,14335,0,0
214,14336,2,0
214,14337,0,0
214,14338,0,0
214,14339,0,0
214,14340,0,0
214,14341,0,0
214,14342,0,0
214,14343,0,0
214,14344,2,2
214,14345,0,0
214,14346,0,0
214,14347,2,2
214,14348,0,0
214,14349,2,2
214,14350,0,0
214,14351,0,0
214,14352,0,0
214,14353,0,0
214,14354,0,0
214,14355,2,2
214,14356,0,0
214,14357,0,0
214,14358,0,0
214,14359,0,0
214,14360,0,0
214,14361,3,0
214,14362,0,0
214,14363,0,0
214,14364,0,0
214,14365,0,0
214,14366,0,0
214,14367,0,0
214,14368,0,0
214,14369,0,0
214,14370,0,0
214,14371,0,0
214,14372,0,0
214,14373,0,0
214,14374,0,0
214,14375,0,0
214,14376,0,0
214,14377,0,0
214,14378,2,0
214,14379,0,0
214,14380,0,0
214,14381,0,0
214,14382,0,0
214,14383,0,0
214,14384,0,0
214,14385,0,0
214,14386,2,0
214,14387,0,0
214,14388,0,0
214,14389,2,0
214,14390,0,0
214,14391,0,0
215,14392,0,0
215,14393,0,0
215,14394,0,0
215,14395,0,0
215,14396,0,0
215,14397,0,0
215,14398,0,0
215,14399,2,2
215,14400,0,0
215,14401,0,0
215,14402,0,0
215,14403,0,0
215,14404,0,0
215,14405,0,0
215,14406,0,0
215,14407,0,0
215,14408,0,0
215,14409,0,0
215,14410,0,0
215,14411,0,0
215,14412,0,0
215,14413,0,0
215,14414,2,0
215,14415,0,0
215,14416,0,0
215,14417,0,0
215,14418,0,0
215,14419,0,0
215,14420,2,0
215,14421,0,0
215,14422,2,0
215,14423,0,0
215,14424,0,0
215,14425,0,0
215,14426,0,0
215,14427,0,0
215,14428,0,0
215,14429,0,0
215,14430,0,0
215,14431,0,0
215,14432,0,0
215,14433,0,0
215,14434,0,0
215,14435,0,0
215,14436,0,0
215,14437,0,0
215,14438,0,0
215,14439,0,0
215,14440,0,0
215,14441,0,0
215,14442,0,0
215,14443,0,0
215,14444,0,0
215,14445,0,1
215,14446,0,0
215,14447,2,2
215,14448,0,1
215,14449,2,0
215,14450,2,0
215,14451,2,2
215,14452,0,0
215,14453,0,0
215,14454,0,0
215,14455,0,0
215,14456,0,0
215,14457,0,0
215,14458,0,0
215,14459,0,0
215,14460,0,0
215,14461,0,0
215,14462,0,0
215,14463,0,0
215,14464,0,0
215,14465,0,0
215,14466,0,0
215,14467,0,0
215,14468,0,0
215,14469,0,0
215,14470,0,0
215,14471,0,0
215,14472,0,0
215,14473,0,0
215,14474,0,0
215,14475,0,0
215,14476,0,0
215,14477,0,0
215,14478,0,0
215,14479,0,0
215,14480,0,0
215,14481,0,0
215,14482,0,0
215,14483,0,0
215,14484,0,0
215,14485,0,0
215,14486,0,0
215,14487,0,0
215,14488,0,0
215,14489,0,0
215,14490,0,0
215,14491,0,0
215,14492,0,0
215,14493,0,0
215,14494,0,0
215,14495,0,0
215,14496,0,0
215,14497,0,0
215,14498,0,0
215,14499,0,0
215,14500,0,0
215,14501,2,2
215,14502,0,0
215,14503,0,0
215,14504,0,0
215,14505,2,0
215,14506,0,0
215,14507,0,0
215,14508,0,0
215,14509,0,0
215,14510,0,0
215,14511,0,0
215,14512,0,0
215,14513,0,0
215,14514,0,0
215,14515,0,0
215,14516,0,0
215,14517,0,0
215,14518,0,0
215,14519,0,0
215,14520,0,0
215,14521,0,0
215,14522,0,0
215,14523,0,0
215,14524,0,0
215,14525,0,0
215,14526,0,0
215,14527,0,0
215,14528,1,0
215,14529,2,2
215,14530,0,0
215,14531,0,0
215,14532,0,0
215,14533,0,0
215,14534,0,0
215,14535,0,0
215,14536,0,0
215,14537,0,0
215,14538,0,0
215,14539,0,0
215,14540,0,0
215,14541,2,0
215,14542,0,0
215,14543,0,0
215,14544,0,0
215,14545,0,0
215,14546,0,0
215,14547,0,0
215,14548,0,0
215,14549,0,0
215,14550,0,0
215,14551,0,0
215,14552,0,0
215,14553,2,0
215,14554,0,0
215,14555,0,0
215,14556,0,0
215,14557,0,0
215,14558,0,0
215,14559,0,0
215,14560,2,2
215,14561,0,0
215,14562,0,0
215,14563,0,0
215,14564,0,0
215,14565,0,0
215,14566,0,0
215,14567,0,0
215,14568,0,0
215,14569,0,0
215,14570,0,0
215,14571,0,0
215,14572,0,0
215,14573,0,0
215,14574,2,2
215,14575,0,0
215,14576,0,0
215,14577,0,0
215,14578,0,0
215,14579,0,0
215,14580,0,0
215,14581,2,0
215,14582,0,0
215,14583,2,0
215,14584,0,0
215,14585,0,0
215,14586,2,2
215,14587,0,0
215,14588,0,0
215,14589,0,0
215,14590,0,0
215,14591,0,0
215,14592,0,0
215,14593,0,0
215,14594,0,0
215,14595,0,0
215,14596,0,0
215,14597,0,0
215,14598,0,0
215,14599,0,0
215,14600,0,0
215,14601,0,0
215,14602,0,0
215,14603,0,0
215,14604,0,0
215,14605,0,0
215,14606,0,0
215,14607,0,0
215,14608,0,0
215,14609,0,0
215,14610,0,0
215,14611,0,0
215,14612,0,0
215,14613,0,0
215,14614,2,0
215,14615,0,0
215,14616,0,0
215,14617,0,0
215,14618,2,0
215,14619,0,0
215,14620,0,0
215,14621,0,0
215,14622,0,0
215,14623,0,0
215,14624,0,0
215,14625,0,0
215,14626,0,0
215,14627,0,0
215,14628,0,0
215,14629,0,0
215,14630,0,0
215,14631,0,0
215,14632,0,0
215,14633,0,0
215,14634,0,0
215,14635,0,0
215,14636,0,0
215,14637,0,0
215,14638,0,0
215,14639,0,0
215,14640,0,0
215,14641,0,0
215,14642,0,0
215,14643,0,0
215,14644,2,2
215,14645,0,0
215,14646,2,0
215,14647,0,0
215,14648,0,0
215,14649,0,0
215,14650,0,0
215,14651,0,0
215,14652,0,0
215,14653,0,0
215,14654,0,0
215,14655,0,0
215,14656,0,0
215,14657,0,0
215,14658,0,0
215,14659,0,0
215,14660,0,0
215,14661,0,0
215,14662,0,0
215,14663,0,0
215,14664,0,0
215,14665,0,0
215,14666,0,0
215,14667,0,0
215,14668,0,0
215,14669,0,0
215,14670,0,0
215,14671,0,0
215,14672,0,0
215,14673,0,0
215,14674,0,0
215,14675,0,0
215,14676,0,0
215,14677,0,0
215,14678,0,0
215,14679,0,0
215,14680,0,0
215,14681,0,0
215,14682,0,0
215,14683,0,0
215,14684,0,0
215,14685,0,0
215,14686,0,0
215,14687,0,0
215,14688,0,0
215,14689,0,0
215,14690,0,0
215,14691,0,0
215,14692,0,0
215,14693,0,0
215,14694,0,0
215,14695,0,0
215,14696,0,0
215,14697,0,0
215,14698,0,0
215,14699,0,0
215,14700,0,0
215,14701,0,0
215,14702,0,0
215,14703,0,0
215,14704,0,0
215,14705,0,0
215,14706,0,0
215,14707,0,0
215,14708,0,0
215,14709,0,0
215,14710,0,0
215,14711,0,0
215,14712,0,0
215,14713,0,0
215,14714,0,0
215,14715,0,0
215,14716,0,0
215,14717,0,0
215,14718,0,0
215,14719,0,0
215,14720,0,0
215,14721,0,0
215,14722,0,0
215,14723,0,0
215,14724,0,0
215,14725,0,0
215,14726,0,0
215,14727,0,0
215,14728,0,0
215,14729,0,0
215,14730,0,0
215,14731,0,0
215,14732,0,0
215,14733,0,0
215,14734,0,0
215,14735,0,0
215,14736,0,0
215,14737,0,0
215,14738,0,0
215,14739,0,0
215,14740,0,0
215,14741,0,0
215,14742,2,0
215,14743,0,0
215,14744,0,0
215,14745,0,0
215,14746,0,0
215,14747,0,0
215,14748,0,0
215,14749,0,0
215,14750,0,0
215,14751,0,0
215,14752,0,0
215,14753,0,0
215,14754,0,0
215,14755,0,0
215,14756,0,0
215,14757,0,0
215,14758,0,0
215,14759,0,0
215,14760,0,0
215,14761,0,0
215,14762,0,0
215,14763,0,0
215,14764,0,0
215,14765,0,0
215,14766,0,0
215,14767,0,0
215,14768,0,0
215,14769,0,0
215,14770,0,0
215,14771,0,0
215,14772,0,0
215,14773,0,0
215,14774,0,0
215,14775,0,0
215,14776,2,0
215,14777,0,0
215,14778,0,0
215,14779,0,0
215,14780,0,0
215,14781,0,0
215,14782,0,0
215,14783,2,2
215,14784,0,0
215,14785,0,0
215,14786,0,0
215,14787,0,0
215,14788,0,0
215,14789,0,0
215,14790,0,0
215,14791,0,0
215,14792,0,0
215,14793,0,0
215,14794,0,0
215,14795,0,0
215,14796,2,2
215,14797,0,0
215,14798,0,0
215,14799,2,0
215,14800,0,0
215,14801,0,0
215,14802,0,0
215,14803,0,0
215,14804,0,0
215,14805,0,0
215,14806,0,0
215,14807,0,0
215,14808,0,0
215,14809,0,0
215,14810,0,0
215,14811,0,0
215,14812,0,0
215,14813,0,0
215,14814,0,0
215,14815,2,0
215,14816,0,0
215,14817,0,0
215,14818,0,0
215,14819,0,0
215,14820,0,0
215,14821,0,0
215,14822,0,0
215,14823,0,0
215,14824,0,0
215,14825,0,0
215,14826,0,0
215,14827,0,0
215,14828,0,0
215,14829,0,0
215,14830,0,0
215,14831,0,0
215,14832,0,0
215,14833,0,0
215,14834,0,0
215,14835,0,0
215,14836,0,0
215,14837,0,0
215,14838,0,0
215,14839,0,0
215,14840,0,0
215,14841,0,0
215,14842,0,0
215,14843,0,0
215,14844,0,0
215,14845,0,0
215,14846,0,0
215,14847,0,0
215,14848,0,0
215,14849,0,0
215,14850,0,0
215,14851,0,0
215,14852,0,0
215,14853,0,0
215,14854,0,0
215,14855,0,0
215,14856,0,0
215,14857,0,0
215,14858,0,0
215,14859,0,0
215,14860,0,0
215,14861,0,0
215,14862,0,0
215,14863,0,0
215,14864,0,0
215,14865,0,0
215,14866,0,0
215,14867,0,0
215,14868,0,0
215,14869,0,0
215,14870,2,0
215,14871,0,0
215,14872,0,0
215,14873,0,0
215,14874,0,0
215,14875,0,0
215,14876,2,0
215,14877,0,0
215,14878,0,0
215,14879,0,0
215,14880,0,0
215,14881,0,0
215,14882,0,0
215,14883,0,0
215,14884,0,0
215,14885,0,0
215,14886,0,0
215,14887,0,0
215,14888,0,0
215,14889,0,0
215,14890,0,0
215,14891,0,0
215,14892,0,0
215,14893,0,0
215,14894,0,0
215,14895,2,2
215,14896,0,0
215,14897,0,0
215,14898,0,0
215,14899,0,0
215,14900,0,0
215,14901,0,0
215,14902,0,0
215,14903,0,0
215,14904,0,0
215,14905,0,0
215,14906,0,0
215,14907,0,0
215,14908,0,0
215,14909,0,0
215,14910,0,0
215,14911,0,0
215,14912,0,0
215,14913,0,0
215,14914,0,0
215,14915,0,0
215,14916,0,0
215,14917,0,0
215,14918,0,0
215,14919,0,0
215,14920,0,0
215,14921,0,0
215,14922,0,0
215,14923,0,0
215,14924,0,0
215,14925,0,0
215,14926,0,0
215,14927,0,0
215,14928,0,0
215,14929,0,0
215,14930,0,0
215,14931,0,0
215,14932,0,0
215,14933,0,0
215,14934,0,0
215,14935,0,0
215,14936,0,0
215,14937,0,0
215,14938,0,0
215,14939,0,0
215,14940,0,0
215,14941,0,0
215,14942,0,0
215,14943,0,0
215,14944,0,0
215,14945,0,0
215,14946,0,0
215,14947,2,2
215,14948,0,0
215,14949,0,0
215,14950,0,0
215,14951,0,0
215,14952,0,0
215,14953,0,0
215,14954,0,0
215,14955,0,0
215,14956,0,0
215,14957,0,0
215,14958,0,0
215,14959,0,0
215,14960,0,0
215,14961,0,0
215,14962,0,0
215,14963,2,0
215,14964,0,0
215,14965,0,0
215,14966,0,0
215,14967,0,0
215,14968,0,0
215,14969,2,0
215,14970,0,0
215,14971,0,0
215,14972,2,0
215,14973,0,0
215,14974,0,0
215,14975,0,0
215,14976,0,0
215,14977,0,0
215,14978,0,0
215,14979,0,0
215,14980,0,0
215,14981,0,0
215,14982,0,0
215,14983,0,0
215,14984,0,0
215,14985,0,0
215,14986,0,0
215,14987,0,0
215,14988,0,0
215,14989,0,0
215,14990,0,0
215,14991,0,0
215,14992,0,0
215,14993,0,0
215,14994,0,0
215,14995,0,0
215,14996,0,0
215,14997,0,0
215,14998,2,0
215,14999,0,0
215,15000,0,0
215,15001,0,0
215,15002,0,0
215,15003,0,0
215,15004,0,0
215,15005,0,0
215,15006,0,0
215,15007,0,0
215,15008,0,0
215,15009,0,0
215,15010,0,0
215,15011,0,0
215,15012,0,0
215,15013,0,0
215,15014,0,0
215,15015,0,0
215,15016,0,0
215,15017,0,0
215,15018,0,0
215,15019,0,0
215,15020,2,2
215,15021,0,0
215,15022,0,0
215,15023,0,0
215,15024,0,0
215,15025,0,0
215,15026,0,0
215,15027,0,0
215,15028,0,0
215,15029,2,0
215,15030,0,0
215,15031,0,0
215,15032,0,0
215,15033,0,0
215,15034,0,0
215,15035,0,0
215,15036,0,0
215,15037,0,0
215,15038,0,0
215,15039,0,0
215,15040,0,0
215,15041,0,0
215,15042,0,0
215,15043,0,0
215,15044,0,0
215,15045,0,0
215,15046,0,0
215,15047,2,0
215,15048,0,0
215,15049,0,0
215,15050,0,0
215,15051,0,0
215,15052,0,0
215,15053,0,0
215,15054,0,0
215,15055,2,0
215,15056,0,0
215,15057,0,0
215,15058,0,0
215,15059,0,0
215,15060,0,0
215,15061,0,0
215,15062,0,0
215,15063,0,0
215,15064,0,0
215,15065,0,0
215,15066,0,0
215,15067,0,0
215,15068,0,0
215,15069,0,0
215,15070,0,0
215,15071,0,0
215,15072,0,0
215,15073,0,0
215,15074,0,0
215,15075,0,0
215,15076,0,0
215,15077,0,0
215,15078,2,0
215,15079,0,0
215,15080,0,0
215,15081,0,0
215,15082,2,0
215,15083,0,0
215,15084,0,0
215,15085,0,0
219,15086,0,0
219,15087,0,0
219,15088,0,0
219,15089,0,0
219,15090,0,0
219,15091,0,0
219,15092,0,0
219,15093,0,0
219,15094,0,0
219,15095,0,0
219,15096,0,0
219,15097,0,0
219,15098,0,0
219,15099,0,0
219,15100,0,0
219,15101,0,0
219,15102,0,0
219,15103,0,0
219,15104,0,0
219,15105,0,0
219,15106,0,0
219,15107,0,0
219,15108,0,0
219,15109,0,0
219,15110,0,0
219,15111,0,0
219,15112,0,0
219,15113,0,0
219,15114,0,0
219,15115,0,2
219,15116,0,0
219,15117,0,0
219,15118,0,0
219,15119,0,0
219,15120,0,0
219,15121,0,0
219,15122,0,0
219,15123,0,0
219,15124,0,0
219,15125,0,0
219,15126,0,0
219,15127,0,0
219,15128,0,0
219,15129,0,0
219,15130,0,0
219,15131,0,0
219,15132,0,0
219,15133,0,0
219,15134,0,0
219,15135,0,0
219,15136,2,2
219,15137,0,0
219,15138,0,0
219,15139,0,0
219,15140,0,0
219,15141,0,0
219,15142,0,0
219,15143,0,0
219,15144,0,0
219,15145,0,0
219,15146,0,0
219,15147,0,0
219,15148,0,0
219,15149,0,0
219,15150,0,0
219,15151,0,0
219,15152,0,0
219,15153,0,0
219,15154,0,0
219,15155,0,0
219,15156,0,0
219,15157,0,0
219,15158,0,0
219,15159,0,0
219,15160,0,0
219,15161,0,0
219,15162,0,0
219,15163,0,0
219,15164,0,0
219,15165,0,0
219,15166,0,0
219,15167,0,0
219,15168,0,0
219,15169,0,0
219,15170,0,0
219,15171,0,0
219,15172,0,0
219,15173,0,0
219,15174,0,0
219,15175,0,0
219,15176,0,0
219,15177,0,0
219,15178,0,0
219,15179,0,0
219,15180,0,0
219,15181,0,0
219,15182,0,0
219,15183,0,0
219,15184,0,0
219,15185,0,0
219,15186,0,0
219,15187,0,0
219,15188,0,0
219,15189,0,0
219,15190,0,0
219,15191,0,0
219,15192,0,0
219,15193,0,0
219,15194,0,0
219,15195,0,0
219,15196,0,0
219,15197,0,0
219,15198,0,0
219,15199,0,0
219,15200,0,0
219,15201,0,0
219,15202,0,0
219,15203,0,0
219,15204,0,0
219,15205,0,0
219,15206,0,0
219,15207,0,0
219,15208,0,0
219,15209,0,0
219,15210,0,0
219,15211,0,0
219,15212,0,0
219,15213,0,0
219,15214,2,2
219,15215,0,0
219,15216,0,0
219,15217,0,0
219,15218,0,0
219,15219,0,0
219,15220,0,0
219,15221,0,0
219,15222,0,0
219,15223,0,0
219,15224,0,0
219,15225,0,0
219,15226,0,0
219,15227,2,2
219,15228,0,0
219,15229,0,0
219,15230,0,0
219,15231,0,0
219,15232,0,0
219,15233,0,0
219,15234,0,0
219,15235,0,0
219,15236,0,0
219,15237,0,0
219,15238,0,0
219,15239,0,0
219,15240,0,0
219,15241,0,0
219,15242,0,0
219,15243,0,0
219,15244,0,0
219,15245,0,0
219,15246,0,0
219,15247,0,0
219,15248,2,2
219,15249,0,0
219,15250,0,0
219,15251,0,0
219,15252,0,0
219,15253,0,0
219,15254,2,2
219,15255,0,0
219,15256,0,0
219,15257,0,0
219,15258,0,0
219,15259,0,0
219,15260,0,0
219,15261,0,0
219,15262,0,0
219,15263,0,0
219,15264,0,0
219,15265,0,0
219,15266,0,0
219,15267,0,0
219,15268,0,0
219,15269,2,2
219,15270,0,0
219,15271,0,0
219,15272,0,0
219,15273,0,0
219,15274,0,0
219,15275,0,0
219,15276,0,0
219,15277,0,0
219,15278,0,0
219,15279,0,0
219,15280,0,0
219,15281,0,0
219,15282,0,0
219,15283,0,0
219,15284,0,0
219,15285,0,0
219,15286,0,0
219,15287,0,0
219,15288,0,0
219,15289,0,0
219,15290,0,0
219,15291,0,0
219,15292,0,0
219,15293,0,0
219,15294,0,0
219,15295,0,0
219,15296,0,0
219,15297,0,0
219,15298,0,0
219,15299,0,0
219,15300,0,0
219,15301,0,0
219,15302,0,0
219,15303,0,0
219,15304,0,0
219,15305,0,0
219,15306,0,0
219,15307,0,0
219,15308,0,0
219,15309,0,0
219,15310,0,0
219,15311,0,0
219,15312,0,0
219,15313,0,0
219,15314,0,0
219,15315,0,0
219,15316,0,0
219,15317,0,0
219,15318,0,0
219,15319,0,0
219,15320,0,0
219,15321,0,0
219,15322,0,0
219,15323,0,0
219,15324,0,0
219,15325,0,0
219,15326,0,0
219,15327,0,0
219,15328,0,0
219,15329,0,0
219,15330,0,0
219,15331,0,0
219,15332,0,0
219,15333,0,0
219,15334,0,0
219,15335,0,0
219,15336,0,0
219,15337,0,0
219,15338,0,0
219,15339,0,0
219,15340,0,0
219,15341,0,0
219,15342,0,0
219,15343,0,0
219,15344,0,0
219,15345,0,0
219,15346,0,0
219,15347,0,0
219,15348,0,0
219,15349,0,0
219,15350,2,0
219,15351,0,0
219,15352,0,0
219,15353,0,0
219,15354,0,0
219,15355,0,0
219,15356,0,0
219,15357,0,0
219,15358,0,0
219,15359,0,0
219,15360,0,0
219,15361,0,0
219,15362,2,2
219,15363,0,0
219,15364,0,0
219,15365,0,0
219,15366,0,0
219,15367,0,0
219,15368,0,0
219,15369,0,0
219,15370,0,0
219,15371,0,0
219,15372,0,0
219,15373,0,0
219,15374,0,0
219,15375,0,0
219,15376,0,0
219,15377,0,0
219,15378,0,0
219,15379,0,0
219,15380,0,0
219,15381,0,0
219,15382,0,0
219,15383,0,0
219,15384,0,0
219,15385,0,0
219,15386,0,0
219,15387,0,0
219,15388,0,0
219,15389,0,0
219,15390,0,0
219,15391,0,0
219,15392,0,0
219,15393,0,0
219,15394,0,0
219,15395,0,0
219,15396,0,0
219,15397,0,0
219,15398,0,0
219,15399,0,0
219,15400,0,0
219,15401,0,0
219,15402,0,0
219,15403,0,0
219,15404,0,0
219,15405,0,0
219,15406,0,0
219,15407,0,0
219,15408,0,0
219,15409,0,0
219,15410,0,0
219,15411,0,0
219,15412,0,0
219,15413,2,2
219,15414,0,0
219,15415,0,0
219,15416,0,0
219,15417,0,0
219,15418,0,0
219,15419,0,0
219,15420,0,0
219,15421,2,0
219,15422,2,2
219,15423,0,0
219,15424,0,0
219,15425,2,0
219,15426,0,0
219,15427,0,0
219,15428,0,0
219,15429,0,0
219,15430,0,0
219,15431,0,0
219,15432,0,0
219,15433,0,0
219,15434,0,0
219,15435,0,0
219,15436,0,0
219,15437,0,0
219,15438,0,0
219,15439,0,0
219,15440,0,0
219,15441,0,0
219,15442,0,0
219,15443,0,0
219,15444,0,0
219,15445,0,0
219,15446,0,0
219,15447,0,0
219,15448,0,0
219,15449,0,0
219,15450,0,0
219,15451,0,0
219,15452,0,0
219,15453,0,0
219,15454,0,0
219,15455,0,0
219,15456,0,0
219,15457,0,0
219,15458,0,0
219,15459,0,0
219,15460,0,0
219,15461,0,0
219,15462,0,0
219,15463,0,0
219,15464,0,0
219,15465,0,0
219,15466,0,0
219,15467,0,0
219,15468,0,0
219,15469,0,0
219,15470,0,0
219,15471,0,0
219,15472,0,0
219,15473,0,0
219,15474,0,0
219,15475,0,0
219,15476,0,0
219,15477,0,0
219,15478,2,0
219,15479,0,0
219,15480,0,0
219,15481,0,0
219,15482,0,0
219,15483,0,0
219,15484,2,2
219,15485,0,0
219,15486,0,0
219,15487,0,0
219,15488,0,0
219,15489,0,0
219,15490,0,0
219,15491,0,0
219,15492,0,0
219,15493,0,0
219,15494,0,0
219,15495,0,0
219,15496,0,0
219,15497,0,0
219,15498,0,0
219,15499,0,0
219,15500,0,0
219,15501,2,2
219,15502,0,0
219,15503,0,0
219,15504,0,0
219,15505,0,0
219,15506,0,0
219,15507,0,0
219,15508,0,0
219,15509,0,0
219,15510,0,0
219,15511,0,0
219,15512,0,0
219,15513,0,0
219,15514,0,0
220,15515,0,0
220,15516,0,0
220,15517,0,0
220,15518,0,0
220,15519,0,0
220,15520,0,0
220,15521,0,0
220,15522,0,0
220,15523,0,0
220,15524,0,0
220,15525,1,0
220,15526,0,0
220,15527,0,0
220,15528,0,0
220,15529,0,0
220,15530,0,0
220,15531,0,0
220,15532,0,0
220,15533,0,0
220,15534,0,0
220,15535,0,0
220,15536,0,0
220,15537,0,0
220,15538,0,0
220,15539,0,0
220,15540,0,0
220,15541,0,0
220,15542,0,0
220,15543,0,0
220,15544,0,0
220,15545,0,0
220,15546,0,0
220,15547,0,0
220,15548,0,0
220,15549,0,0
220,15550,0,0
220,15551,0,0
220,15552,0,0
220,15553,0,0
220,15554,0,0
220,15555,0,0
220,15556,0,0
220,15557,0,0
220,15558,0,0
220,15559,0,0
220,15560,0,0
220,15561,0,0
220,15562,0,0
220,15563,0,0
220,15564,0,0
220,15565,0,0
220,15566,0,0
220,15567,0,0
220,15568,0,0
220,15569,0,0
220,15570,0,0
220,15571,0,0
220,15572,0,0
220,15573,0,0
220,15574,0,0
220,15575,0,0
220,15576,0,0
220,15577,0,0
220,15578,0,0
220,15579,0,0
220,15580,0,0
220,15581,0,0
220,15582,0,0
220,15583,0,0
220,15584,0,0
220,15585,0,0
220,15586,0,0
220,15587,0,0
220,15588,0,0
220,15589,0,0
220,15590,0,0
220,15591,0,0
220,15592,0,0
220,15593,0,0
220,15594,0,0
220,15595,0,0
220,15596,0,0
220,15597,0,0
220,15598,0,0
220,15599,0,0
220,15600,0,0
220,15601,0,0
220,15602,0,0
220,15603,0,0
220,15604,0,0
220,15605,0,0
220,15606,1,0
220,15607,0,0
220,15608,1,1
220,15609,1,0
220,15610,0,0
220,15611,1,0
220,15612,0,0
220,15613,0,0
220,15614,0,0
220,15615,0,0
220,15616,0,0
220,15617,0,0
220,15618,0,0
220,15619,0,0
220,15620,0,0
220,15621,0,0
220,15622,0,0
220,15623,0,0
220,15624,0,0
220,15625,0,0
220,15626,0,0
220,15627,0,0
220,15628,0,0
220,15629,0,0
220,15630,0,0
220,15631,0,0
220,15632,0,0
220,15633,0,0
220,15634,0,0
220,15635,0,0
220,15636,0,0
220,15637,0,0
220,15638,0,0
220,15639,0,0
220,15640,0,0
220,15641,0,0
220,15642,0,0
220,15643,0,0
220,15644,0,0
220,15645,0,0
220,15646,0,0
220,15647,0,0
220,15648,0,0
220,15649,0,0
220,15650,0,0
220,15651,0,0
220,15652,0,0
220,15653,0,0
220,15654,0,0
220,15655,0,0
220,15656,0,0
220,15657,0,0
220,15658,0,0
220,15659,0,0
220,15660,0,0
220,15661,0,0
220,15662,1,0
220,15663,0,0
220,15664,1,0
220,15665,0,0
220,15666,0,0
220,15667,1,0
220,15668,0,0
220,15669,0,0
220,15670,0,0
220,15671,1,0
220,15672,1,0
220,15673,0,0
220,15674,0,0
220,15675,0,0
220,15676,0,0
220,15677,0,0
220,15678,0,0
220,15679,0,0
220,15680,0,0
220,15681,0,0
220,15682,0,0
220,15683,0,0
220,15684,0,0
220,15685,0,0
220,15686,0,0
220,15687,0,0
220,15688,0,0
220,15689,0,0
220,15690,0,0
220,15691,0,0
220,15692,0,0
220,15693,0,0
220,15694,0,0
220,15695,0,0
220,15696,0,0
220,15697,0,0
220,15698,0,0
220,15699,0,0
220,15700,0,0
220,15701,0,0
220,15702,0,0
220,15703,0,0
220,15704,0,0
220,15705,0,0
220,15706,0,0
220,15707,0,0
220,15708,0,0
220,15709,0,0
220,15710,0,0
220,15711,1,0
220,15712,0,0
220,15713,0,0
220,15714,1,0
220,15715,0,0
220,15716,0,0
220,15717,0,0
220,15718,0,0
220,15719,0,0
220,15720,0,0
220,15721,0,0
220,15722,0,0
220,15723,0,0
220,15724,0,0
220,15725,0,0
220,15726,0,0
220,15727,0,0
220,15728,0,0
220,15729,0,0
220,15730,0,0
220,15731,0,0
220,15732,0,0
220,15733,0,0
220,15734,0,0
220,15735,0,0
220,15736,0,0
220,15737,0,0
220,15738,0,0
220,15739,0,0
220,15740,0,0
220,15741,0,0
220,15742,0,0
220,15743,0,0
220,15744,0,0
220,15745,0,0
220,15746,0,0
220,15747,0,0
220,15748,1,0
220,15749,0,0
220,15750,0,0
220,15751,0,0
220,15752,0,0
220,15753,0,0
220,15754,0,0
220,15755,0,0
220,15756,0,0
220,15757,0,0
220,15758,0,0
220,15759,0,0
220,15760,0,0
220,15761,0,0
220,15762,0,0
220,15763,0,0
220,15764,0,0
220,15765,0,0
220,15766,0,0
220,15767,0,0
220,15768,0,0
220,15769,0,0
220,15770,0,0
220,15771,0,0
220,15772,0,0
220,15773,1,0
220,15774,0,0
220,15775,1,0
220,15776,0,0
220,15777,0,0
220,15778,0,0
220,15779,0,0
220,15780,0,0
220,15781,0,0
220,15782,0,0
220,15783,0,0
220,15784,0,0
220,15785,0,0
220,15786,0,0
220,15787,0,0
220,15788,0,0
220,15789,0,0
220,15790,0,0
220,15791,0,0
220,15792,0,0
220,15793,0,0
220,15794,0,0
220,15795,0,0
220,15796,0,0
220,15797,0,0
220,15798,0,0
220,15799,0,0
220,15800,0,0
220,15801,0,0
220,15802,0,0
220,15803,1,0
220,15804,0,0
220,15805,1,0
220,15806,0,0
220,15807,0,0
220,15808,0,0
220,15809,0,0
220,15810,0,0
220,15811,0,0
220,15812,0,0
220,15813,0,0
220,15814,0,0
220,15815,0,0
220,15816,0,0
220,15817,1,0
220,15818,0,0
220,15819,0,0
220,15820,0,0
220,15821,0,0
220,15822,0,0
220,15823,0,0
220,15824,0,0
220,15825,0,0
220,15826,0,0
220,15827,0,0
220,15828,0,0
220,15829,0,0
220,15830,0,0
220,15831,0,0
220,15832,0,0
220,15833,0,0
220,15834,0,0
220,15835,0,0
220,15836,0,0
220,15837,0,0
220,15838,0,0
220,15839,0,0
220,15840,0,0
220,15841,0,0
220,15842,0,0
220,15843,0,0
220,15844,0,0
220,15845,0,0
220,15846,0,0
220,15847,0,0
220,15848,0,0
220,15849,0,0
220,15850,0,0
220,15851,0,0
220,15852,0,0
220,15853,0,0
220,15854,0,0
220,15855,0,0
220,15856,0,0
220,15857,0,0
220,15858,0,0
220,15859,0,0
220,15860,0,0
220,15861,0,0
220,15862,0,0
220,15863,0,0
220,15864,0,0
220,15865,0,0
220,15866,0,0
220,15867,0,0
220,15868,0,0
220,15869,0,0
220,15870,0,0
220,15871,0,0
220,15872,0,0
220,15873,0,0
220,15874,0,0
220,15875,0,0
220,15876,0,0
220,15877,0,0
220,15878,0,0
220,15879,0,0
220,15880,0,0
220,15881,0,0
220,15882,0,0
220,15883,0,0
220,15884,1,0
220,15885,0,0
220,15886,0,0
220,15887,0,0
220,15888,0,0
220,15889,0,0
220,15890,0,0
220,15891,0,0
220,15892,0,0
220,15893,0,0
220,15894,0,0
220,15895,0,0
220,15896,0,0
220,15897,0,0
220,15898,0,0
220,15899,0,0
220,15900,0,0
220,15901,0,0
220,15902,0,0
220,15903,0,0
220,15904,0,0
220,15905,0,0
220,15906,0,0
220,15907,0,0
220,15908,0,0
220,15909,0,0
220,15910,0,0
220,15911,0,0
220,15912,0,0
220,15913,0,0
220,15914,0,0
220,15915,0,0
220,15916,0,0
220,15917,0,0
220,15918,1,0
220,15919,0,0
220,15920,0,0
220,15921,0,0
220,15922,0,0
220,15923,0,0
220,15924,0,0
220,15925,1,0
220,15926,0,0
220,15927,0,0
220,15928,0,0
220,15929,0,0
220,15930,0,0
220,15931,0,0
220,15932,0,0
220,15933,0,0
220,15934,0,0
220,15935,0,0
220,15936,0,0
220,15937,0,0
220,15938,0,0
220,15939,0,0
220,15940,0,0
220,15941,0,0
220,15942,0,0
220,15943,0,0
220,15944,0,0
220,15945,0,0
220,15946,0,0
220,15947,0,0
220,15948,0,0
220,15949,0,0
220,15950,0,0
220,15951,1,1
220,15952,0,0
220,15953,0,0
220,15954,0,0
220,15955,0,0
221,15956,0,0
221,15957,2,2
221,15958,0,0
221,15959,0,0
221,15960,2,0
221,15961,0,0
221,15962,2,2
221,15963,0,0
221,15964,0,0
221,15965,0,0
221,15966,0,0
221,15967,0,0
221,15968,2,2
221,15969,0,0
221,15970,0,0
221,15971,0,0
221,15972,0,0
221,15973,0,0
221,15974,0,0
221,15975,0,0
221,15976,0,0
221,15977,0,0
221,15978,0,0
221,15979,0,0
221,15980,0,0
221,15981,2,2
221,15982,0,0
221,15983,0,0
221,15984,2,2
221,15985,0,0
221,15986,2,0
221,15987,0,0
221,15988,0,0
221,15989,0,0
221,15990,0,0
221,15991,0,0
221,15992,2,0
221,15993,0,0
221,15994,0,0
221,15995,0,0
221,15996,2,2
221,15997,0,0
221,15998,0,0
221,15999,0,0
221,16000,0,0
221,16001,0,0
221,16002,0,0
221,16003,0,0
221,16004,0,0
221,16005,2,0
221,16006,0,0
221,16007,0,0
221,16008,0,0
221,16009,0,0
221,16010,0,0
221,16011,2,0
221,16012,2,1
221,16013,2,2
221,16014,2,2
221,16015,0,0
221,16016,0,0
221,16017,0,0
221,16018,0,0
221,16019,0,0
221,16020,0,0
221,16021,0,0
221,16022,0,0
221,16023,0,0
221,16024,0,0
221,16025,0,0
221,16026,0,0
221,16027,2,2
221,16028,0,0
221,16029,0,0
221,16030,0,0
221,16031,0,0
221,16032,0,0
221,16033,2,2
221,16034,0,0
221,16035,0,0
221,16036,0,0
221,16037,0,0
221,16038,0,0
221,16039,2,0
221,16040,0,0
221,16041,0,0
221,16042,0,0
221,16043,0,0
221,16044,0,0
221,16045,0,0
221,16046,2,2
221,16047,0,0
221,16048,0,0
221,16049,0,0
221,16050,0,0
221,16051,0,0
221,16052,2,1
221,16053,2,2
221,16054,0,0
221,16055,0,0
221,16056,0,0
221,16057,2,2
221,16058,0,0
221,16059,0,0
221,16060,0,0
221,16061,0,0
221,16062,2,2
221,16063,0,0
221,16064,2,2
221,16065,0,0
221,16066,2,2
221,16067,0,0
221,16068,0,0
221,16069,0,0
221,16070,0,0
221,16071,0,0
221,16072,0,0
221,16073,0,0
221,16074,0,0
221,16075,0,0
221,16076,0,0
221,16077,0,0
221,16078,0,0
221,16079,2,2
221,16080,0,0
221,16081,0,0
221,16082,0,0
221,16083,0,0
221,16084,2,2
221,16085,0,0
221,16086,0,0
221,16087,0,0
221,16088,2,2
221,16089,0,0
221,16090,0,0
221,16091,0,0
221,16092,2,2
221,16093,0,0
221,16094,0,0
221,16095,0,0
221,16096,0,0
221,16097,0,0
221,16098,0,0
221,16099,0,0
221,16100,0,0
221,16101,0,0
221,16102,0,0
221,16103,0,0
221,16104,0,0
221,16105,0,0
221,16106,0,0
221,16107,0,0
221,16108,0,0
221,16109,0,0
221,16110,0,0
221,16111,0,0
221,16112,0,0
221,16113,2,0
221,16114,0,0
221,16115,0,0
221,16116,0,0
221,16117,0,0
221,16118,2,2
221,16119,0,0
221,16120,0,0
221,16121,0,0
221,16122,0,0
221,16123,0,0
221,16124,0,0
221,16125,0,0
221,16126,0,0
221,16127,0,0
221,16128,2,2
221,16129,0,0
221,16130,0,0
221,16131,2,2
221,16132,2,2
221,16133,0,0
221,16134,0,0
221,16135,0,0
221,16136,0,0
221,16137,0,0
221,16138,2,2
221,16139,0,0
221,16140,0,0
221,16141,2,0
221,16142,0,0
221,16143,2,0
221,16144,0,0
221,16145,0,0
221,16146,2,0
221,16147,0,0
221,16148,0,0
221,16149,0,0
221,16150,2,2
221,16151,0,0
221,16152,0,0
221,16153,0,0
221,16154,2,2
221,16155,0,0
221,16156,0,0
221,16157,2,2
221,16158,0,0
221,16159,0,0
221,16160,0,0
221,16161,0,0
221,16162,2,2
221,16163,0,0
221,16164,0,0
221,16165,0,0
221,16166,0,0
221,16167,0,0
221,16168,2,2
221,16169,0,0
221,16170,0,0
221,16171,0,0
221,16172,0,0
221,16173,2,2
221,16174,2,2
221,16175,0,0
221,16176,0,0
221,16177,2,2
221,16178,0,0
221,16179,0,0
221,16180,0,0
221,16181,2,2
221,16182,0,0
221,16183,0,0
221,16184,0,0
221,16185,2,2
221,16186,0,0
221,16187,0,0
221,16188,0,0
221,16189,0,0
221,16190,0,0
221,16191,0,0
221,16192,0,0
221,16193,0,0
221,16194,0,0
221,16195,0,0
221,16196,0,0
221,16197,0,0
221,16198,2,2
221,16199,0,0
221,16200,0,0
221,16201,0,0
221,16202,2,2
221,16203,0,0
221,16204,0,0
221,16205,0,0
221,16206,0,0
221,16207,0,0
221,16208,0,0
221,16209,0,0
221,16210,0,0
221,16211,0,0
221,16212,0,0
221,16213,0,0
221,16214,2,2
221,16215,0,0
221,16216,0,0
221,16217,0,0
221,16218,2,2
221,16219,0,0
221,16220,2,2
221,16221,0,0
221,16222,2,2
221,16223,0,0
221,16224,0,0
221,16225,2,2
221,16226,0,0
221,16227,0,0
221,16228,2,2
221,16229,0,0
221,16230,0,0
221,16231,0,0
221,16232,2,2
221,16233,0,0
221,16234,2,2
221,16235,0,0
221,16236,0,0
221,16237,0,0
221,16238,0,0
221,16239,0,0
221,16240,0,0
221,16241,0,0
221,16242,0,0
221,16243,0,0
221,16244,0,0
221,16245,0,0
221,16246,2,2
221,16247,0,0
221,16248,2,2
221,16249,0,0
221,16250,0,0
221,16251,0,0
221,16252,0,0
221,16253,0,0
221,16254,0,0
221,16255,0,0
221,16256,0,0
221,16257,0,0
221,16258,2,0
221,16259,0,0
221,16260,0,0
221,16261,0,0
221,16262,0,0
221,16263,0,0
221,16264,0,0
221,16265,0,0
221,16266,0,0
221,16267,0,0
221,16268,2,1
221,16269,0,0
221,16270,0,0
221,16271,0,0
221,16272,0,0
221,16273,0,0
221,16274,0,0
221,16275,0,0
221,16276,0,0
221,16277,0,0
221,16278,0,0
221,16279,2,2
221,16280,0,0
221,16281,0,0
221,16282,0,0
221,16283,0,0
221,16284,0,0
221,16285,0,0
221,16286,2,2
221,16287,0,0
221,16288,0,0
221,16289,0,0
221,16290,0,0
221,16291,0,0
221,16292,0,0
221,16293,2,2
221,16294,0,0
221,16295,0,0
221,16296,2,2
221,16297,2,2
221,16298,0,0
221,16299,0,0
221,16300,2,2
221,16301,0,0
221,16302,0,0
221,16303,0,0
221,16304,0,0
221,16305,0,0
221,16306,0,0
221,16307,0,0
221,16308,0,0
221,16309,0,0
221,16310,0,0
221,16311,0,0
221,16312,0,0
221,16313,0,0
221,16314,0,0
221,16315,0,0
221,16316,0,0
221,16317,0,0
221,16318,0,0
221,16319,0,0
221,16320,0,0
221,16321,0,0
221,16322,0,0
221,16323,0,0
221,16324,0,0
221,16325,0,0
221,16326,0,0
221,16327,0,0
221,16328,0,0
221,16329,0,0
221,16330,0,0
221,16331,0,0
221,16332,2,2
221,16333,0,0
221,16334,0,0
221,16335,0,0
221,16336,0,0
221,16337,0,0
221,16338,0,0
221,16339,0,0
221,16340,0,0
221,16341,0,0
221,16342,0,0
221,16343,0,0
221,16344,0,0
221,16345,0,0
221,16346,0,0
221,16347,0,0
221,16348,0,0
221,16349,0,0
221,16350,0,0
221,16351,0,0
221,16352,0,0
221,16353,0,0
221,16354,0,0
221,16355,2,2
221,16356,0,0
221,16357,0,0
221,16358,0,0
221,16359,0,0
221,16360,2,2
221,16361,0,0
221,16362,0,0
221,16363,0,0
221,16364,0,0
221,16365,0,0
221,16366,0,0
221,16367,0,0
221,16368,2,1
221,16369,0,0
221,16370,0,0
221,16371,0,0
221,16372,0,0
221,16373,0,0
221,16374,0,0
221,16375,0,0
221,16376,0,0
221,16377,0,0
221,16378,0,0
221,16379,0,0
221,16380,0,0
221,16381,0,0
221,16382,0,0
221,16383,0,0
221,16384,0,0
221,16385,0,0
221,16386,0,0
221,16387,2,2
221,16388,0,0
221,16389,0,0
221,16390,0,0
221,16391,0,0
221,16392,0,0
221,16393,0,0
221,16394,0,0
221,16395,0,0
221,16396,0,0
221,16397,0,0
221,16398,0,0
221,16399,0,0
221,16400,0,0
221,16401,0,0
221,16402,0,0
221,16403,0,0
221,16404,0,0
221,16405,0,0
221,16406,0,0
221,16407,0,0
221,16408,0,0
221,16409,0,0
221,16410,0,0
221,16411,0,0
221,16412,0,0
221,16413,0,0
221,16414,0,0
221,16415,2,2
221,16416,0,0
221,16417,0,0
221,16418,0,0
221,16419,0,0
221,16420,0,0
221,16421,0,0
221,16422,0,0
221,16423,0,0
221,16424,0,0
221,16425,0,0
221,16426,0,0
222,16427,0,0
222,16428,0,0
222,16429,0,0
222,16430,0,0
222,16431,0,0
222,16432,0,0
222,16433,0,0
222,16434,0,0
222,16435,0,0
222,16436,0,0
222,16437,0,0
222,16438,0,0
222,16439,0,0
222,16440,0,0
222,16441,0,0
222,16442,0,0
222,16443,0,0
222,16444,0,0
222,16445,0,0
222,16446,0,0
222,16447,0,0
222,16448,0,0
222,16449,0,0
222,16450,0,0
222,16451,0,0
222,16452,0,0
222,16453,0,0
222,16454,0,0
222,16455,0,0
222,16456,0,0
222,16457,0,0
222,16458,0,0
222,16459,0,0
222,16460,0,0
222,16461,0,0
222,16462,0,0
222,16463,0,0
222,16464,0,0
222,16465,0,0
222,16466,0,0
222,16467,0,0
222,16468,0,0
222,16469,0,0
222,16470,0,0
222,16471,0,0
222,16472,0,0
222,16473,0,0
222,16474,0,0
222,16475,0,0
222,16476,0,0
222,16477,0,0
222,16478,0,0
222,16479,0,0
222,16480,0,0
222,16481,0,0
222,16482,0,0
222,16483,0,0
222,16484,0,0
222,16485,0,0
222,16486,0,0
222,16487,0,0
222,16488,0,0
222,16489,0,0
222,16490,0,0
222,16491,0,0
222,16492,0,0
222,16493,0,0
222,16494,0,0
222,16495,0,0
222,16496,0,0
222,16497,0,0
222,16498,0,0
222,16499,0,0
222,16500,0,0
222,16501,0,0
222,16502,0,0
222,16503,0,0
222,16504,0,0
222,16505,0,0
222,16506,0,0
222,16507,0,0
222,16508,0,0
222,16509,0,0
222,16510,0,0
222,16511,0,0
222,16512,0,0
222,16513,0,0
222,16514,0,0
222,16515,0,0
222,16516,0,0
222,16517,0,0
222,16518,0,0
222,16519,0,0
222,16520,0,0
222,16521,0,0
222,16522,0,0
222,16523,0,0
222,16524,0,0
222,16525,0,0
222,16526,0,0
222,16527,0,0
222,16528,0,0
222,16529,0,0
222,16530,0,0
222,16531,0,0
222,16532,0,0
222,16533,0,0
222,16534,0,0
222,16535,0,0
222,16536,0,0
222,16537,0,0
222,16538,0,0
222,16539,0,0
222,16540,0,0
222,16541,0,0
222,16542,0,0
222,16543,0,0
222,16544,0,0
222,16545,0,0
222,16546,0,0
222,16547,0,0
222,16548,0,0
222,16549,0,0
222,16550,0,0
222,16551,0,0
222,16552,0,0
222,16553,0,0
222,16554,0,0
222,16555,0,0
222,16556,0,0
222,16557,0,0
222,16558,0,0
222,16559,0,0
222,16560,1,0
222,16561,0,0
222,16562,0,0
222,16563,0,0
222,16564,0,0
222,16565,0,0
222,16566,0,0
222,16567,0,0
222,16568,0,0
222,16569,0,1
222,16570,0,0
222,16571,0,2
222,16572,0,0
222,16573,0,0
222,16574,0,0
222,16575,0,0
222,16576,0,0
222,16577,0,0
222,16578,0,0
222,16579,1,0
222,16580,1,0
222,16581,1,0
222,16582,0,0
222,16583,0,0
222,16584,0,0
222,16585,0,0
222,16586,0,0
222,16587,0,0
222,16588,0,0
222,16589,0,0
222,16590,0,0
222,16591,0,0
222,16592,0,0
222,16593,0,0
222,16594,0,0
222,16595,0,0
222,16596,0,0
222,16597,0,0
222,16598,1,0
222,16599,1,0
222,16600,0,0
222,16601,0,0
222,16602,0,0
222,16603,0,0
222,16604,0,0
222,16605,0,0
222,16606,1,0
222,16607,0,0
222,16608,0,0
222,16609,0,0
222,16610,0,0
222,16611,0,0
222,16612,0,0
222,16613,0,0
222,16614,0,0
222,16615,0,0
222,16616,0,0
222,16617,1,0
222,16618,0,0
222,16619,0,0
222,16620,0,0
222,16621,0,0
222,16622,0,0
222,16623,0,0
222,16624,0,0
222,16625,0,0
222,16626,0,0
222,16627,1,0
222,16628,0,0
222,16629,0,0
222,16630,0,0
222,16631,0,0
222,16632,0,0
222,16633,0,0
222,16634,1,0
222,16635,0,0
222,16636,0,0
222,16637,0,0
222,16638,0,0
222,16639,0,0
222,16640,0,0
222,16641,0,0
222,16642,0,1
222,16643,0,1
222,16644,0,0
222,16645,0,0
222,16646,0,0
222,16647,0,0
222,16648,0,0
222,16649,0,0
222,16650,0,0
222,16651,0,0
222,16652,0,0
222,16653,0,0
222,16654,0,0
222,16655,0,0
222,16656,0,0
222,16657,0,0
222,16658,0,0
222,16659,0,0
222,16660,0,0
222,16661,0,0
222,16662,1,0
222,16663,0,0
222,16664,0,0
222,16665,0,0
222,16666,0,0
222,16667,0,0
222,16668,0,0
222,16669,0,0
222,16670,0,0
222,16671,0,0
222,16672,0,0
222,16673,0,0
222,16674,1,0
222,16675,0,0
222,16676,0,0
222,16677,0,0
222,16678,0,0
222,16679,0,0
222,16680,0,0
222,16681,0,1
222,16682,0,0
222,16683,0,0
222,16684,0,0
222,16685,0,0
222,16686,0,0
222,16687,0,0
222,16688,0,0
222,16689,0,0
222,16690,0,0
222,16691,0,0
222,16692,0,0
222,16693,0,0
222,16694,0,0
222,16695,0,0
222,16696,0,0
222,16697,0,0
222,16698,0,0
222,16699,0,0
222,16700,0,0
222,16701,0,0
222,16702,0,0
222,16703,0,0
222,16704,0,0
222,16705,0,0
222,16706,0,0
222,16707,0,0
222,16708,0,0
222,16709,0,0
222,16710,0,0
222,16711,0,0
222,16712,0,0
222,16713,0,0
222,16714,0,0
222,16715,0,0
222,16716,0,0
222,16717,0,0
222,16718,0,0
222,16719,0,0
222,16720,0,0
222,16721,1,0
222,16722,0,0
222,16723,0,0
222,16724,0,0
222,16725,0,0
222,16726,0,0
222,16727,0,0
222,16728,0,0
222,16729,0,0
222,16730,1,0
222,16731,0,0
222,16732,0,0
222,16733,0,0
222,16734,0,0
222,16735,0,0
222,16736,0,0
222,16737,0,0
222,16738,0,0
222,16739,0,0
222,16740,0,0
222,16741,0,0
222,16742,0,0
222,16743,0,0
222,16744,0,0
222,16745,0,0
222,16746,1,0
222,16747,0,0
222,16748,1,0
222,16749,0,0
222,16750,0,0
222,16751,1,0
222,16752,1,0
222,16753,0,0
222,16754,0,0
222,16755,1,0
222,16756,0,0
222,16757,0,0
222,16758,0,2
222,16759,1,0
222,16760,0,0
222,16761,0,0
222,16762,0,0
222,16763,1,0
222,16764,0,0
222,16765,1,0
222,16766,0,0
222,16767,0,0
222,16768,0,1
222,16769,0,0
222,16770,0,0
222,16771,0,0
222,16772,1,0
222,16773,0,0
222,16774,0,0
222,16775,0,0
222,16776,0,0
222,16777,0,0
222,16778,1,1
222,16779,0,0
222,16780,0,0
222,16781,0,0
222,16782,0,0
222,16783,0,0
222,16784,1,0
222,16785,0,0
222,16786,0,0
222,16787,0,0
222,16788,0,0
222,16789,0,0
222,16790,0,0
222,16791,0,0
222,16792,1,0
222,16793,0,0
222,16794,0,0
222,16795,0,0
222,16796,0,0
222,16797,0,0
222,16798,0,0
222,16799,0,0
222,16800,0,0
222,16801,0,0
222,16802,0,0
222,16803,0,0
222,16804,0,0
222,16805,0,0
222,16806,0,0
222,16807,1,0
222,16808,0,0
222,16809,0,0
222,16810,0,0
222,16811,1,0
222,16812,0,0
222,16813,0,0
222,16814,0,0
222,16815,0,0
222,16816,0,0
222,16817,0,0
222,16818,0,0
222,16819,0,0
222,16820,1,0
222,16821,0,0
222,16822,0,0
222,16823,0,0
222,16824,0,0
222,16825,0,0
222,16826,1,0
222,16827,0,0
222,16828,0,0
222,16829,0,0
222,16830,0,0
222,16831,0,0
222,16832,0,2
222,16833,0,0
222,16834,0,0
222,16835,0,0
222,16836,0,0
222,16837,0,0
222,16838,0,0
222,16839,0,0
222,16840,0,0
222,16841,0,0
222,16842,0,0
222,16843,0,0
222,16844,0,2
222,16845,0,0
222,16846,0,1
222,16847,0,0
222,16848,0,0
222,16849,0,0
222,16850,0,0
222,16851,0,0
222,16852,0,0
222,16853,0,0
222,16854,0,0
222,16855,0,0
222,16856,0,0
222,16857,1,0
222,16858,0,0
222,16859,0,0
222,16860,0,0
222,16861,0,0
222,16862,0,0
222,16863,0,0
222,16864,0,0
222,16865,0,0
222,16866,0,0
222,16867,0,0
222,16868,0,0
222,16869,0,0
222,16870,0,0
222,16871,0,0
222,16872,0,0
222,16873,0,0
222,16874,0,0
222,16875,0,0
222,16876,0,0
222,16877,0,0
222,16878,0,0
222,16879,0,0
222,16880,0,0
222,16881,0,0
222,16882,0,0
222,16883,0,0
222,16884,0,0
222,16885,0,0
222,16886,0,0
222,16887,0,0
222,16888,0,0
222,16889,0,1
222,16890,0,1
222,16891,0,0
222,16892,0,0
222,16893,0,0
222,16894,0,1
222,16895,0,0
222,16896,0,0
222,16897,0,0
222,16898,0,0
222,16899,0,0
222,16900,0,0
222,16901,0,0
222,16902,0,0
222,16903,0,0
222,16904,0,0
222,16905,0,0
222,16906,0,0
222,16907,0,0
222,16908,0,0
222,16909,0,0
222,16910,0,0
222,16911,0,0
222,16912,0,0
222,16913,0,0
222,16914,0,0
222,16915,0,1
222,16916,0,0
223,16917,0,0
223,16918,0,0
223,16919,0,0
223,16920,0,0
223,16921,0,0
223,16922,0,0
223,16923,0,0
223,16924,0,0
223,16925,0,0
223,16926,0,0
223,16927,0,0
223,16928,0,0
223,16929,0,0
223,16930,0,0
223,16931,1,0
223,16932,0,0
223,16933,0,0
223,16934,0,0
223,16935,0,0
223,16936,0,0
223,16937,0,0
223,16938,0,0
223,16939,0,0
223,16940,0,0
223,16941,0,0
223,16942,0,0
223,16943,0,0
223,16944,0,0
223,16945,0,0
223,16946,0,0
223,16947,2,0
223,16948,2,0
223,16949,0,0
223,16950,0,0
223,16951,0,0
223,16952,2,0
223,16953,0,0
223,16954,0,0
223,16955,0,0
223,16956,0,0
223,16957,0,0
223,16958,0,0
223,16959,0,0
223,16960,0,0
223,16961,0,0
223,16962,0,0
223,16963,0,0
223,16964,0,0
223,16965,0,0
223,16966,0,0
223,16967,0,0
223,16968,0,0
223,16969,0,0
223,16970,0,0
223,16971,0,0
223,16972,0,0
223,16973,0,0
223,16974,0,0
223,16975,0,0
223,16976,0,0
223,16977,0,0
223,16978,0,0
223,16979,0,0
223,16980,0,0
223,16981,0,0
223,16982,0,0
223,16983,0,0
223,16984,0,0
223,16985,0,0
223,16986,0,0
223,16987,0,0
223,16988,0,0
223,16989,0,0
223,16990,2,2
223,16991,0,0
223,16992,0,0
223,16993,0,0
223,16994,0,0
223,16995,1,0
223,16996,0,0
223,16997,0,0
223,16998,0,0
223,16999,0,0
223,17000,0,0
223,17001,0,0
223,17002,0,0
223,17003,0,0
223,17004,0,0
223,17005,0,0
223,17006,0,0
223,17007,0,0
223,17008,0,0
223,17009,0,0
223,17010,0,0
223,17011,0,0
223,17012,0,0
223,17013,0,0
223,17014,0,0
223,17015,0,0
223,17016,0,0
223,17017,0,0
223,17018,0,0
223,17019,0,0
223,17020,0,0
223,17021,0,0
223,17022,0,0
223,17023,0,0
223,17024,0,0
223,17025,0,0
223,17026,0,0
223,17027,0,0
223,17028,0,0
223,17029,0,0
223,17030,0,0
223,17031,0,0
223,17032,0,0
223,17033,0,0
223,17034,0,0
223,17035,0,0
223,17036,0,0
223,17037,0,0
223,17038,0,0
223,17039,0,0
223,17040,0,0
223,17041,0,0
223,17042,0,0
223,17043,0,0
223,17044,0,0
223,17045,0,0
223,17046,0,0
223,17047,1,0
223,17048,0,0
223,17049,0,0
223,17050,0,0
223,17051,0,0
223,17052,0,0
223,17053,0,0
223,17054,0,0
223,17055,0,0
223,17056,0,0
223,17057,0,0
223,17058,0,0
223,17059,1,0
223,17060,0,0
223,17061,0,0
223,17062,0,0
223,17063,0,0
223,17064,0,0
223,17065,0,0
223,17066,0,0
223,17067,0,0
223,17068,0,0
223,17069,0,0
223,17070,0,0
223,17071,0,0
223,17072,0,0
223,17073,0,0
223,17074,0,0
223,17075,0,0
223,17076,0,0
223,17077,0,0
223,17078,1,0
223,17079,0,0
223,17080,0,0
223,17081,0,0
223,17082,0,0
223,17083,0,0
223,17084,1,0
223,17085,0,0
223,17086,0,0
223,17087,0,0
223,17088,0,0
223,17089,0,0
223,17090,0,0
223,17091,1,0
223,17092,0,0
223,17093,1,0
223,17094,0,0
223,17095,0,0
223,17096,2,0
223,17097,2,0
223,17098,2,2
223,17099,2,2
223,17100,2,2
223,17101,2,0
223,17102,2,0
223,17103,2,0
223,17104,2,0
223,17105,2,0
223,17106,2,0
223,17107,2,1
223,17108,2,0
223,17109,2,2
223,17110,2,2
223,17111,2,2
223,17112,2,0
223,17113,2,0
223,17114,2,0
223,17115,1,0
223,17116,0,0
223,17117,0,0
223,17118,0,0
223,17119,0,0
223,17120,0,0
223,17121,0,0
223,17122,0,0
223,17123,2,2
223,17124,0,0
223,17125,0,0
223,17126,0,0
223,17127,0,0
223,17128,0,0
223,17129,0,0
223,17130,0,0
223,17131,0,0
223,17132,0,0
223,17133,0,0
223,17134,0,0
223,17135,0,0
223,17136,0,0
223,17137,0,0
223,17138,0,0
223,17139,0,0
223,17140,0,0
223,17141,0,0
223,17142,0,0
223,17143,0,0
223,17144,0,0
223,17145,0,0
223,17146,0,0
223,17147,2,0
223,17148,2,0
223,17149,2,0
223,17150,0,0
223,17151,2,0
223,17152,0,0
223,17153,2,0
223,17154,0,0
223,17155,2,0
223,17156,0,0
223,17157,0,0
223,17158,0,0
223,17159,1,0
223,17160,0,0
223,17161,0,0
223,17162,1,0
223,17163,0,0
223,17164,0,0
223,17165,0,0
223,17166,0,0
223,17167,0,0
223,17168,3,2
223,17169,3,2
223,17170,2,2
223,17171,0,0
223,17172,2,0
223,17173,0,0
223,17174,0,0
223,17175,0,0
223,17176,0,0
223,17177,0,0
223,17178,0,0
223,17179,0,0
223,17180,0,0
223,17181,0,0
223,17182,0,0
223,17183,0,0
223,17184,0,0
223,17185,0,0
223,17186,1,0
223,17187,2,0
223,17188,0,0
223,17189,0,0
223,17190,0,0
223,17191,0,0
223,17192,0,0
223,17193,0,0
223,17194,0,0
223,17195,0,0
223,17196,0,0
223,17197,0,0
223,17198,0,0
223,17199,0,0
223,17200,0,0
223,17201,0,0
223,17202,0,0
223,17203,0,0
223,17204,2,2
223,17205,0,0
223,17206,0,0
223,17207,0,0
223,17208,0,0
223,17209,0,0
223,17210,2,0
223,17211,0,0
223,17212,0,0
223,17213,2,0
223,17214,2,0
223,17215,2,0
223,17216,2,0
223,17217,2,0
223,17218,2,0
223,17219,2,0
223,17220,2,0
223,17221,2,2
223,17222,2,0
223,17223,2,2
223,17224,0,0
223,17225,0,0
223,17226,0,0
223,17227,0,0
223,17228,0,0
223,17229,0,0
223,17230,0,0
223,17231,0,0
223,17232,2,2
223,17233,0,0
223,17234,0,0
223,17235,0,0
223,17236,0,0
223,17237,0,0
223,17238,0,0
223,17239,0,0
223,17240,0,0
223,17241,2,2
223,17242,0,0
223,17243,0,0
223,17244,0,0
223,17245,0,0
223,17246,0,0
223,17247,0,0
223,17248,0,0
223,17249,0,0
223,17250,0,0
223,17251,0,0
223,17252,0,0
223,17253,0,0
223,17254,0,0
223,17255,0,0
223,17256,0,0
223,17257,0,0
223,17258,0,0
223,17259,0,0
223,17260,0,0
223,17261,0,0
223,17262,0,0
223,17263,0,0
223,17264,0,0
223,17265,0,0
223,17266,0,0
223,17267,0,0
223,17268,0,0
223,17269,0,0
223,17270,0,0
223,17271,0,0
223,17272,0,0
223,17273,0,0
223,17274,0,0
223,17275,0,0
223,17276,0,0
223,17277,0,0
223,17278,0,0
223,17279,0,0
223,17280,0,0
223,17281,0,0
223,17282,0,0
223,17283,0,0
223,17284,0,0
223,17285,0,0
223,17286,0,0
223,17287,0,0
223,17288,0,0
223,17289,0,0
223,17290,0,0
223,17291,0,0
223,17292,0,0
223,17293,0,0
223,17294,1,0
223,17295,2,0
223,17296,0,0
223,17297,2,0
223,17298,0,0
223,17299,2,0
223,17300,2,0
223,17301,2,0
223,17302,0,0
223,17303,2,0
223,17304,0,0
223,17305,2,0
223,17306,0,0
223,17307,2,0
223,17308,0,0
223,17309,0,0
223,17310,0,0
223,17311,2,0
223,17312,0,0
223,17313,1,0
223,17314,0,0
223,17315,2,0
223,17316,0,0
223,17317,0,0
223,17318,2,0
223,17319,2,0
223,17320,0,0
223,17321,0,0
223,17322,2,0
223,17323,2,0
223,17324,0,0
223,17325,2,0
223,17326,0,0
223,17327,2,0
223,17328,2,0
223,17329,0,0
223,17330,0,0
223,17331,2,0
223,17332,2,0
223,17333,2,0
223,17334,0,0
223,17335,0,0
223,17336,2,0
223,17337,0,0
223,17338,0,0
223,17339,2,1
223,17340,0,0
223,17341,0,0
223,17342,2,0
223,17343,2,0
223,17344,0,0
223,17345,0,0
223,17346,0,0
223,17347,0,0
223,17348,0,0
223,17349,0,0
223,17350,0,0
223,17351,0,0
223,17352,0,0
223,17353,0,0
223,17354,0,0
223,17355,0,0
223,17356,0,0
223,17357,0,0
223,17358,0,0
223,17359,2,2
223,17360,0,0
223,17361,0,0
223,17362,0,0
223,17363,0,0
223,17364,0,0
223,17365,0,0
223,17366,0,0
223,17367,0,0
223,17368,0,0
223,17369,2,2
223,17370,0,0
223,17371,0,0
223,17372,0,0
223,17373,2,2
223,17374,2,2
223,17375,2,2
223,17376,2,0
223,17377,0,0
223,17378,0,0
223,17379,0,0
223,17380,0,0
223,17381,0,0
223,17382,0,0
223,17383,0,0
223,17384,0,0
223,17385,0,0
223,17386,1,0
223,17387,0,0
223,17388,0,0
223,17389,0,0
223,17390,0,0
223,17391,0,0
223,17392,0,0
223,17393,0,0
223,17394,0,0
223,17395,1,0
223,17396,2,0
223,17397,0,0
223,17398,0,0
223,17399,2,0
223,17400,0,0
223,17401,0,0
223,17402,0,0
223,17403,2,0
223,17404,0,0
223,17405,2,0
223,17406,2,0
223,17407,0,0
223,17408,2,0
223,17409,2,0
223,17410,0,0
223,17411,2,0
223,17412,2,0
223,17413,0,0
223,17414,0,0
223,17415,2,0
223,17416,2,0
223,17417,2,0
223,17418,0,0
223,17419,2,0
223,17420,2,0
223,17421,2,0
223,17422,2,0
223,17423,0,0
223,17424,0,0
223,17425,0,0
223,17426,1,0
223,17427,0,0
223,17428,0,0
223,17429,0,0
223,17430,1,0
223,17431,2,2
223,17432,0,0
223,17433,0,0
223,17434,1,0
223,17435,0,0
223,17436,2,2
223,17437,0,0
223,17438,2,0
223,17439,2,2
223,17440,0,0
223,17441,0,0
223,17442,0,0
223,17443,0,0
223,17444,0,0
223,17445,0,0
223,17446,0,0
223,17447,2,0
223,17448,0,0
228,17449,0,0
228,17450,0,0
228,17451,0,0
228,17452,2,2
228,17453,2,2
228,17454,0,0
228,17455,2,2
228,17456,2,2
228,17457,2,2
228,17458,0,0
228,17459,0,0
228,17460,0,0
228,17461,0,0
228,17462,0,0
228,17463,0,0
228,17464,0,0
228,17465,0,0
228,17466,2,2
228,17467,0,0
228,17468,0,0
228,17469,0,0
228,17470,0,0
228,17471,0,0
228,17472,2,2
228,17473,2,2
228,17474,0,0
228,17475,0,0
228,17476,0,0
228,17477,0,0
228,17478,0,0
228,17479,0,0
228,17480,0,0
228,17481,2,2
228,17482,2,2
228,17483,0,0
228,17484,0,0
228,17485,2,2
228,17486,0,0
228,17487,0,0
228,17488,0,0
228,17489,0,0
228,17490,0,0
228,17491,0,0
228,17492,0,0
228,17493,0,0
228,17494,0,0
228,17495,0,0
228,17496,2,2
228,17497,0,0
228,17498,2,2
228,17499,0,0
228,17500,0,0
228,17501,2,2
228,17502,0,0
228,17503,0,0
228,17504,0,0
228,17505,0,0
228,17506,0,0
228,17507,0,0
228,17508,0,0
228,17509,0,0
228,17510,0,0
228,17511,0,0
228,17512,0,0
228,17513,0,0
228,17514,0,0
228,17515,0,0
228,17516,0,0
228,17517,0,0
228,17518,0,0
228,17519,0,0
228,17520,0,0
228,17521,0,0
228,17522,0,0
228,17523,2,0
228,17524,0,0
228,17525,2,2
228,17526,0,0
228,17527,0,0
228,17528,0,0
228,17529,0,0
228,17530,0,0
228,17531,2,2
228,17532,0,0
228,17533,0,0
228,17534,2,2
228,17535,2,2
228,17536,2,2
228,17537,2,2
228,17538,2,2
228,17539,0,0
228,17540,0,0
228,17541,2,2
228,17542,2,2
228,17543,0,0
228,17544,0,0
228,17545,0,0
228,17546,0,0
228,17547,0,0
228,17548,0,0
228,17549,0,0
228,17550,0,0
228,17551,2,2
228,17552,0,0
228,17553,0,0
228,17554,0,0
228,17555,0,0
228,17556,0,0
228,17557,0,0
228,17558,2,2
228,17559,0,0
228,17560,0,0
228,17561,2,2
228,17562,2,0
228,17563,2,2
228,17564,0,0
228,17565,0,0
228,17566,0,0
228,17567,2,2
228,17568,0,0
228,17569,0,0
228,17570,0,0
228,17571,0,0
228,17572,0,0
228,17573,2,0
228,17574,0,0
228,17575,0,0
228,17576,0,0
228,17577,0,0
228,17578,0,0
228,17579,0,0
228,17580,0,0
228,17581,0,0
228,17582,0,0
228,17583,0,0
228,17584,0,0
228,17585,0,0
228,17586,0,0
228,17587,0,0
228,17588,0,0
228,17589,0,0
228,17590,2,2
228,17591,0,0
228,17592,0,0
228,17593,0,0
228,17594,0,0
228,17595,0,0
228,17596,2,2
228,17597,2,2
228,17598,2,0
228,17599,0,0
228,17600,0,0
228,17601,0,0
228,17602,0,0
228,17603,0,0
228,17604,0,0
228,17605,0,0
228,17606,0,0
228,17607,2,2
228,17608,0,0
228,17609,0,0
228,17610,0,0
228,17611,2,2
228,17612,0,0
228,17613,2,2
228,17614,0,0
228,17615,0,0
228,17616,0,0
228,17617,0,0
228,17618,0,0
228,17619,0,0
228,17620,0,0
228,17621,0,0
228,17622,0,0
228,17623,0,0
228,17624,0,0
228,17625,0,0
228,17626,0,0
228,17627,0,0
228,17628,0,0
228,17629,0,0
228,17630,0,0
228,17631,0,0
228,17632,0,0
228,17633,0,0
228,17634,0,0
228,17635,0,0
228,17636,0,0
228,17637,0,0
228,17638,0,0
228,17639,0,0
228,17640,0,0
228,17641,0,0
228,17642,0,0
228,17643,2,2
228,17644,0,0
228,17645,0,0
228,17646,0,0
228,17647,0,0
228,17648,0,0
228,17649,0,0
228,17650,2,2
228,17651,0,0
228,17652,0,0
228,17653,0,0
228,17654,2,2
228,17655,0,0
228,17656,0,0
228,17657,0,0
228,17658,0,0
228,17659,0,0
228,17660,0,0
228,17661,0,0
228,17662,0,0
228,17663,0,0
228,17664,0,0
228,17665,0,0
228,17666,0,0
228,17667,0,0
228,17668,0,0
228,17669,0,0
228,17670,0,0
228,17671,0,0
228,17672,0,0
228,17673,2,0
228,17674,0,0
228,17675,0,0
228,17676,0,0
228,17677,0,0
228,17678,0,0
228,17679,0,0
228,17680,0,0
228,17681,0,0
228,17682,0,0
228,17683,2,0
228,17684,0,0
228,17685,0,0
228,17686,0,0
228,17687,0,0
228,17688,0,0
228,17689,0,0
228,17690,0,0
228,17691,0,0
228,17692,0,0
228,17693,0,0
228,17694,0,0
228,17695,2,2
228,17696,0,0
228,17697,0,0
228,17698,0,0
228,17699,2,2
228,17700,0,0
228,17701,0,0
228,17702,0,0
228,17703,0,0
228,17704,0,0
228,17705,0,0
228,17706,0,0
228,17707,0,0
228,17708,0,0
228,17709,0,0
228,17710,0,0
228,17711,0,0
228,17712,0,0
228,17713,0,0
228,17714,0,0
228,17715,0,0
228,17716,2,2
228,17717,0,0
228,17718,0,0
228,17719,0,0
228,17720,0,0
228,17721,0,0
228,17722,0,0
228,17723,0,0
228,17724,2,2
228,17725,0,0
228,17726,0,0
228,17727,0,0
228,17728,0,0
228,17729,0,0
228,17730,0,0
228,17731,2,2
228,17732,2,2
228,17733,0,0
228,17734,0,0
228,17735,0,0
228,17736,0,0
228,17737,0,0
228,17738,0,0
228,17739,0,0
228,17740,0,0
228,17741,2,2
228,17742,0,0
228,17743,0,0
228,17744,0,0
228,17745,0,0
228,17746,0,0
228,17747,0,0
228,17748,0,0
228,17749,0,0
228,17750,0,0
228,17751,0,0
228,17752,0,0
228,17753,0,0
228,17754,0,0
228,17755,0,0
228,17756,0,2
228,17757,0,0
228,17758,0,0
228,17759,0,0
228,17760,2,2
228,17761,0,0
228,17762,0,0
228,17763,0,0
228,17764,0,0
228,17765,2,2
228,17766,2,2
228,17767,2,0
228,17768,0,0
228,17769,0,0
228,17770,0,0
228,17771,2,2
228,17772,0,0
228,17773,2,0
228,17774,0,0
228,17775,2,0
228,17776,0,0
228,17777,0,0
228,17778,0,1
228,17779,0,0
228,17780,0,0
228,17781,0,0
228,17782,0,0
228,17783,1,0
228,17784,2,2
228,17785,0,1
228,17786,0,0
228,17787,0,0
228,17788,0,0
228,17789,0,0
228,17790,0,0
228,17791,0,0
228,17792,0,0
228,17793,0,0
228,17794,0,0
228,17795,0,0
228,17796,2,2
228,17797,0,0
228,17798,0,0
228,17799,0,0
228,17800,0,0
228,17801,0,0
228,17802,2,0
228,17803,0,0
228,17804,0,0
228,17805,0,0
228,17806,0,0
228,17807,0,0
228,17808,0,0
228,17809,0,0
228,17810,0,0
228,17811,0,0
228,17812,0,0
228,17813,2,2
228,17814,0,0
228,17815,2,0
228,17816,2,2
228,17817,0,0
228,17818,0,0
228,17819,0,0
228,17820,0,0
228,17821,0,0
228,17822,0,0
228,17823,0,0
228,17824,0,0
228,17825,0,0
228,17826,0,0
228,17827,2,2
228,17828,0,0
228,17829,0,0
228,17830,0,0
228,17831,2,2
228,17832,0,0
228,17833,0,0
228,17834,0,0
228,17835,0,0
228,17836,0,0
228,17837,0,0
228,17838,0,0
228,17839,0,0
228,17840,2,0
228,17841,2,2
228,17842,0,0
228,17843,0,0
228,17844,0,0
228,17845,0,0
228,17846,0,0
228,17847,0,0
228,17848,0,0
228,17849,0,0
228,17850,2,0
228,17851,0,0
228,17852,0,0
228,17853,0,0
228,17854,0,0
228,17855,0,0
228,17856,0,0
228,17857,2,0
228,17858,0,0
228,17859,2,2
228,17860,0,0
228,17861,2,2
228,17862,2,0
228,17863,0,0
228,17864,0,0
230,17865,0,0
230,17866,0,0
230,17867,0,0
230,17868,0,0
230,17869,0,0
230,17870,0,0
230,17871,0,0
230,17872,0,0
230,17873,0,0
230,17874,0,0
230,17875,0,0
230,17876,0,0
230,17877,0,0
230,17878,0,0
230,17879,0,0
230,17880,0,0
230,17881,0,0
230,17882,0,0
230,17883,0,0
230,17884,0,0
230,17885,0,0
230,17886,0,0
230,17887,0,0
230,17888,0,0
230,17889,0,0
230,17890,0,0
230,17891,0,0
230,17892,0,0
230,17893,0,0
230,17894,0,0
230,17895,0,0
230,17896,0,0
230,17897,0,0
230,17898,0,0
230,17899,0,0
230,17900,0,0
230,17901,0,0
230,17902,0,0
230,17903,0,0
230,17904,0,0
230,17905,0,0
230,17906,0,0
230,17907,0,0
230,17908,0,0
230,17909,0,0
230,17910,0,0
230,17911,0,0
230,17912,0,0
230,17913,0,0
230,17914,0,0
230,17915,0,0
230,17916,0,0
230,17917,0,0
230,17918,0,0
230,17919,0,0
230,17920,0,0
230,17921,0,0
230,17922,0,0
230,17923,0,0
230,17924,0,0
230,17925,0,0
230,17926,0,0
230,17927,0,0
230,17928,0,0
230,17929,0,0
230,17930,0,0
230,17931,0,0
230,17932,0,0
230,17933,0,0
230,17934,0,0
230,17935,0,0
230,17936,0,0
230,17937,0,0
230,17938,0,0
230,17939,0,0
230,17940,0,0
230,17941,0,0
230,17942,0,0
230,17943,0,0
230,17944,0,0
230,17945,0,0
230,17946,0,0
230,17947,0,0
230,17948,0,0
230,17949,0,0
230,17950,0,0
230,17951,0,0
230,17952,0,0
230,17953,0,0
230,17954,0,0
230,17955,0,0
230,17956,0,0
230,17957,0,0
230,17958,0,0
230,17959,0,0
230,17960,0,0
230,17961,0,0
230,17962,0,0
230,17963,0,0
230,17964,0,0
230,17965,0,0
230,17966,0,0
230,17967,0,0
230,17968,0,0
230,17969,0,0
230,17970,0,0
230,17971,0,0
230,17972,0,0
230,17973,0,0
230,17974,0,0
230,17975,0,0
230,17976,0,0
230,17977,0,0
230,17978,0,0
230,17979,0,0
230,17980,0,0
230,17981,0,0
230,17982,0,0
230,17983,0,0
230,17984,0,0
230,17985,0,0
230,17986,0,0
230,17987,0,0
230,17988,0,0
230,17989,0,0
230,17990,0,0
230,17991,0,0
230,17992,0,0
230,17993,0,0
230,17994,0,0
230,17995,0,0
230,17996,0,0
230,17997,0,0
230,17998,0,0
230,17999,0,0
230,18000,0,0
230,18001,0,0
230,18002,0,0
230,18003,0,0
230,18004,0,0
230,18005,0,0
230,18006,0,0
230,18007,0,0
230,18008,0,0
230,18009,0,0
230,18010,0,0
230,18011,0,0
230,18012,0,0
230,18013,0,0
230,18014,0,0
230,18015,0,0
230,18016,0,0
230,18017,0,0
230,18018,0,0
230,18019,0,0
230,18020,0,0
230,18021,0,0
230,18022,0,0
230,18023,0,0
230,18024,0,0
230,18025,0,0
230,18026,0,0
230,18027,0,0
230,18028,0,0
230,18029,0,0
230,18030,0,0
230,18031,0,0
230,18032,0,0
230,18033,0,0
230,18034,0,0
230,18035,0,0
230,18036,0,0
230,18037,0,0
230,18038,0,0
230,18039,0,0
230,18040,0,0
230,18041,0,0
230,18042,0,0
230,18043,0,0
230,18044,0,0
230,18045,0,0
230,18046,0,0
230,18047,0,0
230,18048,0,0
230,18049,0,0
230,18050,0,0
230,18051,0,0
230,18052,0,0
230,18053,0,0
230,18054,0,0
230,18055,0,0
230,18056,0,0
230,18057,0,0
230,18058,0,0
230,18059,0,0
230,18060,0,0
230,18061,0,0
230,18062,0,0
230,18063,0,0
230,18064,0,0
230,18065,0,0
230,18066,0,0
230,18067,0,0
230,18068,0,0
230,18069,0,0
230,18070,0,0
230,18071,0,0
230,18072,0,0
230,18073,0,0
230,18074,0,0
230,18075,0,0
230,18076,0,0
230,18077,0,0
230,18078,0,0
230,18079,0,0
230,18080,0,0
230,18081,0,0
230,18082,0,0
230,18083,0,0
230,18084,0,0
230,18085,0,0
230,18086,0,0
230,18087,0,0
230,18088,0,0
230,18089,0,0
230,18090,0,0
230,18091,0,0
230,18092,0,0
230,18093,0,0
230,18094,0,0
230,18095,0,0
230,18096,0,0
230,18097,0,0
230,18098,0,0
230,18099,0,0
230,18100,0,0
230,18101,0,0
230,18102,0,0
230,18103,0,0
230,18104,0,0
230,18105,0,0
230,18106,0,0
230,18107,0,0
230,18108,0,0
230,18109,0,0
230,18110,0,0
230,18111,0,0
230,18112,0,0
230,18113,0,0
230,18114,0,0
230,18115,0,0
230,18116,0,0
230,18117,0,0
230,18118,0,0
230,18119,0,0
230,18120,0,0
230,18121,0,0
230,18122,0,0
230,18123,0,0
230,18124,0,0
230,18125,0,0
230,18126,0,0
230,18127,0,0
230,18128,0,0
230,18129,0,0
230,18130,0,0
230,18131,0,0
230,18132,0,0
230,18133,0,0
230,18134,0,0
230,18135,0,0
230,18136,0,0
230,18137,0,0
230,18138,0,0
230,18139,0,0
230,18140,0,0
230,18141,0,0
230,18142,0,0
230,18143,0,0
230,18144,0,0
230,18145,0,0
230,18146,0,0
230,18147,0,0
230,18148,0,0
230,18149,0,0
230,18150,0,0
230,18151,0,0
230,18152,0,0
230,18153,0,0
230,18154,0,0
230,18155,0,0
230,18156,0,0
230,18157,0,0
230,18158,0,0
230,18159,0,0
230,18160,0,0
230,18161,0,0
230,18162,0,0
230,18163,0,0
230,18164,0,0
230,18165,0,0
230,18166,0,0
230,18167,0,0
230,18168,0,0
230,18169,0,0
230,18170,0,0
230,18171,0,0
230,18172,0,0
230,18173,0,0
230,18174,0,0
230,18175,0,0
230,18176,0,0
230,18177,0,0
230,18178,0,0
230,18179,0,0
230,18180,0,0
230,18181,0,0
230,18182,0,0
230,18183,0,0
230,18184,0,0
230,18185,0,0
230,18186,0,0
230,18187,0,0
230,18188,0,0
230,18189,0,0
230,18190,0,0
230,18191,0,0
230,18192,0,0
230,18193,0,0
230,18194,0,0
230,18195,0,0
230,18196,0,0
230,18197,0,0
230,18198,0,0
230,18199,0,0
230,18200,0,1
230,18201,0,0
230,18202,0,0
230,18203,0,0
230,18204,0,0
230,18205,0,0
230,18206,0,0
230,18207,0,0
230,18208,0,0
230,18209,0,0
230,18210,0,0
230,18211,0,0
230,18212,0,0
230,18213,0,0
230,18214,0,0
230,18215,0,0
230,18216,0,0
230,18217,0,0
230,18218,0,0
230,18219,0,0
230,18220,0,0
230,18221,0,0
230,18222,0,0
230,18223,0,0
230,18224,0,0
230,18225,0,0
230,18226,0,0
230,18227,0,0
230,18228,0,0
230,18229,0,0
230,18230,0,0
230,18231,0,0
230,18232,0,0
230,18233,0,0
230,18234,0,0
230,18235,0,0
230,18236,0,0
230,18237,0,0
230,18238,0,0
230,18239,0,0
230,18240,0,0
230,18241,0,0
230,18242,0,0
230,18243,0,0
230,18244,0,0
230,18245,0,0
230,18246,0,0
230,18247,0,0
230,18248,0,0
230,18249,0,0
230,18250,0,0
230,18251,0,0
230,18252,0,0
230,18253,0,0
230,18254,0,0
230,18255,0,0
230,18256,0,0
230,18257,0,0
230,18258,0,0
230,18259,0,0
230,18260,0,0
230,18261,0,0
230,18262,0,0
230,18263,0,0
230,18264,0,0
230,18265,0,0
230,18266,0,0
230,18267,0,0
230,18268,0,0
230,18269,0,0
230,18270,0,0
230,18271,0,0
230,18272,0,0
230,18273,0,0
230,18274,0,0
230,18275,0,0
230,18276,0,0
230,18277,0,0
230,18278,0,0
230,18279,0,0
230,18280,0,0
230,18281,0,0
230,18282,0,0
230,18283,0,0
230,18284,0,0
230,18285,0,0
230,18286,0,0
230,18287,0,0
230,18288,0,0
230,18289,0,0
230,18290,0,0
230,18291,0,2
230,18292,0,0
230,18293,0,0
230,18294,0,0
230,18295,0,0
230,18296,0,0
230,18297,0,0
230,18298,0,0
230,18299,0,0
230,18300,0,2
230,18301,0,0
230,18302,0,0
231,18303,0,0
231,18304,0,0
231,18305,0,0
231,18306,0,0
231,18307,0,0
231,18308,0,0
231,18309,0,0
231,18310,0,0
231,18311,0,0
231,18312,0,0
231,18313,0,0
231,18314,0,0
231,18315,0,0
231,18316,0,0
231,18317,0,0
231,18318,0,0
231,18319,0,0
231,18320,0,0
231,18321,0,0
231,18322,0,0
231,18323,0,0
231,18324,0,0
231,18325,0,0
231,18326,0,0
231,18327,0,0
231,18328,0,0
231,18329,0,0
231,18330,0,0
231,18331,0,0
231,18332,0,0
231,18333,0,0
231,18334,0,0
231,18335,0,0
231,18336,0,0
231,18337,0,0
231,18338,0,0
231,18339,0,0
231,18340,0,0
231,18341,0,0
231,18342,0,0
231,18343,0,0
231,18344,0,0
231,18345,0,0
231,18346,0,0
231,18347,0,0
231,18348,0,0
231,18349,0,0
231,18350,0,0
231,18351,0,0
231,18352,0,0
231,18353,0,0
231,18354,0,0
231,18355,0,0
231,18356,0,0
231,18357,0,0
231,18358,0,0
231,18359,0,0
231,18360,0,0
231,18361,0,0
231,18362,0,0
231,18363,0,0
231,18364,0,0
231,18365,0,0
231,18366,0,0
231,18367,0,0
231,18368,0,0
231,18369,0,0
231,18370,0,0
231,18371,0,0
231,18372,0,0
231,18373,0,0
231,18374,0,0
231,18375,0,0
231,18376,0,0
231,18377,0,0
231,18378,0,0
231,18379,0,0
231,18380,0,0
231,18381,0,0
231,18382,0,0
231,18383,0,0
231,18384,0,0
231,18385,0,0
231,18386,0,0
231,18387,0,0
231,18388,0,0
231,18389,0,0
231,18390,0,0
231,18391,0,0
231,18392,0,0
231,18393,0,0
231,18394,0,0
231,18395,0,0
231,18396,0,0
231,18397,0,0
231,18398,0,0
231,18399,0,0
231,18400,0,0
231,18401,0,0
231,18402,0,0
231,18403,0,0
231,18404,0,0
231,18405,0,0
231,18406,0,0
231,18407,0,0
231,18408,0,0
231,18409,0,0
231,18410,0,0
231,18411,0,0
231,18412,0,0
231,18413,0,0
231,18414,0,0
231,18415,0,0
231,18416,0,0
231,18417,0,0
231,18418,0,0
231,18419,0,0
231,18420,0,0
231,18421,0,0
231,18422,0,0
231,18423,0,0
231,18424,0,0
231,18425,0,0
231,18426,0,0
231,18427,0,0
231,18428,0,0
231,18429,0,0
231,18430,0,0
231,18431,0,0
231,18432,0,0
231,18433,0,0
231,18434,0,0
231,18435,0,0
231,18436,0,0
231,18437,0,0
231,18438,0,0
231,18439,0,0
231,18440,0,0
231,18441,0,0
231,18442,0,0
231,18443,0,0
231,18444,0,0
231,18445,0,0
231,18446,0,0
231,18447,0,0
231,18448,0,0
231,18449,0,0
231,18450,0,0
231,18451,0,0
231,18452,0,0
231,18453,0,0
231,18454,0,0
231,18455,0,0
231,18456,0,0
231,18457,0,0
231,18458,0,0
231,18459,0,0
231,18460,0,0
231,18461,0,0
231,18462,0,0
231,18463,0,0
231,18464,0,0
231,18465,0,0
231,18466,0,0
231,18467,0,0
231,18468,0,0
231,18469,0,0
231,18470,0,0
231,18471,0,0
231,18472,0,0
231,18473,0,0
231,18474,0,0
231,18475,0,0
231,18476,0,0
231,18477,0,0
231,18478,0,0
231,18479,0,0
231,18480,0,0
231,18481,0,0
231,18482,0,0
231,18483,0,0
231,18484,0,0
231,18485,0,0
231,18486,0,0
231,18487,0,0
231,18488,0,0
231,18489,0,0
231,18490,0,0
231,18491,0,0
231,18492,0,0
231,18493,0,0
231,18494,0,0
231,18495,0,0
231,18496,0,0
231,18497,0,0
231,18498,0,0
231,18499,0,0
231,18500,0,0
231,18501,0,0
231,18502,0,0
231,18503,0,0
231,18504,0,0
231,18505,0,0
231,18506,0,0
231,18507,0,0
231,18508,0,0
231,18509,0,0
231,18510,0,0
231,18511,0,0
231,18512,0,0
231,18513,0,0
231,18514,0,0
231,18515,0,0
231,18516,0,0
231,18517,0,0
231,18518,0,0
231,18519,0,0
231,18520,0,0
231,18521,0,0
231,18522,0,0
231,18523,0,0
231,18524,0,0
231,18525,0,0
231,18526,0,0
231,18527,0,0
231,18528,0,0
231,18529,0,0
231,18530,0,0
231,18531,0,0
231,18532,0,0
231,18533,0,0
231,18534,0,0
231,18535,0,0
231,18536,0,0
231,18537,0,0
231,18538,0,0
231,18539,0,0
231,18540,0,0
231,18541,0,0
231,18542,0,0
231,18543,0,0
231,18544,0,0
231,18545,0,0
231,18546,0,0
231,18547,0,0
231,18548,0,0
231,18549,0,0
231,18550,0,0
231,18551,0,0
231,18552,0,0
231,18553,0,0
231,18554,0,0
231,18555,0,0
231,18556,0,0
231,18557,0,0
231,18558,0,0
231,18559,0,0
231,18560,0,0
231,18561,0,0
231,18562,0,0
231,18563,0,0
231,18564,0,0
231,18565,0,0
231,18566,0,0
231,18567,0,0
231,18568,0,0
231,18569,0,0
231,18570,0,0
231,18571,0,0
231,18572,0,0
231,18573,0,0
231,18574,0,0
231,18575,0,0
231,18576,0,0
231,18577,0,0
231,18578,0,0
231,18579,0,0
231,18580,0,0
231,18581,0,0
231,18582,0,0
231,18583,0,0
231,18584,0,0
231,18585,0,0
231,18586,0,0
231,18587,0,0
231,18588,0,0
231,18589,0,0
231,18590,0,0
231,18591,0,0
231,18592,0,0
231,18593,0,0
231,18594,0,0
231,18595,0,0
231,18596,0,0
231,18597,0,0
231,18598,0,0
231,18599,0,0
231,18600,0,0
231,18601,0,0
231,18602,0,0
231,18603,0,0
231,18604,0,0
231,18605,0,0
231,18606,0,0
231,18607,0,0
231,18608,0,0
231,18609,0,0
231,18610,0,0
231,18611,0,0
232,18612,1,0
232,18613,1,1
232,18614,1,1
232,18615,1,1
232,18616,0,0
232,18617,0,0
232,18618,1,0
232,18619,1,1
232,18620,0,0
232,18621,0,0
232,18622,1,1
232,18623,0,0
232,18624,1,1
232,18625,1,1
232,18626,1,1
232,18627,0,1
232,18628,1,1
232,18629,1,0
232,18630,1,0
232,18631,1,1
232,18632,0,0
232,18633,1,1
232,18634,1,0
232,18635,0,0
232,18636,0,0
232,18637,0,1
232,18638,1,1
232,18639,1,0
232,18640,0,0
232,18641,0,0
232,18642,1,1
232,18643,0,1
232,18644,0,0
232,18645,1,1
232,18646,0,0
232,18647,1,1
232,18648,0,0
232,18649,1,0
232,18650,1,1
232,18651,0,0
232,18652,1,1
232,18653,0,0
232,18654,1,0
232,18655,1,0
232,18656,0,0
232,18657,0,0
232,18658,1,0
232,18659,1,1
232,18660,1,1
232,18661,1,1
232,18662,1,0
232,18663,1,1
232,18664,1,0
232,18665,0,1
232,18666,1,1
232,18667,1,1
232,18668,1,1
232,18669,1,0
232,18670,0,0
232,18671,1,0
232,18672,0,0
232,18673,1,1
232,18674,1,1
232,18675,1,1
232,18676,0,1
232,18677,0,0
232,18678,1,1
232,18679,1,1
232,18680,1,0
232,18681,1,0
232,18682,0,0
232,18683,1,1
232,18684,1,1
232,18685,0,0
232,18686,0,0
232,18687,0,1
232,18688,1,0
232,18689,1,0
232,18690,1,1
232,18691,1,0
232,18692,0,0
232,18693,0,1
232,18694,0,0
232,18695,1,0
232,18696,1,1
232,18697,0,1
232,18698,1,0
232,18699,0,0
232,18700,1,0
232,18701,1,1
232,18702,0,0
232,18703,1,1
232,18704,1,1
232,18705,1,1
232,18706,0,1
232,18707,1,1
232,18708,1,1
232,18709,1,1
232,18710,1,1
232,18711,1,0
232,18712,1,1
232,18713,0,0
232,18714,1,0
232,18715,1,0
232,18716,1,0
232,18717,1,1
232,18718,1,0
232,18719,0,0
232,18720,1,1
232,18721,1,1
232,18722,1,1
232,18723,1,1
232,18724,0,0
232,18725,1,0
232,18726,1,1
232,18727,0,0
232,18728,1,0
232,18729,1,1
232,18730,1,1
232,18731,1,0
232,18732,1,0
232,18733,1,0
232,18734,1,1
232,18735,1,0
232,18736,1,1
232,18737,1,1
232,18738,0,1
232,18739,1,0
232,18740,1,1
232,18741,1,0
232,18742,1,0
232,18743,1,1
232,18744,1,0
232,18745,1,0
232,18746,1,0
232,18747,1,0
232,18748,1,0
232,18749,1,0
232,18750,1,0
232,18751,0,1
232,18752,1,1
232,18753,1,0
232,18754,1,1
232,18755,0,0
232,18756,1,0
232,18757,1,1
232,18758,1,1
232,18759,0,0
232,18760,1,1
232,18761,1,2
232,18762,1,1
232,18763,1,0
232,18764,1,1
232,18765,1,1
232,18766,0,0
232,18767,1,1
232,18768,1,1
232,18769,1,0
232,18770,1,0
232,18771,1,0
232,18772,1,1
232,18773,1,1
232,18774,0,0
232,18775,1,1
232,18776,1,1
232,18777,1,1
232,18778,1,0
232,18779,0,0
232,18780,1,0
232,18781,1,0
232,18782,1,1
232,18783,1,1
232,18784,1,1
232,18785,1,1
232,18786,1,0
232,18787,1,1
232,18788,1,1
232,18789,1,0
232,18790,0,0
232,18791,1,1
232,18792,1,1
232,18793,1,0
232,18794,0,0
232,18795,1,0
232,18796,0,1
232,18797,1,0
232,18798,1,0
232,18799,0,0
232,18800,1,1
232,18801,0,1
232,18802,1,0
232,18803,1,0
232,18804,1,0
232,18805,1,1
232,18806,0,0
232,18807,1,0
232,18808,1,1
232,18809,1,1
232,18810,1,1
232,18811,1,1
232,18812,0,0
232,18813,1,0
232,18814,1,1
232,18815,1,0
232,18816,1,1
232,18817,0,0
232,18818,1,0
232,18819,1,1
232,18820,1,0
232,18821,1,0
232,18822,1,0
232,18823,1,1
232,18824,1,1
232,18825,1,0
232,18826,1,0
232,18827,0,0
232,18828,1,0
232,18829,1,1
232,18830,1,1
232,18831,0,0
232,18832,1,1
232,18833,1,1
232,18834,0,1
232,18835,1,0
232,18836,0,0
232,18837,0,0
232,18838,1,1
232,18839,1,0
232,18840,1,1
232,18841,1,1
232,18842,1,0
232,18843,1,0
232,18844,1,0
232,18845,1,1
232,18846,1,1
232,18847,1,0
232,18848,1,1
232,18849,1,1
232,18850,1,1
232,18851,1,0
232,18852,1,0
232,18853,1,0
232,18854,1,0
232,18855,0,0
232,18856,1,0
232,18857,1,0
232,18858,1,0
232,18859,1,1
232,18860,0,0
232,18861,0,0
232,18862,1,1
232,18863,1,0
232,18864,0,0
232,18865,1,1
232,18866,1,1
232,18867,1,0
232,18868,0,0
232,18869,0,0
232,18870,1,0
232,18871,1,1
232,18872,1,1
232,18873,1,0
232,18874,1,1
232,18875,1,1
232,18876,0,0
232,18877,0,1
232,18878,1,0
232,18879,1,1
232,18880,1,1
232,18881,1,0
232,18882,0,0
232,18883,1,1
232,18884,1,0
232,18885,0,0
232,18886,1,1
232,18887,1,0
232,18888,1,0
232,18889,0,0
232,18890,1,0
232,18891,1,0
232,18892,1,0
232,18893,1,0
232,18894,1,0
232,18895,1,0
232,18896,0,0
232,18897,1,0
232,18898,1,1
232,18899,1,1
232,18900,1,0
232,18901,0,0
232,18902,1,1
232,18903,1,1
232,18904,1,0
232,18905,1,0
232,18906,1,0
232,18907,0,0
232,18908,1,0
232,18909,1,0
232,18910,1,0
232,18911,1,0
232,18912,1,0
232,18913,1,0
232,18914,1,0
232,18915,0,0
232,18916,1,0
232,18917,1,1
232,18918,1,0
232,18919,1,1
232,18920,1,0
232,18921,0,0
232,18922,1,1
232,18923,1,1
232,18924,1,1
232,18925,0,0
232,18926,1,0
232,18927,0,0
232,18928,0,0
232,18929,1,0
232,18930,1,1
232,18931,1,1
232,18932,0,0
232,18933,1,0
232,18934,1,1
232,18935,1,1
232,18936,1,1
232,18937,1,0
232,18938,1,0
232,18939,0,1
232,18940,1,1
232,18941,0,0
232,18942,1,0
232,18943,1,1
232,18944,1,0
232,18945,1,1
232,18946,0,0
232,18947,1,1
232,18948,0,0
232,18949,0,0
232,18950,1,0
232,18951,1,0
232,18952,1,0
232,18953,1,1
232,18954,0,0
232,18955,1,0
232,18956,1,1
232,18957,1,1
232,18958,1,1
232,18959,1,0
232,18960,1,1
232,18961,1,0
232,18962,0,0
232,18963,1,1
232,18964,1,0
232,18965,1,0
232,18966,1,0
232,18967,1,1
232,18968,1,0
232,18969,0,0
232,18970,0,0
232,18971,1,1
232,18972,1,1
232,18973,1,0
232,18974,1,0
232,18975,1,1
232,18976,1,0
232,18977,0,0
232,18978,1,1
232,18979,1,1
233,18980,2,2
233,18981,0,0
233,18982,0,0
233,18983,2,0
233,18984,0,0
233,18985,0,0
233,18986,0,0
233,18987,0,0
233,18988,2,2
233,18989,0,0
233,18990,0,0
233,18991,0,0
233,18992,0,0
233,18993,2,2
233,18994,2,0
233,18995,0,0
233,18996,0,0
233,18997,0,0
233,18998,0,0
233,18999,0,0
233,19000,2,0
233,19001,2,2
233,19002,0,0
233,19003,2,2
233,19004,0,0
233,19005,0,0
233,19006,0,0
233,19007,0,0
233,19008,0,0
233,19009,2,0
233,19010,0,0
233,19011,2,0
233,19012,0,0
233,19013,2,2
233,19014,0,0
233,19015,0,0
233,19016,2,2
233,19017,1,0
233,19018,0,0
233,19019,0,0
233,19020,2,2
233,19021,2,0
233,19022,2,2
233,19023,0,0
233,19024,2,0
233,19025,2,2
233,19026,0,0
233,19027,2,2
233,19028,0,0
233,19029,0,0
233,19030,3,2
233,19031,2,0
233,19032,0,0
233,19033,0,0
233,19034,0,0
233,19035,0,0
233,19036,0,0
233,19037,2,0
233,19038,0,0
233,19039,0,0
233,19040,2,0
233,19041,0,0
233,19042,2,0
233,19043,0,0
233,19044,0,0
233,19045,0,0
233,19046,0,0
233,19047,0,0
233,19048,2,2
233,19049,2,0
233,19050,0,0
233,19051,0,0
233,19052,0,0
233,19053,0,0
233,19054,2,2
233,19055,0,0
233,19056,0,0
233,19057,2,0
233,19058,0,0
233,19059,0,0
233,19060,0,0
233,19061,0,0
233,19062,2,2
233,19063,0,0
233,19064,0,0
233,19065,0,0
233,19066,0,0
233,19067,0,0
233,19068,0,0
233,19069,0,0
233,19070,2,0
233,19071,0,0
233,19072,0,0
233,19073,0,0
233,19074,0,0
233,19075,0,0
233,19076,0,0
233,19077,0,0
233,19078,0,0
233,19079,2,2
233,19080,0,0
233,19081,0,0
233,19082,2,0
233,19083,0,0
233,19084,0,0
233,19085,0,0
233,19086,0,0
233,19087,0,0
233,19088,0,0
233,19089,0,0
233,19090,0,0
233,19091,2,0
233,19092,0,0
233,19093,0,0
233,19094,0,0
233,19095,0,0
233,19096,2,2
233,19097,0,0
233,19098,0,0
233,19099,2,0
233,19100,2,0
233,19101,0,0
233,19102,0,0
233,19103,0,0
233,19104,0,0
233,19105,0,0
233,19106,0,0
233,19107,0,0
233,19108,0,0
233,19109,0,0
233,19110,2,0
233,19111,0,0
233,19112,0,0
233,19113,0,0
233,19114,0,0
233,19115,0,0
233,19116,2,2
233,19117,0,0
233,19118,0,0
233,19119,2,0
233,19120,0,0
233,19121,3,2
233,19122,0,0
233,19123,2,2
233,19124,0,0
233,19125,0,0
233,19126,0,0
233,19127,0,0
233,19128,0,0
233,19129,0,0
233,19130,0,0
233,19131,2,0
233,19132,0,0
233,19133,0,0
233,19134,0,0
233,19135,0,0
233,19136,0,0
233,19137,0,0
233,19138,2,2
233,19139,0,0
233,19140,0,0
233,19141,2,0
233,19142,0,0
233,19143,0,0
233,19144,2,2
233,19145,0,0
233,19146,2,2
233,19147,0,0
233,19148,2,2
233,19149,0,0
233,19150,0,0
233,19151,2,2
233,19152,0,0
233,19153,0,0
233,19154,2,0
233,19155,0,0
233,19156,0,0
233,19157,0,0
233,19158,0,0
233,19159,0,0
233,19160,0,0
233,19161,0,0
233,19162,2,2
233,19163,2,2
233,19164,2,0
233,19165,0,0
233,19166,0,0
233,19167,0,0
233,19168,0,0
233,19169,0,0
233,19170,0,0
233,19171,0,0
233,19172,2,2
233,19173,0,0
233,19174,2,2
233,19175,0,0
233,19176,2,0
233,19177,0,0
233,19178,0,0
233,19179,0,0
233,19180,2,0
233,19181,0,0
233,19182,2,0
233,19183,0,0
233,19184,0,0
233,19185,0,0
233,19186,0,0
233,19187,0,0
233,19188,2,0
233,19189,0,0
233,19190,0,0
233,19191,3,0
233,19192,0,0
233,19193,0,0
233,19194,2,0
233,19195,2,0
233,19196,0,0
233,19197,0,0
233,19198,2,0
233,19199,0,0
233,19200,0,0
233,19201,0,0
233,19202,0,0
233,19203,0,0
233,19204,0,0
233,19205,2,2
233,19206,2,2
233,19207,2,2
233,19208,2,0
233,19209,2,2
233,19210,2,2
233,19211,0,0
233,19212,0,0
233,19213,0,0
233,19214,0,0
233,19215,2,2
233,19216,0,0
233,19217,0,0
233,19218,0,0
233,19219,0,0
233,19220,2,0
233,19221,0,0
233,19222,0,0
233,19223,0,0
233,19224,0,0
233,19225,0,0
233,19226,0,0
233,19227,0,0
233,19228,2,0
233,19229,0,0
233,19230,2,2
233,19231,0,0
233,19232,2,0
233,19233,0,0
233,19234,0,0
233,19235,0,0
233,19236,0,0
233,19237,2,2
233,19238,0,0
233,19239,0,0
233,19240,2,2
233,19241,0,0
233,19242,0,0
233,19243,2,2
233,19244,0,0
233,19245,0,0
233,19246,0,0
233,19247,0,0
233,19248,0,0
233,19249,0,0
233,19250,0,0
233,19251,0,0
233,19252,2,0
233,19253,0,0
233,19254,0,0
233,19255,0,0
233,19256,2,2
233,19257,0,0
233,19258,0,0
233,19259,0,0
233,19260,2,0
233,19261,2,2
233,19262,0,0
233,19263,0,0
233,19264,2,2
233,19265,0,0
233,19266,2,0
233,19267,0,0
233,19268,2,0
233,19269,0,0
233,19270,0,0
233,19271,0,0
233,19272,0,0
233,19273,2,0
233,19274,2,2
233,19275,2,0
233,19276,0,0
233,19277,0,0
233,19278,0,0
233,19279,0,0
233,19280,2,0
233,19281,2,0
233,19282,0,0
233,19283,0,0
233,19284,0,0
233,19285,0,0
233,19286,0,0
233,19287,0,0
233,19288,0,0
233,19289,0,0
233,19290,2,2
233,19291,2,2
233,19292,0,0
233,19293,2,2
233,19294,0,0
233,19295,0,0
233,19296,0,0
233,19297,0,0
233,19298,0,0
233,19299,0,0
233,19300,0,0
233,19301,0,0
233,19302,0,0
233,19303,0,0
233,19304,0,0
233,19305,0,0
233,19306,0,0
233,19307,2,2
233,19308,0,0
233,19309,0,0
233,19310,0,0
233,19311,0,0
233,19312,0,0
233,19313,2,2
233,19314,2,2
233,19315,2,0
233,19316,0,0
233,19317,0,0
233,19318,0,0
233,19319,0,0
233,19320,0,0
233,19321,0,0
233,19322,0,0
233,19323,0,0
233,19324,0,0
233,19325,0,0
233,19326,2,0
233,19327,0,0
233,19328,0,0
233,19329,1,0
233,19330,0,0
233,19331,0,0
233,19332,2,0
233,19333,0,0
233,19334,0,0
233,19335,2,0
233,19336,0,0
233,19337,0,0
233,19338,2,0
233,19339,0,0
233,19340,2,2
233,19341,0,0
233,19342,2,0
233,19343,0,0
233,19344,0,0
233,19345,0,0
233,19346,2,0
233,19347,0,0
233,19348,0,0
233,19349,2,2
233,19350,2,0
233,19351,0,0
233,19352,0,0
233,19353,0,0
233,19354,0,0
233,19355,0,0
233,19356,0,0
233,19357,0,0
233,19358,0,0
233,19359,0,0
233,19360,0,0
233,19361,0,0
233,19362,0,0
233,19363,2,2
233,19364,0,0
233,19365,0,0
233,19366,0,0
233,19367,0,0
233,19368,0,0
233,19369,0,0
233,19370,0,0
233,19371,0,0
233,19372,0,0
233,19373,0,0
233,19374,0,0
233,19375,2,2
233,19376,0,0
233,19377,0,0
233,19378,0,0
233,19379,0,0
233,19380,0,0
233,19381,0,0
233,19382,2,0
233,19383,0,0
233,19384,0,0
233,19385,0,0
233,19386,2,2
233,19387,0,0
233,19388,0,0
233,19389,0,0
233,19390,0,0
233,19391,0,0
233,19392,0,0
233,19393,0,0
233,19394,2,2
233,19395,0,0
233,19396,0,0
233,19397,0,0
233,19398,0,0
233,19399,2,0
233,19400,2,0
233,19401,0,0
233,19402,0,0
233,19403,0,0
233,19404,2,2
233,19405,0,0
233,19406,0,0
233,19407,0,0
233,19408,0,0
233,19409,0,0
233,19410,2,2
233,19411,0,0
233,19412,0,0
233,19413,0,0
233,19414,2,0
233,19415,2,0
233,19416,0,0
233,19417,0,0
233,19418,2,2
233,19419,0,0
233,19420,0,0
233,19421,2,2
233,19422,0,0
233,19423,2,2
233,19424,0,0
233,19425,2,0
233,19426,0,0
233,19427,0,0
233,19428,0,0
233,19429,0,0
233,19430,0,0
233,19431,2,0
233,19432,0,0
233,19433,0,0
233,19434,0,0
233,19435,2,0
233,19436,0,0
233,19437,0,0
233,19438,0,0
233,19439,0,0
233,19440,2,2
233,19441,0,0
233,19442,0,0
233,19443,0,0
233,19444,0,0
233,19445,0,0
233,19446,2,2
233,19447,2,2
233,19448,2,2
233,19449,0,0
233,19450,0,0
233,19451,0,0
233,19452,0,0
233,19453,2,2
233,19454,0,0
233,19455,0,0
233,19456,0,0
233,19457,0,0
233,19458,0,0
233,19459,0,0
233,19460,0,0
233,19461,0,0
233,19462,0,0
233,19463,0,0
233,19464,2,2
233,19465,2,0
233,19466,2,0
233,19467,0,0
233,19468,2,2
233,19469,0,0
233,19470,2,2
233,19471,0,0
233,19472,0,0
233,19473,0,0
233,19474,0,0
233,19475,2,0
233,19476,0,0
233,19477,0,0
233,19478,0,0
233,19479,2,0
233,19480,0,0
233,19481,0,0
233,19482,2,2
233,19483,0,0
233,19484,0,0
233,19485,2,0
233,19486,0,0
233,19487,0,0
233,19488,0,0
233,19489,0,0
233,19490,0,0
233,19491,0,0
233,19492,0,0
233,19493,2,2
233,19494,0,0
233,19495,0,0
233,19496,2,0
233,19497,2,2
233,19498,2,0
233,19499,0,0
233,19500,0,0
233,19501,0,0
233,19502,0,0
233,19503,0,0
233,19504,0,0
233,19505,0,0
233,19506,0,0
233,19507,0,0
233,19508,0,0
233,19509,0,0
233,19510,2,2
233,19511,0,0
233,19512,0,0
233,19513,2,2
233,19514,0,0
233,19515,0,0
233,19516,0,0
233,19517,2,2
233,19518,0,0
233,19519,0,0
233,19520,0,0
233,19521,0,0
233,19522,0,0
233,19523,0,0
233,19524,2,0
233,19525,0,0
233,19526,2,0
233,19527,0,0
233,19528,0,0
233,19529,0,0
233,19530,0,0
233,19531,0,0
233,19532,0,0
233,19533,2,0
233,19534,0,0
233,19535,2,0
233,19536,0,0
233,19537,2,0
233,19538,0,0
233,19539,0,0
233,19540,0,0
233,19541,0,0
233,19542,0,0
233,19543,0,0
233,19544,2,0
233,19545,2,0
233,19546,0,0
233,19547,2,2
233,19548,0,0
233,19549,0,0
233,19550,0,0
233,19551,0,0
233,19552,0,0
233,19553,2,0
233,19554,2,0
233,19555,2,0
233,19556,2,0
233,19557,0,0
233,19558,2,0
233,19559,2,0
233,19560,0,0
233,19561,0,0
233,19562,0,0
233,19563,2,2
233,19564,0,0
234,19565,0,0
234,19566,0,0
234,19567,0,0
234,19568,0,0
234,19569,0,0
234,19570,0,0
234,19571,0,0
234,19572,0,0
234,19573,0,0
234,19574,0,0
234,19575,0,0
234,19576,0,0
234,19577,0,0
234,19578,0,0
234,19579,0,0
234,19580,0,0
234,19581,0,0
234,19582,0,0
234,19583,0,0
234,19584,0,0
234,19585,0,0
234,19586,0,0
234,19587,0,0
234,19588,0,0
234,19589,0,0
234,19590,0,0
234,19591,0,0
234,19592,0,0
234,19593,0,0
234,19594,0,0
234,19595,0,0
234,19596,0,0
234,19597,0,0
234,19598,0,0
234,19599,0,0
234,19600,0,0
234,19601,0,0
234,19602,0,0
234,19603,0,0
234,19604,0,0
234,19605,0,0
234,19606,0,0
234,19607,0,0
234,19608,0,0
234,19609,0,0
234,19610,0,0
234,19611,0,0
234,19612,0,0
234,19613,0,0
234,19614,0,0
234,19615,0,0
234,19616,0,0
234,19617,0,0
234,19618,0,0
234,19619,0,0
234,19620,0,0
234,19621,0,0
234,19622,0,0
234,19623,0,0
234,19624,0,0
234,19625,0,0
234,19626,0,0
234,19627,0,0
234,19628,0,0
234,19629,0,0
234,19630,0,0
234,19631,0,0
234,19632,0,0
234,19633,0,0
234,19634,0,0
234,19635,0,0
234,19636,0,0
234,19637,0,0
234,19638,0,0
234,19639,0,0
234,19640,0,0
234,19641,0,0
234,19642,0,0
234,19643,0,0
234,19644,0,0
234,19645,0,0
234,19646,0,0
234,19647,0,0
234,19648,0,0
234,19649,0,0
234,19650,0,0
234,19651,0,0
234,19652,0,0
234,19653,0,0
234,19654,0,0
234,19655,0,0
234,19656,0,0
234,19657,0,0
234,19658,0,0
234,19659,0,0
234,19660,0,0
234,19661,0,0
234,19662,0,0
234,19663,0,0
234,19664,0,0
234,19665,0,0
234,19666,0,0
234,19667,0,0
234,19668,0,0
234,19669,0,0
234,19670,0,0
234,19671,0,0
234,19672,0,0
234,19673,0,0
234,19674,0,0
234,19675,0,0
234,19676,0,0
234,19677,0,0
234,19678,0,0
234,19679,0,0
234,19680,0,0
234,19681,0,0
234,19682,0,0
234,19683,0,0
234,19684,0,0
234,19685,0,0
234,19686,0,0
234,19687,0,0
234,19688,0,0
234,19689,0,0
234,19690,0,0
234,19691,0,0
234,19692,0,0
234,19693,0,0
234,19694,0,0
234,19695,0,0
234,19696,0,0
234,19697,0,0
234,19698,0,0
234,19699,0,0
234,19700,0,0
234,19701,0,0
234,19702,0,0
234,19703,0,0
234,19704,0,0
234,19705,0,0
234,19706,0,0
234,19707,0,0
234,19708,0,0
234,19709,0,0
234,19710,0,0
234,19711,0,0
234,19712,0,0
234,19713,0,0
234,19714,0,0
234,19715,0,0
234,19716,0,0
234,19717,0,0
234,19718,0,0
234,19719,0,0
234,19720,0,0
234,19721,0,0
234,19722,0,0
234,19723,0,0
234,19724,0,0
234,19725,0,0
234,19726,0,0
234,19727,0,0
234,19728,0,0
234,19729,0,0
234,19730,0,0
234,19731,0,0
234,19732,0,0
234,19733,0,0
234,19734,0,0
234,19735,0,0
234,19736,0,0
234,19737,0,0
234,19738,0,0
234,19739,0,0
234,19740,0,0
234,19741,0,0
234,19742,0,0
234,19743,0,0
234,19744,0,0
234,19745,0,0
234,19746,0,0
234,19747,0,0
234,19748,0,0
234,19749,0,0
234,19750,0,0
234,19751,0,0
234,19752,0,0
234,19753,0,0
234,19754,0,0
234,19755,0,0
234,19756,0,0
234,19757,0,0
234,19758,0,0
234,19759,0,0
234,19760,0,0
234,19761,0,0
234,19762,0,0
234,19763,0,0
234,19764,0,0
234,19765,0,0
234,19766,0,0
234,19767,0,0
234,19768,0,0
234,19769,0,0
234,19770,0,0
234,19771,0,0
234,19772,0,0
234,19773,0,0
234,19774,0,0
234,19775,0,0
234,19776,0,0
234,19777,0,0
234,19778,0,0
234,19779,0,0
234,19780,0,0
234,19781,0,0
234,19782,0,0
234,19783,0,0
234,19784,0,0
234,19785,0,0
234,19786,0,0
234,19787,0,0
234,19788,0,0
234,19789,0,0
234,19790,0,0
234,19791,0,0
234,19792,0,0
234,19793,0,0
234,19794,0,0
234,19795,0,0
234,19796,0,0
234,19797,0,0
234,19798,0,0
234,19799,0,0
234,19800,0,0
234,19801,0,0
234,19802,0,0
234,19803,0,0
234,19804,0,0
234,19805,0,0
234,19806,0,0
234,19807,0,0
234,19808,0,0
234,19809,0,0
234,19810,0,0
234,19811,0,0
234,19812,0,0
234,19813,0,0
234,19814,0,0
234,19815,0,0
234,19816,0,0
234,19817,0,0
234,19818,0,0
234,19819,0,0
234,19820,0,0
234,19821,0,0
234,19822,0,0
234,19823,0,0
234,19824,0,0
234,19825,1,0
234,19826,1,0
234,19827,1,0
234,19828,1,0
234,19829,1,0
234,19830,1,0
234,19831,1,0
234,19832,1,0
234,19833,1,0
234,19834,1,0
234,19835,1,0
234,19836,1,0
234,19837,1,0
234,19838,0,0
234,19839,0,0
234,19840,0,0
234,19841,0,0
234,19842,0,0
234,19843,0,0
234,19844,0,0
234,19845,0,0
234,19846,0,0
234,19847,0,0
234,19848,0,0
234,19849,0,0
234,19850,0,0
234,19851,0,0
234,19852,0,0
234,19853,0,0
234,19854,0,0
234,19855,0,0
234,19856,0,0
234,19857,0,0
234,19858,0,0
234,19859,0,0
234,19860,0,0
234,19861,0,0
234,19862,0,0
234,19863,0,0
234,19864,0,0
234,19865,0,0
234,19866,0,0
234,19867,0,0
234,19868,0,0
234,19869,0,0
234,19870,0,0
234,19871,0,0
234,19872,0,0
234,19873,0,0
234,19874,0,0
234,19875,0,0
234,19876,0,0
234,19877,0,0
234,19878,0,0
234,19879,0,0
234,19880,0,0
234,19881,0,0
234,19882,0,0
234,19883,0,0
234,19884,0,0
234,19885,0,0
234,19886,0,0
234,19887,0,0
234,19888,0,0
234,19889,0,0
234,19890,0,0
234,19891,0,0
234,19892,0,0
234,19893,0,0
234,19894,0,0
234,19895,0,0
234,19896,0,0
234,19897,0,0
234,19898,0,0
234,19899,0,0
234,19900,0,0
234,19901,0,0
234,19902,0,0
234,19903,0,0
234,19904,0,0
234,19905,0,0
234,19906,0,0
234,19907,0,0
234,19908,0,0
234,19909,0,0
234,19910,0,0
234,19911,0,0
234,19912,0,0
234,19913,0,0
234,19914,0,0
234,19915,0,0
234,19916,0,0
234,19917,0,0
234,19918,0,0
234,19919,0,0
234,19920,0,0
234,19921,0,0
234,19922,0,0
234,19923,0,0
234,19924,0,0
234,19925,0,0
234,19926,0,0
234,19927,0,0
234,19928,0,0
234,19929,0,0
234,19930,0,0
234,19931,0,0
234,19932,0,0
234,19933,0,0
234,19934,0,0
234,19935,0,0
234,19936,0,0
234,19937,0,0
234,19938,0,0
234,19939,0,0
234,19940,0,0
234,19941,0,0
234,19942,0,0
234,19943,0,0
234,19944,0,0
234,19945,0,0
234,19946,0,0
234,19947,0,0
234,19948,0,0
234,19949,0,0
234,19950,0,0
234,19951,0,0
234,19952,0,0
234,19953,0,0
234,19954,0,0
234,19955,0,0
234,19956,0,0
234,19957,0,0
234,19958,0,0
234,19959,0,0
234,19960,0,0
234,19961,0,0
234,19962,0,0
234,19963,0,0
234,19964,0,0
234,19965,0,0
234,19966,0,0
234,19967,0,0
234,19968,0,0
234,19969,0,0
234,19970,0,0
234,19971,0,0
234,19972,0,0
234,19973,0,0
234,19974,0,0
234,19975,0,0
234,19976,0,0
234,19977,0,0
234,19978,0,0
234,19979,0,0
234,19980,0,0
234,19981,0,0
234,19982,0,0
234,19983,0,0
234,19984,0,0
234,19985,0,0
234,19986,0,0
234,19987,0,0
234,19988,0,0
234,19989,0,0
234,19990,0,0
234,19991,0,0
234,19992,0,0
234,19993,0,0
234,19994,0,0
234,19995,0,0
234,19996,0,0
234,19997,0,0
234,19998,0,0
234,19999,0,0
234,20000,0,0
234,20001,0,0
234,20002,0,0
234,20003,0,0
234,20004,0,0
234,20005,0,0
234,20006,0,0
234,20007,0,0
234,20008,0,0
234,20009,0,0
234,20010,0,0
234,20011,0,0
234,20012,0,0
234,20013,0,0
234,20014,0,0
234,20015,0,0
234,20016,0,0
234,20017,0,0
234,20018,0,0
234,20019,0,0
234,20020,0,0
234,20021,0,0
234,20022,0,0
234,20023,0,0
234,20024,0,0
234,20025,0,0
234,20026,0,0
234,20027,0,0
234,20028,0,0
234,20029,0,0
234,20030,0,0
234,20031,0,0
234,20032,0,0
234,20033,0,0
234,20034,0,0
234,20035,0,0
234,20036,0,0
234,20037,0,0
234,20038,0,0
234,20039,0,0
234,20040,0,0
234,20041,0,0
234,20042,0,0
234,20043,0,0
234,20044,0,0
234,20045,0,0
234,20046,0,0
234,20047,0,0
234,20048,0,0
234,20049,0,0
234,20050,0,0
234,20051,0,0
234,20052,0,0
234,20053,0,0
234,20054,0,0
234,20055,0,0
234,20056,0,0
234,20057,0,0
234,20058,0,0
234,20059,0,0
234,20060,0,0
234,20061,0,0
234,20062,0,0
234,20063,0,0
234,20064,0,0
234,20065,0,0
234,20066,0,0
234,20067,0,0
234,20068,0,0
234,20069,0,0
234,20070,0,0
234,20071,0,0
234,20072,0,0
234,20073,0,0
234,20074,0,0
234,20075,0,0
234,20076,0,0
234,20077,0,0
234,20078,0,0
234,20079,0,0
234,20080,0,0
234,20081,0,0
234,20082,0,0
234,20083,0,0
234,20084,0,0
234,20085,0,0
234,20086,0,0
234,20087,0,0
234,20088,0,0
234,20089,0,0
234,20090,0,0
234,20091,0,0
234,20092,0,0
234,20093,0,0
234,20094,0,0
234,20095,0,0
234,20096,0,0
234,20097,0,0
234,20098,0,0
234,20099,0,0
234,20100,0,0
234,20101,0,0
234,20102,0,0
234,20103,0,0
234,20104,0,0
234,20105,0,0
234,20106,0,0
234,20107,0,0
234,20108,0,0
234,20109,0,0
234,20110,0,0
234,20111,0,0
234,20112,0,0
234,20113,0,0
234,20114,0,0
234,20115,0,0
234,20116,0,0
234,20117,0,0
234,20118,0,0
234,20119,0,0
234,20120,0,0
234,20121,0,0
234,20122,0,0
234,20123,0,0
234,20124,0,0
234,20125,0,0
234,20126,0,0
234,20127,0,0
234,20128,0,0
234,20129,0,0
234,20130,0,0
234,20131,0,0
234,20132,0,0
234,20133,0,0
234,20134,0,0
234,20135,0,0
